/*--------------------------------*- C++ -*----------------------------------*\
| =========                 |                                                 |
| \\      /  F ield         | OpenFOAM: The Open Source CFD Toolbox           |
|  \\    /   O peration     | Version:  2212                                  |
|   \\  /    A nd           | Website:  www.openfoam.com                      |
|    \\/     M anipulation  |                                                 |
\*---------------------------------------------------------------------------*/
FoamFile
{
    version     2.0;
    format      ascii;
    arch        "LSB;label=32;scalar=64";
    note        "nPoints:129042  nCells:64000  nFaces:256520  nInternalFaces:127480";
    class       labelList;
    location    "constant/polyMesh";
    object      neighbour;
}
// * * * * * * * * * * * * * * * * * * * * * * * * * * * * * * * * * * * * * //


127480
(
1
100
41900
2
101
41901
3
102
41902
4
103
41903
5
104
41904
6
105
41905
7
106
41906
8
107
41907
9
108
41908
10
109
41909
11
110
41910
12
111
41911
13
112
41912
14
113
41913
15
114
41914
16
115
41915
17
116
41916
18
117
41917
19
118
41918
20
119
41919
21
120
41920
22
121
41921
23
122
41922
24
123
41923
25
124
41924
26
125
41925
27
126
41926
28
127
41927
29
128
41928
30
129
41929
31
130
41930
32
131
41931
33
132
41932
34
133
41933
35
134
41934
36
135
41935
37
136
41936
38
137
41937
39
138
41938
40
139
41939
41
140
41940
42
141
41941
43
142
41942
44
143
41943
45
144
41944
46
145
41945
47
146
41946
48
147
41947
49
148
41948
50
149
41949
51
150
41950
52
151
41951
53
152
41952
54
153
41953
55
154
41954
56
155
41955
57
156
41956
58
157
41957
59
158
41958
60
159
41959
61
160
41960
62
161
41961
63
162
41962
64
163
41963
65
164
41964
66
165
41965
67
166
41966
68
167
41967
69
168
41968
70
169
41969
71
170
41970
72
171
41971
73
172
41972
74
173
41973
75
174
41974
76
175
41975
77
176
41976
78
177
41977
79
178
41978
80
179
41979
81
180
41980
82
181
41981
83
182
41982
84
183
41983
85
184
41984
86
185
41985
87
186
41986
88
187
41987
89
188
41988
90
189
41989
91
190
41990
92
191
41991
93
192
41992
94
193
41993
95
194
41994
96
195
41995
97
196
41996
98
197
41997
99
198
41998
199
10000
41999
101
200
102
201
103
202
104
203
105
204
106
205
107
206
108
207
109
208
110
209
111
210
112
211
113
212
114
213
115
214
116
215
117
216
118
217
119
218
120
219
121
220
122
221
123
222
124
223
125
224
126
225
127
226
128
227
129
228
130
229
131
230
132
231
133
232
134
233
135
234
136
235
137
236
138
237
139
238
140
239
141
240
142
241
143
242
144
243
145
244
146
245
147
246
148
247
149
248
150
249
151
250
152
251
153
252
154
253
155
254
156
255
157
256
158
257
159
258
160
259
161
260
162
261
163
262
164
263
165
264
166
265
167
266
168
267
169
268
170
269
171
270
172
271
173
272
174
273
175
274
176
275
177
276
178
277
179
278
180
279
181
280
182
281
183
282
184
283
185
284
186
285
187
286
188
287
189
288
190
289
191
290
192
291
193
292
194
293
195
294
196
295
197
296
198
297
199
298
299
10220
201
300
202
301
203
302
204
303
205
304
206
305
207
306
208
307
209
308
210
309
211
310
212
311
213
312
214
313
215
314
216
315
217
316
218
317
219
318
220
319
221
320
222
321
223
322
224
323
225
324
226
325
227
326
228
327
229
328
230
329
231
330
232
331
233
332
234
333
235
334
236
335
237
336
238
337
239
338
240
339
241
340
242
341
243
342
244
343
245
344
246
345
247
346
248
347
249
348
250
349
251
350
252
351
253
352
254
353
255
354
256
355
257
356
258
357
259
358
260
359
261
360
262
361
263
362
264
363
265
364
266
365
267
366
268
367
269
368
270
369
271
370
272
371
273
372
274
373
275
374
276
375
277
376
278
377
279
378
280
379
281
380
282
381
283
382
284
383
285
384
286
385
287
386
288
387
289
388
290
389
291
390
292
391
293
392
294
393
295
394
296
395
297
396
298
397
299
398
399
10440
301
400
302
401
303
402
304
403
305
404
306
405
307
406
308
407
309
408
310
409
311
410
312
411
313
412
314
413
315
414
316
415
317
416
318
417
319
418
320
419
321
420
322
421
323
422
324
423
325
424
326
425
327
426
328
427
329
428
330
429
331
430
332
431
333
432
334
433
335
434
336
435
337
436
338
437
339
438
340
439
341
440
342
441
343
442
344
443
345
444
346
445
347
446
348
447
349
448
350
449
351
450
352
451
353
452
354
453
355
454
356
455
357
456
358
457
359
458
360
459
361
460
362
461
363
462
364
463
365
464
366
465
367
466
368
467
369
468
370
469
371
470
372
471
373
472
374
473
375
474
376
475
377
476
378
477
379
478
380
479
381
480
382
481
383
482
384
483
385
484
386
485
387
486
388
487
389
488
390
489
391
490
392
491
393
492
394
493
395
494
396
495
397
496
398
497
399
498
499
10660
401
500
402
501
403
502
404
503
405
504
406
505
407
506
408
507
409
508
410
509
411
510
412
511
413
512
414
513
415
514
416
515
417
516
418
517
419
518
420
519
421
520
422
521
423
522
424
523
425
524
426
525
427
526
428
527
429
528
430
529
431
530
432
531
433
532
434
533
435
534
436
535
437
536
438
537
439
538
440
539
441
540
442
541
443
542
444
543
445
544
446
545
447
546
448
547
449
548
450
549
451
550
452
551
453
552
454
553
455
554
456
555
457
556
458
557
459
558
460
559
461
560
462
561
463
562
464
563
465
564
466
565
467
566
468
567
469
568
470
569
471
570
472
571
473
572
474
573
475
574
476
575
477
576
478
577
479
578
480
579
481
580
482
581
483
582
484
583
485
584
486
585
487
586
488
587
489
588
490
589
491
590
492
591
493
592
494
593
495
594
496
595
497
596
498
597
499
598
599
10880
501
600
502
601
503
602
504
603
505
604
506
605
507
606
508
607
509
608
510
609
511
610
512
611
513
612
514
613
515
614
516
615
517
616
518
617
519
618
520
619
521
620
522
621
523
622
524
623
525
624
526
625
527
626
528
627
529
628
530
629
531
630
532
631
533
632
534
633
535
634
536
635
537
636
538
637
539
638
540
639
541
640
542
641
543
642
544
643
545
644
546
645
547
646
548
647
549
648
550
649
551
650
552
651
553
652
554
653
555
654
556
655
557
656
558
657
559
658
560
659
561
660
562
661
563
662
564
663
565
664
566
665
567
666
568
667
569
668
570
669
571
670
572
671
573
672
574
673
575
674
576
675
577
676
578
677
579
678
580
679
581
680
582
681
583
682
584
683
585
684
586
685
587
686
588
687
589
688
590
689
591
690
592
691
593
692
594
693
595
694
596
695
597
696
598
697
599
698
699
11100
601
700
602
701
603
702
604
703
605
704
606
705
607
706
608
707
609
708
610
709
611
710
612
711
613
712
614
713
615
714
616
715
617
716
618
717
619
718
620
719
621
720
622
721
623
722
624
723
625
724
626
725
627
726
628
727
629
728
630
729
631
730
632
731
633
732
634
733
635
734
636
735
637
736
638
737
639
738
640
739
641
740
642
741
643
742
644
743
645
744
646
745
647
746
648
747
649
748
650
749
651
750
652
751
653
752
654
753
655
754
656
755
657
756
658
757
659
758
660
759
661
760
662
761
663
762
664
763
665
764
666
765
667
766
668
767
669
768
670
769
671
770
672
771
673
772
674
773
675
774
676
775
677
776
678
777
679
778
680
779
681
780
682
781
683
782
684
783
685
784
686
785
687
786
688
787
689
788
690
789
691
790
692
791
693
792
694
793
695
794
696
795
697
796
698
797
699
798
799
11320
701
800
702
801
703
802
704
803
705
804
706
805
707
806
708
807
709
808
710
809
711
810
712
811
713
812
714
813
715
814
716
815
717
816
718
817
719
818
720
819
721
820
722
821
723
822
724
823
725
824
726
825
727
826
728
827
729
828
730
829
731
830
732
831
733
832
734
833
735
834
736
835
737
836
738
837
739
838
740
839
741
840
742
841
743
842
744
843
745
844
746
845
747
846
748
847
749
848
750
849
751
850
752
851
753
852
754
853
755
854
756
855
757
856
758
857
759
858
760
859
761
860
762
861
763
862
764
863
765
864
766
865
767
866
768
867
769
868
770
869
771
870
772
871
773
872
774
873
775
874
776
875
777
876
778
877
779
878
780
879
781
880
782
881
783
882
784
883
785
884
786
885
787
886
788
887
789
888
790
889
791
890
792
891
793
892
794
893
795
894
796
895
797
896
798
897
799
898
899
11540
801
900
802
901
803
902
804
903
805
904
806
905
807
906
808
907
809
908
810
909
811
910
812
911
813
912
814
913
815
914
816
915
817
916
818
917
819
918
820
919
821
920
822
921
823
922
824
923
825
924
826
925
827
926
828
927
829
928
830
929
831
930
832
931
833
932
834
933
835
934
836
935
837
936
838
937
839
938
840
939
841
940
842
941
843
942
844
943
845
944
846
945
847
946
848
947
849
948
850
949
851
950
852
951
853
952
854
953
855
954
856
955
857
956
858
957
859
958
860
959
861
960
862
961
863
962
864
963
865
964
866
965
867
966
868
967
869
968
870
969
871
970
872
971
873
972
874
973
875
974
876
975
877
976
878
977
879
978
880
979
881
980
882
981
883
982
884
983
885
984
886
985
887
986
888
987
889
988
890
989
891
990
892
991
893
992
894
993
895
994
896
995
897
996
898
997
899
998
999
11760
901
1000
902
1001
903
1002
904
1003
905
1004
906
1005
907
1006
908
1007
909
1008
910
1009
911
1010
912
1011
913
1012
914
1013
915
1014
916
1015
917
1016
918
1017
919
1018
920
1019
921
1020
922
1021
923
1022
924
1023
925
1024
926
1025
927
1026
928
1027
929
1028
930
1029
931
1030
932
1031
933
1032
934
1033
935
1034
936
1035
937
1036
938
1037
939
1038
940
1039
941
1040
942
1041
943
1042
944
1043
945
1044
946
1045
947
1046
948
1047
949
1048
950
1049
951
1050
952
1051
953
1052
954
1053
955
1054
956
1055
957
1056
958
1057
959
1058
960
1059
961
1060
962
1061
963
1062
964
1063
965
1064
966
1065
967
1066
968
1067
969
1068
970
1069
971
1070
972
1071
973
1072
974
1073
975
1074
976
1075
977
1076
978
1077
979
1078
980
1079
981
1080
982
1081
983
1082
984
1083
985
1084
986
1085
987
1086
988
1087
989
1088
990
1089
991
1090
992
1091
993
1092
994
1093
995
1094
996
1095
997
1096
998
1097
999
1098
1099
11980
1001
1100
1002
1101
1003
1102
1004
1103
1005
1104
1006
1105
1007
1106
1008
1107
1009
1108
1010
1109
1011
1110
1012
1111
1013
1112
1014
1113
1015
1114
1016
1115
1017
1116
1018
1117
1019
1118
1020
1119
1021
1120
1022
1121
1023
1122
1024
1123
1025
1124
1026
1125
1027
1126
1028
1127
1029
1128
1030
1129
1031
1130
1032
1131
1033
1132
1034
1133
1035
1134
1036
1135
1037
1136
1038
1137
1039
1138
1040
1139
1041
1140
1042
1141
1043
1142
1044
1143
1045
1144
1046
1145
1047
1146
1048
1147
1049
1148
1050
1149
1051
1150
1052
1151
1053
1152
1054
1153
1055
1154
1056
1155
1057
1156
1058
1157
1059
1158
1060
1159
1061
1160
1062
1161
1063
1162
1064
1163
1065
1164
1066
1165
1067
1166
1068
1167
1069
1168
1070
1169
1071
1170
1072
1171
1073
1172
1074
1173
1075
1174
1076
1175
1077
1176
1078
1177
1079
1178
1080
1179
1081
1180
1082
1181
1083
1182
1084
1183
1085
1184
1086
1185
1087
1186
1088
1187
1089
1188
1090
1189
1091
1190
1092
1191
1093
1192
1094
1193
1095
1194
1096
1195
1097
1196
1098
1197
1099
1198
1199
12200
1101
1200
1102
1201
1103
1202
1104
1203
1105
1204
1106
1205
1107
1206
1108
1207
1109
1208
1110
1209
1111
1210
1112
1211
1113
1212
1114
1213
1115
1214
1116
1215
1117
1216
1118
1217
1119
1218
1120
1219
1121
1220
1122
1221
1123
1222
1124
1223
1125
1224
1126
1225
1127
1226
1128
1227
1129
1228
1130
1229
1131
1230
1132
1231
1133
1232
1134
1233
1135
1234
1136
1235
1137
1236
1138
1237
1139
1238
1140
1239
1141
1240
1142
1241
1143
1242
1144
1243
1145
1244
1146
1245
1147
1246
1148
1247
1149
1248
1150
1249
1151
1250
1152
1251
1153
1252
1154
1253
1155
1254
1156
1255
1157
1256
1158
1257
1159
1258
1160
1259
1161
1260
1162
1261
1163
1262
1164
1263
1165
1264
1166
1265
1167
1266
1168
1267
1169
1268
1170
1269
1171
1270
1172
1271
1173
1272
1174
1273
1175
1274
1176
1275
1177
1276
1178
1277
1179
1278
1180
1279
1181
1280
1182
1281
1183
1282
1184
1283
1185
1284
1186
1285
1187
1286
1188
1287
1189
1288
1190
1289
1191
1290
1192
1291
1193
1292
1194
1293
1195
1294
1196
1295
1197
1296
1198
1297
1199
1298
1299
12420
1201
1300
1202
1301
1203
1302
1204
1303
1205
1304
1206
1305
1207
1306
1208
1307
1209
1308
1210
1309
1211
1310
1212
1311
1213
1312
1214
1313
1215
1314
1216
1315
1217
1316
1218
1317
1219
1318
1220
1319
1221
1320
1222
1321
1223
1322
1224
1323
1225
1324
1226
1325
1227
1326
1228
1327
1229
1328
1230
1329
1231
1330
1232
1331
1233
1332
1234
1333
1235
1334
1236
1335
1237
1336
1238
1337
1239
1338
1240
1339
1241
1340
1242
1341
1243
1342
1244
1343
1245
1344
1246
1345
1247
1346
1248
1347
1249
1348
1250
1349
1251
1350
1252
1351
1253
1352
1254
1353
1255
1354
1256
1355
1257
1356
1258
1357
1259
1358
1260
1359
1261
1360
1262
1361
1263
1362
1264
1363
1265
1364
1266
1365
1267
1366
1268
1367
1269
1368
1270
1369
1271
1370
1272
1371
1273
1372
1274
1373
1275
1374
1276
1375
1277
1376
1278
1377
1279
1378
1280
1379
1281
1380
1282
1381
1283
1382
1284
1383
1285
1384
1286
1385
1287
1386
1288
1387
1289
1388
1290
1389
1291
1390
1292
1391
1293
1392
1294
1393
1295
1394
1296
1395
1297
1396
1298
1397
1299
1398
1399
12640
1301
1400
1302
1401
1303
1402
1304
1403
1305
1404
1306
1405
1307
1406
1308
1407
1309
1408
1310
1409
1311
1410
1312
1411
1313
1412
1314
1413
1315
1414
1316
1415
1317
1416
1318
1417
1319
1418
1320
1419
1321
1420
1322
1421
1323
1422
1324
1423
1325
1424
1326
1425
1327
1426
1328
1427
1329
1428
1330
1429
1331
1430
1332
1431
1333
1432
1334
1433
1335
1434
1336
1435
1337
1436
1338
1437
1339
1438
1340
1439
1341
1440
1342
1441
1343
1442
1344
1443
1345
1444
1346
1445
1347
1446
1348
1447
1349
1448
1350
1449
1351
1450
1352
1451
1353
1452
1354
1453
1355
1454
1356
1455
1357
1456
1358
1457
1359
1458
1360
1459
1361
1460
1362
1461
1363
1462
1364
1463
1365
1464
1366
1465
1367
1466
1368
1467
1369
1468
1370
1469
1371
1470
1372
1471
1373
1472
1374
1473
1375
1474
1376
1475
1377
1476
1378
1477
1379
1478
1380
1479
1381
1480
1382
1481
1383
1482
1384
1483
1385
1484
1386
1485
1387
1486
1388
1487
1389
1488
1390
1489
1391
1490
1392
1491
1393
1492
1394
1493
1395
1494
1396
1495
1397
1496
1398
1497
1399
1498
1499
12860
1401
1500
1402
1501
1403
1502
1404
1503
1405
1504
1406
1505
1407
1506
1408
1507
1409
1508
1410
1509
1411
1510
1412
1511
1413
1512
1414
1513
1415
1514
1416
1515
1417
1516
1418
1517
1419
1518
1420
1519
1421
1520
1422
1521
1423
1522
1424
1523
1425
1524
1426
1525
1427
1526
1428
1527
1429
1528
1430
1529
1431
1530
1432
1531
1433
1532
1434
1533
1435
1534
1436
1535
1437
1536
1438
1537
1439
1538
1440
1539
1441
1540
1442
1541
1443
1542
1444
1543
1445
1544
1446
1545
1447
1546
1448
1547
1449
1548
1450
1549
1451
1550
1452
1551
1453
1552
1454
1553
1455
1554
1456
1555
1457
1556
1458
1557
1459
1558
1460
1559
1461
1560
1462
1561
1463
1562
1464
1563
1465
1564
1466
1565
1467
1566
1468
1567
1469
1568
1470
1569
1471
1570
1472
1571
1473
1572
1474
1573
1475
1574
1476
1575
1477
1576
1478
1577
1479
1578
1480
1579
1481
1580
1482
1581
1483
1582
1484
1583
1485
1584
1486
1585
1487
1586
1488
1587
1489
1588
1490
1589
1491
1590
1492
1591
1493
1592
1494
1593
1495
1594
1496
1595
1497
1596
1498
1597
1499
1598
1599
13080
1501
1600
1502
1601
1503
1602
1504
1603
1505
1604
1506
1605
1507
1606
1508
1607
1509
1608
1510
1609
1511
1610
1512
1611
1513
1612
1514
1613
1515
1614
1516
1615
1517
1616
1518
1617
1519
1618
1520
1619
1521
1620
1522
1621
1523
1622
1524
1623
1525
1624
1526
1625
1527
1626
1528
1627
1529
1628
1530
1629
1531
1630
1532
1631
1533
1632
1534
1633
1535
1634
1536
1635
1537
1636
1538
1637
1539
1638
1540
1639
1541
1640
1542
1641
1543
1642
1544
1643
1545
1644
1546
1645
1547
1646
1548
1647
1549
1648
1550
1649
1551
1650
1552
1651
1553
1652
1554
1653
1555
1654
1556
1655
1557
1656
1558
1657
1559
1658
1560
1659
1561
1660
1562
1661
1563
1662
1564
1663
1565
1664
1566
1665
1567
1666
1568
1667
1569
1668
1570
1669
1571
1670
1572
1671
1573
1672
1574
1673
1575
1674
1576
1675
1577
1676
1578
1677
1579
1678
1580
1679
1581
1680
1582
1681
1583
1682
1584
1683
1585
1684
1586
1685
1587
1686
1588
1687
1589
1688
1590
1689
1591
1690
1592
1691
1593
1692
1594
1693
1595
1694
1596
1695
1597
1696
1598
1697
1599
1698
1699
13300
1601
1700
1602
1701
1603
1702
1604
1703
1605
1704
1606
1705
1607
1706
1608
1707
1609
1708
1610
1709
1611
1710
1612
1711
1613
1712
1614
1713
1615
1714
1616
1715
1617
1716
1618
1717
1619
1718
1620
1719
1621
1720
1622
1721
1623
1722
1624
1723
1625
1724
1626
1725
1627
1726
1628
1727
1629
1728
1630
1729
1631
1730
1632
1731
1633
1732
1634
1733
1635
1734
1636
1735
1637
1736
1638
1737
1639
1738
1640
1739
1641
1740
1642
1741
1643
1742
1644
1743
1645
1744
1646
1745
1647
1746
1648
1747
1649
1748
1650
1749
1651
1750
1652
1751
1653
1752
1654
1753
1655
1754
1656
1755
1657
1756
1658
1757
1659
1758
1660
1759
1661
1760
1662
1761
1663
1762
1664
1763
1665
1764
1666
1765
1667
1766
1668
1767
1669
1768
1670
1769
1671
1770
1672
1771
1673
1772
1674
1773
1675
1774
1676
1775
1677
1776
1678
1777
1679
1778
1680
1779
1681
1780
1682
1781
1683
1782
1684
1783
1685
1784
1686
1785
1687
1786
1688
1787
1689
1788
1690
1789
1691
1790
1692
1791
1693
1792
1694
1793
1695
1794
1696
1795
1697
1796
1698
1797
1699
1798
1799
13520
1701
1800
1702
1801
1703
1802
1704
1803
1705
1804
1706
1805
1707
1806
1708
1807
1709
1808
1710
1809
1711
1810
1712
1811
1713
1812
1714
1813
1715
1814
1716
1815
1717
1816
1718
1817
1719
1818
1720
1819
1721
1820
1722
1821
1723
1822
1724
1823
1725
1824
1726
1825
1727
1826
1728
1827
1729
1828
1730
1829
1731
1830
1732
1831
1733
1832
1734
1833
1735
1834
1736
1835
1737
1836
1738
1837
1739
1838
1740
1839
1741
1840
1742
1841
1743
1842
1744
1843
1745
1844
1746
1845
1747
1846
1748
1847
1749
1848
1750
1849
1751
1850
1752
1851
1753
1852
1754
1853
1755
1854
1756
1855
1757
1856
1758
1857
1759
1858
1760
1859
1761
1860
1762
1861
1763
1862
1764
1863
1765
1864
1766
1865
1767
1866
1768
1867
1769
1868
1770
1869
1771
1870
1772
1871
1773
1872
1774
1873
1775
1874
1776
1875
1777
1876
1778
1877
1779
1878
1780
1879
1781
1880
1782
1881
1783
1882
1784
1883
1785
1884
1786
1885
1787
1886
1788
1887
1789
1888
1790
1889
1791
1890
1792
1891
1793
1892
1794
1893
1795
1894
1796
1895
1797
1896
1798
1897
1799
1898
1899
13740
1801
1900
1802
1901
1803
1902
1804
1903
1805
1904
1806
1905
1807
1906
1808
1907
1809
1908
1810
1909
1811
1910
1812
1911
1813
1912
1814
1913
1815
1914
1816
1915
1817
1916
1818
1917
1819
1918
1820
1919
1821
1920
1822
1921
1823
1922
1824
1923
1825
1924
1826
1925
1827
1926
1828
1927
1829
1928
1830
1929
1831
1930
1832
1931
1833
1932
1834
1933
1835
1934
1836
1935
1837
1936
1838
1937
1839
1938
1840
1939
1841
1940
1842
1941
1843
1942
1844
1943
1845
1944
1846
1945
1847
1946
1848
1947
1849
1948
1850
1949
1851
1950
1852
1951
1853
1952
1854
1953
1855
1954
1856
1955
1857
1956
1858
1957
1859
1958
1860
1959
1861
1960
1862
1961
1863
1962
1864
1963
1865
1964
1866
1965
1867
1966
1868
1967
1869
1968
1870
1969
1871
1970
1872
1971
1873
1972
1874
1973
1875
1974
1876
1975
1877
1976
1878
1977
1879
1978
1880
1979
1881
1980
1882
1981
1883
1982
1884
1983
1885
1984
1886
1985
1887
1986
1888
1987
1889
1988
1890
1989
1891
1990
1892
1991
1893
1992
1894
1993
1895
1994
1896
1995
1897
1996
1898
1997
1899
1998
1999
13960
1901
2000
1902
2001
1903
2002
1904
2003
1905
2004
1906
2005
1907
2006
1908
2007
1909
2008
1910
2009
1911
2010
1912
2011
1913
2012
1914
2013
1915
2014
1916
2015
1917
2016
1918
2017
1919
2018
1920
2019
1921
2020
1922
2021
1923
2022
1924
2023
1925
2024
1926
2025
1927
2026
1928
2027
1929
2028
1930
2029
1931
2030
1932
2031
1933
2032
1934
2033
1935
2034
1936
2035
1937
2036
1938
2037
1939
2038
1940
2039
1941
2040
1942
2041
1943
2042
1944
2043
1945
2044
1946
2045
1947
2046
1948
2047
1949
2048
1950
2049
1951
2050
1952
2051
1953
2052
1954
2053
1955
2054
1956
2055
1957
2056
1958
2057
1959
2058
1960
2059
1961
2060
1962
2061
1963
2062
1964
2063
1965
2064
1966
2065
1967
2066
1968
2067
1969
2068
1970
2069
1971
2070
1972
2071
1973
2072
1974
2073
1975
2074
1976
2075
1977
2076
1978
2077
1979
2078
1980
2079
1981
2080
1982
2081
1983
2082
1984
2083
1985
2084
1986
2085
1987
2086
1988
2087
1989
2088
1990
2089
1991
2090
1992
2091
1993
2092
1994
2093
1995
2094
1996
2095
1997
2096
1998
2097
1999
2098
2099
14180
2001
2100
2002
2101
2003
2102
2004
2103
2005
2104
2006
2105
2007
2106
2008
2107
2009
2108
2010
2109
2011
2110
2012
2111
2013
2112
2014
2113
2015
2114
2016
2115
2017
2116
2018
2117
2019
2118
2020
2119
2021
2120
2022
2121
2023
2122
2024
2123
2025
2124
2026
2125
2027
2126
2028
2127
2029
2128
2030
2129
2031
2130
2032
2131
2033
2132
2034
2133
2035
2134
2036
2135
2037
2136
2038
2137
2039
2138
2040
2139
2041
2140
2042
2141
2043
2142
2044
2143
2045
2144
2046
2145
2047
2146
2048
2147
2049
2148
2050
2149
2051
2150
2052
2151
2053
2152
2054
2153
2055
2154
2056
2155
2057
2156
2058
2157
2059
2158
2060
2159
2061
2160
2062
2161
2063
2162
2064
2163
2065
2164
2066
2165
2067
2166
2068
2167
2069
2168
2070
2169
2071
2170
2072
2171
2073
2172
2074
2173
2075
2174
2076
2175
2077
2176
2078
2177
2079
2178
2080
2179
2081
2180
2082
2181
2083
2182
2084
2183
2085
2184
2086
2185
2087
2186
2088
2187
2089
2188
2090
2189
2091
2190
2092
2191
2093
2192
2094
2193
2095
2194
2096
2195
2097
2196
2098
2197
2099
2198
2199
14400
2101
2200
2102
2201
2103
2202
2104
2203
2105
2204
2106
2205
2107
2206
2108
2207
2109
2208
2110
2209
2111
2210
2112
2211
2113
2212
2114
2213
2115
2214
2116
2215
2117
2216
2118
2217
2119
2218
2120
2219
2121
2220
2122
2221
2123
2222
2124
2223
2125
2224
2126
2225
2127
2226
2128
2227
2129
2228
2130
2229
2131
2230
2132
2231
2133
2232
2134
2233
2135
2234
2136
2235
2137
2236
2138
2237
2139
2238
2140
2239
2141
2240
2142
2241
2143
2242
2144
2243
2145
2244
2146
2245
2147
2246
2148
2247
2149
2248
2150
2249
2151
2250
2152
2251
2153
2252
2154
2253
2155
2254
2156
2255
2157
2256
2158
2257
2159
2258
2160
2259
2161
2260
2162
2261
2163
2262
2164
2263
2165
2264
2166
2265
2167
2266
2168
2267
2169
2268
2170
2269
2171
2270
2172
2271
2173
2272
2174
2273
2175
2274
2176
2275
2177
2276
2178
2277
2179
2278
2180
2279
2181
2280
2182
2281
2183
2282
2184
2283
2185
2284
2186
2285
2187
2286
2188
2287
2189
2288
2190
2289
2191
2290
2192
2291
2193
2292
2194
2293
2195
2294
2196
2295
2197
2296
2198
2297
2199
2298
2299
14620
2201
2300
2202
2301
2203
2302
2204
2303
2205
2304
2206
2305
2207
2306
2208
2307
2209
2308
2210
2309
2211
2310
2212
2311
2213
2312
2214
2313
2215
2314
2216
2315
2217
2316
2218
2317
2219
2318
2220
2319
2221
2320
2222
2321
2223
2322
2224
2323
2225
2324
2226
2325
2227
2326
2228
2327
2229
2328
2230
2329
2231
2330
2232
2331
2233
2332
2234
2333
2235
2334
2236
2335
2237
2336
2238
2337
2239
2338
2240
2339
2241
2340
2242
2341
2243
2342
2244
2343
2245
2344
2246
2345
2247
2346
2248
2347
2249
2348
2250
2349
2251
2350
2252
2351
2253
2352
2254
2353
2255
2354
2256
2355
2257
2356
2258
2357
2259
2358
2260
2359
2261
2360
2262
2361
2263
2362
2264
2363
2265
2364
2266
2365
2267
2366
2268
2367
2269
2368
2270
2369
2271
2370
2272
2371
2273
2372
2274
2373
2275
2374
2276
2375
2277
2376
2278
2377
2279
2378
2280
2379
2281
2380
2282
2381
2283
2382
2284
2383
2285
2384
2286
2385
2287
2386
2288
2387
2289
2388
2290
2389
2291
2390
2292
2391
2293
2392
2294
2393
2295
2394
2296
2395
2297
2396
2298
2397
2299
2398
2399
14840
2301
2400
2302
2401
2303
2402
2304
2403
2305
2404
2306
2405
2307
2406
2308
2407
2309
2408
2310
2409
2311
2410
2312
2411
2313
2412
2314
2413
2315
2414
2316
2415
2317
2416
2318
2417
2319
2418
2320
2419
2321
2420
2322
2421
2323
2422
2324
2423
2325
2424
2326
2425
2327
2426
2328
2427
2329
2428
2330
2429
2331
2430
2332
2431
2333
2432
2334
2433
2335
2434
2336
2435
2337
2436
2338
2437
2339
2438
2340
2439
2341
2440
2342
2441
2343
2442
2344
2443
2345
2444
2346
2445
2347
2446
2348
2447
2349
2448
2350
2449
2351
2450
2352
2451
2353
2452
2354
2453
2355
2454
2356
2455
2357
2456
2358
2457
2359
2458
2360
2459
2361
2460
2362
2461
2363
2462
2364
2463
2365
2464
2366
2465
2367
2466
2368
2467
2369
2468
2370
2469
2371
2470
2372
2471
2373
2472
2374
2473
2375
2474
2376
2475
2377
2476
2378
2477
2379
2478
2380
2479
2381
2480
2382
2481
2383
2482
2384
2483
2385
2484
2386
2485
2387
2486
2388
2487
2389
2488
2390
2489
2391
2490
2392
2491
2393
2492
2394
2493
2395
2494
2396
2495
2397
2496
2398
2497
2399
2498
2499
15060
2401
2500
2402
2501
2403
2502
2404
2503
2405
2504
2406
2505
2407
2506
2408
2507
2409
2508
2410
2509
2411
2510
2412
2511
2413
2512
2414
2513
2415
2514
2416
2515
2417
2516
2418
2517
2419
2518
2420
2519
2421
2520
2422
2521
2423
2522
2424
2523
2425
2524
2426
2525
2427
2526
2428
2527
2429
2528
2430
2529
2431
2530
2432
2531
2433
2532
2434
2533
2435
2534
2436
2535
2437
2536
2438
2537
2439
2538
2440
2539
2441
2540
2442
2541
2443
2542
2444
2543
2445
2544
2446
2545
2447
2546
2448
2547
2449
2548
2450
2549
2451
2550
2452
2551
2453
2552
2454
2553
2455
2554
2456
2555
2457
2556
2458
2557
2459
2558
2460
2559
2461
2560
2462
2561
2463
2562
2464
2563
2465
2564
2466
2565
2467
2566
2468
2567
2469
2568
2470
2569
2471
2570
2472
2571
2473
2572
2474
2573
2475
2574
2476
2575
2477
2576
2478
2577
2479
2578
2480
2579
2481
2580
2482
2581
2483
2582
2484
2583
2485
2584
2486
2585
2487
2586
2488
2587
2489
2588
2490
2589
2491
2590
2492
2591
2493
2592
2494
2593
2495
2594
2496
2595
2497
2596
2498
2597
2499
2598
2599
15280
2501
2600
2502
2601
2503
2602
2504
2603
2505
2604
2506
2605
2507
2606
2508
2607
2509
2608
2510
2609
2511
2610
2512
2611
2513
2612
2514
2613
2515
2614
2516
2615
2517
2616
2518
2617
2519
2618
2520
2619
2521
2620
2522
2621
2523
2622
2524
2623
2525
2624
2526
2625
2527
2626
2528
2627
2529
2628
2530
2629
2531
2630
2532
2631
2533
2632
2534
2633
2535
2634
2536
2635
2537
2636
2538
2637
2539
2638
2540
2639
2541
2640
2542
2641
2543
2642
2544
2643
2545
2644
2546
2645
2547
2646
2548
2647
2549
2648
2550
2649
2551
2650
2552
2651
2553
2652
2554
2653
2555
2654
2556
2655
2557
2656
2558
2657
2559
2658
2560
2659
2561
2660
2562
2661
2563
2662
2564
2663
2565
2664
2566
2665
2567
2666
2568
2667
2569
2668
2570
2669
2571
2670
2572
2671
2573
2672
2574
2673
2575
2674
2576
2675
2577
2676
2578
2677
2579
2678
2580
2679
2581
2680
2582
2681
2583
2682
2584
2683
2585
2684
2586
2685
2587
2686
2588
2687
2589
2688
2590
2689
2591
2690
2592
2691
2593
2692
2594
2693
2595
2694
2596
2695
2597
2696
2598
2697
2599
2698
2699
15500
2601
2700
2602
2701
2603
2702
2604
2703
2605
2704
2606
2705
2607
2706
2608
2707
2609
2708
2610
2709
2611
2710
2612
2711
2613
2712
2614
2713
2615
2714
2616
2715
2617
2716
2618
2717
2619
2718
2620
2719
2621
2720
2622
2721
2623
2722
2624
2723
2625
2724
2626
2725
2627
2726
2628
2727
2629
2728
2630
2729
2631
2730
2632
2731
2633
2732
2634
2733
2635
2734
2636
2735
2637
2736
2638
2737
2639
2738
2640
2739
2641
2740
2642
2741
2643
2742
2644
2743
2645
2744
2646
2745
2647
2746
2648
2747
2649
2748
2650
2749
2651
2750
2652
2751
2653
2752
2654
2753
2655
2754
2656
2755
2657
2756
2658
2757
2659
2758
2660
2759
2661
2760
2662
2761
2663
2762
2664
2763
2665
2764
2666
2765
2667
2766
2668
2767
2669
2768
2670
2769
2671
2770
2672
2771
2673
2772
2674
2773
2675
2774
2676
2775
2677
2776
2678
2777
2679
2778
2680
2779
2681
2780
2682
2781
2683
2782
2684
2783
2685
2784
2686
2785
2687
2786
2688
2787
2689
2788
2690
2789
2691
2790
2692
2791
2693
2792
2694
2793
2695
2794
2696
2795
2697
2796
2698
2797
2699
2798
2799
15720
2701
2800
2702
2801
2703
2802
2704
2803
2705
2804
2706
2805
2707
2806
2708
2807
2709
2808
2710
2809
2711
2810
2712
2811
2713
2812
2714
2813
2715
2814
2716
2815
2717
2816
2718
2817
2719
2818
2720
2819
2721
2820
2722
2821
2723
2822
2724
2823
2725
2824
2726
2825
2727
2826
2728
2827
2729
2828
2730
2829
2731
2830
2732
2831
2733
2832
2734
2833
2735
2834
2736
2835
2737
2836
2738
2837
2739
2838
2740
2839
2741
2840
2742
2841
2743
2842
2744
2843
2745
2844
2746
2845
2747
2846
2748
2847
2749
2848
2750
2849
2751
2850
2752
2851
2753
2852
2754
2853
2755
2854
2756
2855
2757
2856
2758
2857
2759
2858
2760
2859
2761
2860
2762
2861
2763
2862
2764
2863
2765
2864
2766
2865
2767
2866
2768
2867
2769
2868
2770
2869
2771
2870
2772
2871
2773
2872
2774
2873
2775
2874
2776
2875
2777
2876
2778
2877
2779
2878
2780
2879
2781
2880
2782
2881
2783
2882
2784
2883
2785
2884
2786
2885
2787
2886
2788
2887
2789
2888
2790
2889
2791
2890
2792
2891
2793
2892
2794
2893
2795
2894
2796
2895
2797
2896
2798
2897
2799
2898
2899
15940
2801
2900
2802
2901
2803
2902
2804
2903
2805
2904
2806
2905
2807
2906
2808
2907
2809
2908
2810
2909
2811
2910
2812
2911
2813
2912
2814
2913
2815
2914
2816
2915
2817
2916
2818
2917
2819
2918
2820
2919
2821
2920
2822
2921
2823
2922
2824
2923
2825
2924
2826
2925
2827
2926
2828
2927
2829
2928
2830
2929
2831
2930
2832
2931
2833
2932
2834
2933
2835
2934
2836
2935
2837
2936
2838
2937
2839
2938
2840
2939
2841
2940
2842
2941
2843
2942
2844
2943
2845
2944
2846
2945
2847
2946
2848
2947
2849
2948
2850
2949
2851
2950
2852
2951
2853
2952
2854
2953
2855
2954
2856
2955
2857
2956
2858
2957
2859
2958
2860
2959
2861
2960
2862
2961
2863
2962
2864
2963
2865
2964
2866
2965
2867
2966
2868
2967
2869
2968
2870
2969
2871
2970
2872
2971
2873
2972
2874
2973
2875
2974
2876
2975
2877
2976
2878
2977
2879
2978
2880
2979
2881
2980
2882
2981
2883
2982
2884
2983
2885
2984
2886
2985
2887
2986
2888
2987
2889
2988
2890
2989
2891
2990
2892
2991
2893
2992
2894
2993
2895
2994
2896
2995
2897
2996
2898
2997
2899
2998
2999
16160
2901
3000
2902
3001
2903
3002
2904
3003
2905
3004
2906
3005
2907
3006
2908
3007
2909
3008
2910
3009
2911
3010
2912
3011
2913
3012
2914
3013
2915
3014
2916
3015
2917
3016
2918
3017
2919
3018
2920
3019
2921
3020
2922
3021
2923
3022
2924
3023
2925
3024
2926
3025
2927
3026
2928
3027
2929
3028
2930
3029
2931
3030
2932
3031
2933
3032
2934
3033
2935
3034
2936
3035
2937
3036
2938
3037
2939
3038
2940
3039
2941
3040
2942
3041
2943
3042
2944
3043
2945
3044
2946
3045
2947
3046
2948
3047
2949
3048
2950
3049
2951
3050
2952
3051
2953
3052
2954
3053
2955
3054
2956
3055
2957
3056
2958
3057
2959
3058
2960
3059
2961
3060
2962
3061
2963
3062
2964
3063
2965
3064
2966
3065
2967
3066
2968
3067
2969
3068
2970
3069
2971
3070
2972
3071
2973
3072
2974
3073
2975
3074
2976
3075
2977
3076
2978
3077
2979
3078
2980
3079
2981
3080
2982
3081
2983
3082
2984
3083
2985
3084
2986
3085
2987
3086
2988
3087
2989
3088
2990
3089
2991
3090
2992
3091
2993
3092
2994
3093
2995
3094
2996
3095
2997
3096
2998
3097
2999
3098
3099
16380
3001
3100
3002
3101
3003
3102
3004
3103
3005
3104
3006
3105
3007
3106
3008
3107
3009
3108
3010
3109
3011
3110
3012
3111
3013
3112
3014
3113
3015
3114
3016
3115
3017
3116
3018
3117
3019
3118
3020
3119
3021
3120
3022
3121
3023
3122
3024
3123
3025
3124
3026
3125
3027
3126
3028
3127
3029
3128
3030
3129
3031
3130
3032
3131
3033
3132
3034
3133
3035
3134
3036
3135
3037
3136
3038
3137
3039
3138
3040
3139
3041
3140
3042
3141
3043
3142
3044
3143
3045
3144
3046
3145
3047
3146
3048
3147
3049
3148
3050
3149
3051
3150
3052
3151
3053
3152
3054
3153
3055
3154
3056
3155
3057
3156
3058
3157
3059
3158
3060
3159
3061
3160
3062
3161
3063
3162
3064
3163
3065
3164
3066
3165
3067
3166
3068
3167
3069
3168
3070
3169
3071
3170
3072
3171
3073
3172
3074
3173
3075
3174
3076
3175
3077
3176
3078
3177
3079
3178
3080
3179
3081
3180
3082
3181
3083
3182
3084
3183
3085
3184
3086
3185
3087
3186
3088
3187
3089
3188
3090
3189
3091
3190
3092
3191
3093
3192
3094
3193
3095
3194
3096
3195
3097
3196
3098
3197
3099
3198
3199
16600
3101
3200
3102
3201
3103
3202
3104
3203
3105
3204
3106
3205
3107
3206
3108
3207
3109
3208
3110
3209
3111
3210
3112
3211
3113
3212
3114
3213
3115
3214
3116
3215
3117
3216
3118
3217
3119
3218
3120
3219
3121
3220
3122
3221
3123
3222
3124
3223
3125
3224
3126
3225
3127
3226
3128
3227
3129
3228
3130
3229
3131
3230
3132
3231
3133
3232
3134
3233
3135
3234
3136
3235
3137
3236
3138
3237
3139
3238
3140
3239
3141
3240
3142
3241
3143
3242
3144
3243
3145
3244
3146
3245
3147
3246
3148
3247
3149
3248
3150
3249
3151
3250
3152
3251
3153
3252
3154
3253
3155
3254
3156
3255
3157
3256
3158
3257
3159
3258
3160
3259
3161
3260
3162
3261
3163
3262
3164
3263
3165
3264
3166
3265
3167
3266
3168
3267
3169
3268
3170
3269
3171
3270
3172
3271
3173
3272
3174
3273
3175
3274
3176
3275
3177
3276
3178
3277
3179
3278
3180
3279
3181
3280
3182
3281
3183
3282
3184
3283
3185
3284
3186
3285
3187
3286
3188
3287
3189
3288
3190
3289
3191
3290
3192
3291
3193
3292
3194
3293
3195
3294
3196
3295
3197
3296
3198
3297
3199
3298
3299
16820
3201
3300
3202
3301
3203
3302
3204
3303
3205
3304
3206
3305
3207
3306
3208
3307
3209
3308
3210
3309
3211
3310
3212
3311
3213
3312
3214
3313
3215
3314
3216
3315
3217
3316
3218
3317
3219
3318
3220
3319
3221
3320
3222
3321
3223
3322
3224
3323
3225
3324
3226
3325
3227
3326
3228
3327
3229
3328
3230
3329
3231
3330
3232
3331
3233
3332
3234
3333
3235
3334
3236
3335
3237
3336
3238
3337
3239
3338
3240
3339
3241
3340
3242
3341
3243
3342
3244
3343
3245
3344
3246
3345
3247
3346
3248
3347
3249
3348
3250
3349
3251
3350
3252
3351
3253
3352
3254
3353
3255
3354
3256
3355
3257
3356
3258
3357
3259
3358
3260
3359
3261
3360
3262
3361
3263
3362
3264
3363
3265
3364
3266
3365
3267
3366
3268
3367
3269
3368
3270
3369
3271
3370
3272
3371
3273
3372
3274
3373
3275
3374
3276
3375
3277
3376
3278
3377
3279
3378
3280
3379
3281
3380
3282
3381
3283
3382
3284
3383
3285
3384
3286
3385
3287
3386
3288
3387
3289
3388
3290
3389
3291
3390
3292
3391
3293
3392
3294
3393
3295
3394
3296
3395
3297
3396
3298
3397
3299
3398
3399
17040
3301
3400
3302
3401
3303
3402
3304
3403
3305
3404
3306
3405
3307
3406
3308
3407
3309
3408
3310
3409
3311
3410
3312
3411
3313
3412
3314
3413
3315
3414
3316
3415
3317
3416
3318
3417
3319
3418
3320
3419
3321
3420
3322
3421
3323
3422
3324
3423
3325
3424
3326
3425
3327
3426
3328
3427
3329
3428
3330
3429
3331
3430
3332
3431
3333
3432
3334
3433
3335
3434
3336
3435
3337
3436
3338
3437
3339
3438
3340
3439
3341
3440
3342
3441
3343
3442
3344
3443
3345
3444
3346
3445
3347
3446
3348
3447
3349
3448
3350
3449
3351
3450
3352
3451
3353
3452
3354
3453
3355
3454
3356
3455
3357
3456
3358
3457
3359
3458
3360
3459
3361
3460
3362
3461
3363
3462
3364
3463
3365
3464
3366
3465
3367
3466
3368
3467
3369
3468
3370
3469
3371
3470
3372
3471
3373
3472
3374
3473
3375
3474
3376
3475
3377
3476
3378
3477
3379
3478
3380
3479
3381
3480
3382
3481
3383
3482
3384
3483
3385
3484
3386
3485
3387
3486
3388
3487
3389
3488
3390
3489
3391
3490
3392
3491
3393
3492
3394
3493
3395
3494
3396
3495
3397
3496
3398
3497
3399
3498
3499
17260
3401
3500
3402
3501
3403
3502
3404
3503
3405
3504
3406
3505
3407
3506
3408
3507
3409
3508
3410
3509
3411
3510
3412
3511
3413
3512
3414
3513
3415
3514
3416
3515
3417
3516
3418
3517
3419
3518
3420
3519
3421
3520
3422
3521
3423
3522
3424
3523
3425
3524
3426
3525
3427
3526
3428
3527
3429
3528
3430
3529
3431
3530
3432
3531
3433
3532
3434
3533
3435
3534
3436
3535
3437
3536
3438
3537
3439
3538
3440
3539
3441
3540
3442
3541
3443
3542
3444
3543
3445
3544
3446
3545
3447
3546
3448
3547
3449
3548
3450
3549
3451
3550
3452
3551
3453
3552
3454
3553
3455
3554
3456
3555
3457
3556
3458
3557
3459
3558
3460
3559
3461
3560
3462
3561
3463
3562
3464
3563
3465
3564
3466
3565
3467
3566
3468
3567
3469
3568
3470
3569
3471
3570
3472
3571
3473
3572
3474
3573
3475
3574
3476
3575
3477
3576
3478
3577
3479
3578
3480
3579
3481
3580
3482
3581
3483
3582
3484
3583
3485
3584
3486
3585
3487
3586
3488
3587
3489
3588
3490
3589
3491
3590
3492
3591
3493
3592
3494
3593
3495
3594
3496
3595
3497
3596
3498
3597
3499
3598
3599
17480
3501
3600
3502
3601
3503
3602
3504
3603
3505
3604
3506
3605
3507
3606
3508
3607
3509
3608
3510
3609
3511
3610
3512
3611
3513
3612
3514
3613
3515
3614
3516
3615
3517
3616
3518
3617
3519
3618
3520
3619
3521
3620
3522
3621
3523
3622
3524
3623
3525
3624
3526
3625
3527
3626
3528
3627
3529
3628
3530
3629
3531
3630
3532
3631
3533
3632
3534
3633
3535
3634
3536
3635
3537
3636
3538
3637
3539
3638
3540
3639
3541
3640
3542
3641
3543
3642
3544
3643
3545
3644
3546
3645
3547
3646
3548
3647
3549
3648
3550
3649
3551
3650
3552
3651
3553
3652
3554
3653
3555
3654
3556
3655
3557
3656
3558
3657
3559
3658
3560
3659
3561
3660
3562
3661
3563
3662
3564
3663
3565
3664
3566
3665
3567
3666
3568
3667
3569
3668
3570
3669
3571
3670
3572
3671
3573
3672
3574
3673
3575
3674
3576
3675
3577
3676
3578
3677
3579
3678
3580
3679
3581
3680
3582
3681
3583
3682
3584
3683
3585
3684
3586
3685
3587
3686
3588
3687
3589
3688
3590
3689
3591
3690
3592
3691
3593
3692
3594
3693
3595
3694
3596
3695
3597
3696
3598
3697
3599
3698
3699
17700
3601
3700
3602
3701
3603
3702
3604
3703
3605
3704
3606
3705
3607
3706
3608
3707
3609
3708
3610
3709
3611
3710
3612
3711
3613
3712
3614
3713
3615
3714
3616
3715
3617
3716
3618
3717
3619
3718
3620
3719
3621
3720
3622
3721
3623
3722
3624
3723
3625
3724
3626
3725
3627
3726
3628
3727
3629
3728
3630
3729
3631
3730
3632
3731
3633
3732
3634
3733
3635
3734
3636
3735
3637
3736
3638
3737
3639
3738
3640
3739
3641
3740
3642
3741
3643
3742
3644
3743
3645
3744
3646
3745
3647
3746
3648
3747
3649
3748
3650
3749
3651
3750
3652
3751
3653
3752
3654
3753
3655
3754
3656
3755
3657
3756
3658
3757
3659
3758
3660
3759
3661
3760
3662
3761
3663
3762
3664
3763
3665
3764
3666
3765
3667
3766
3668
3767
3669
3768
3670
3769
3671
3770
3672
3771
3673
3772
3674
3773
3675
3774
3676
3775
3677
3776
3678
3777
3679
3778
3680
3779
3681
3780
3682
3781
3683
3782
3684
3783
3685
3784
3686
3785
3687
3786
3688
3787
3689
3788
3690
3789
3691
3790
3692
3791
3693
3792
3694
3793
3695
3794
3696
3795
3697
3796
3698
3797
3699
3798
3799
17920
3701
3800
3702
3801
3703
3802
3704
3803
3705
3804
3706
3805
3707
3806
3708
3807
3709
3808
3710
3809
3711
3810
3712
3811
3713
3812
3714
3813
3715
3814
3716
3815
3717
3816
3718
3817
3719
3818
3720
3819
3721
3820
3722
3821
3723
3822
3724
3823
3725
3824
3726
3825
3727
3826
3728
3827
3729
3828
3730
3829
3731
3830
3732
3831
3733
3832
3734
3833
3735
3834
3736
3835
3737
3836
3738
3837
3739
3838
3740
3839
3741
3840
3742
3841
3743
3842
3744
3843
3745
3844
3746
3845
3747
3846
3748
3847
3749
3848
3750
3849
3751
3850
3752
3851
3753
3852
3754
3853
3755
3854
3756
3855
3757
3856
3758
3857
3759
3858
3760
3859
3761
3860
3762
3861
3763
3862
3764
3863
3765
3864
3766
3865
3767
3866
3768
3867
3769
3868
3770
3869
3771
3870
3772
3871
3773
3872
3774
3873
3775
3874
3776
3875
3777
3876
3778
3877
3779
3878
3780
3879
3781
3880
3782
3881
3783
3882
3784
3883
3785
3884
3786
3885
3787
3886
3788
3887
3789
3888
3790
3889
3791
3890
3792
3891
3793
3892
3794
3893
3795
3894
3796
3895
3797
3896
3798
3897
3799
3898
3899
18140
3801
3900
3802
3901
3803
3902
3804
3903
3805
3904
3806
3905
3807
3906
3808
3907
3809
3908
3810
3909
3811
3910
3812
3911
3813
3912
3814
3913
3815
3914
3816
3915
3817
3916
3818
3917
3819
3918
3820
3919
3821
3920
3822
3921
3823
3922
3824
3923
3825
3924
3826
3925
3827
3926
3828
3927
3829
3928
3830
3929
3831
3930
3832
3931
3833
3932
3834
3933
3835
3934
3836
3935
3837
3936
3838
3937
3839
3938
3840
3939
3841
3940
3842
3941
3843
3942
3844
3943
3845
3944
3846
3945
3847
3946
3848
3947
3849
3948
3850
3949
3851
3950
3852
3951
3853
3952
3854
3953
3855
3954
3856
3955
3857
3956
3858
3957
3859
3958
3860
3959
3861
3960
3862
3961
3863
3962
3864
3963
3865
3964
3866
3965
3867
3966
3868
3967
3869
3968
3870
3969
3871
3970
3872
3971
3873
3972
3874
3973
3875
3974
3876
3975
3877
3976
3878
3977
3879
3978
3880
3979
3881
3980
3882
3981
3883
3982
3884
3983
3885
3984
3886
3985
3887
3986
3888
3987
3889
3988
3890
3989
3891
3990
3892
3991
3893
3992
3894
3993
3895
3994
3896
3995
3897
3996
3898
3997
3899
3998
3999
18360
3901
4000
3902
4001
3903
4002
3904
4003
3905
4004
3906
4005
3907
4006
3908
4007
3909
4008
3910
4009
3911
4010
3912
4011
3913
4012
3914
4013
3915
4014
3916
4015
3917
4016
3918
4017
3919
4018
3920
4019
3921
4020
3922
4021
3923
4022
3924
4023
3925
4024
3926
4025
3927
4026
3928
4027
3929
4028
3930
4029
3931
4030
3932
4031
3933
4032
3934
4033
3935
4034
3936
4035
3937
4036
3938
4037
3939
4038
3940
4039
3941
4040
3942
4041
3943
4042
3944
4043
3945
4044
3946
4045
3947
4046
3948
4047
3949
4048
3950
4049
3951
4050
3952
4051
3953
4052
3954
4053
3955
4054
3956
4055
3957
4056
3958
4057
3959
4058
3960
4059
3961
4060
3962
4061
3963
4062
3964
4063
3965
4064
3966
4065
3967
4066
3968
4067
3969
4068
3970
4069
3971
4070
3972
4071
3973
4072
3974
4073
3975
4074
3976
4075
3977
4076
3978
4077
3979
4078
3980
4079
3981
4080
3982
4081
3983
4082
3984
4083
3985
4084
3986
4085
3987
4086
3988
4087
3989
4088
3990
4089
3991
4090
3992
4091
3993
4092
3994
4093
3995
4094
3996
4095
3997
4096
3998
4097
3999
4098
4099
18580
4001
4100
4002
4101
4003
4102
4004
4103
4005
4104
4006
4105
4007
4106
4008
4107
4009
4108
4010
4109
4011
4110
4012
4111
4013
4112
4014
4113
4015
4114
4016
4115
4017
4116
4018
4117
4019
4118
4020
4119
4021
4120
4022
4121
4023
4122
4024
4123
4025
4124
4026
4125
4027
4126
4028
4127
4029
4128
4030
4129
4031
4130
4032
4131
4033
4132
4034
4133
4035
4134
4036
4135
4037
4136
4038
4137
4039
4138
4040
4139
4041
4140
4042
4141
4043
4142
4044
4143
4045
4144
4046
4145
4047
4146
4048
4147
4049
4148
4050
4149
4051
4150
4052
4151
4053
4152
4054
4153
4055
4154
4056
4155
4057
4156
4058
4157
4059
4158
4060
4159
4061
4160
4062
4161
4063
4162
4064
4163
4065
4164
4066
4165
4067
4166
4068
4167
4069
4168
4070
4169
4071
4170
4072
4171
4073
4172
4074
4173
4075
4174
4076
4175
4077
4176
4078
4177
4079
4178
4080
4179
4081
4180
4082
4181
4083
4182
4084
4183
4085
4184
4086
4185
4087
4186
4088
4187
4089
4188
4090
4189
4091
4190
4092
4191
4093
4192
4094
4193
4095
4194
4096
4195
4097
4196
4098
4197
4099
4198
4199
18800
4101
4200
4102
4201
4103
4202
4104
4203
4105
4204
4106
4205
4107
4206
4108
4207
4109
4208
4110
4209
4111
4210
4112
4211
4113
4212
4114
4213
4115
4214
4116
4215
4117
4216
4118
4217
4119
4218
4120
4219
4121
4220
4122
4221
4123
4222
4124
4223
4125
4224
4126
4225
4127
4226
4128
4227
4129
4228
4130
4229
4131
4230
4132
4231
4133
4232
4134
4233
4135
4234
4136
4235
4137
4236
4138
4237
4139
4238
4140
4239
4141
4240
4142
4241
4143
4242
4144
4243
4145
4244
4146
4245
4147
4246
4148
4247
4149
4248
4150
4249
4151
4250
4152
4251
4153
4252
4154
4253
4155
4254
4156
4255
4157
4256
4158
4257
4159
4258
4160
4259
4161
4260
4162
4261
4163
4262
4164
4263
4165
4264
4166
4265
4167
4266
4168
4267
4169
4268
4170
4269
4171
4270
4172
4271
4173
4272
4174
4273
4175
4274
4176
4275
4177
4276
4178
4277
4179
4278
4180
4279
4181
4280
4182
4281
4183
4282
4184
4283
4185
4284
4186
4285
4187
4286
4188
4287
4189
4288
4190
4289
4191
4290
4192
4291
4193
4292
4194
4293
4195
4294
4196
4295
4197
4296
4198
4297
4199
4298
4299
19020
4201
4300
4202
4301
4203
4302
4204
4303
4205
4304
4206
4305
4207
4306
4208
4307
4209
4308
4210
4309
4211
4310
4212
4311
4213
4312
4214
4313
4215
4314
4216
4315
4217
4316
4218
4317
4219
4318
4220
4319
4221
4320
4222
4321
4223
4322
4224
4323
4225
4324
4226
4325
4227
4326
4228
4327
4229
4328
4230
4329
4231
4330
4232
4331
4233
4332
4234
4333
4235
4334
4236
4335
4237
4336
4238
4337
4239
4338
4240
4339
4241
4340
4242
4341
4243
4342
4244
4343
4245
4344
4246
4345
4247
4346
4248
4347
4249
4348
4250
4349
4251
4350
4252
4351
4253
4352
4254
4353
4255
4354
4256
4355
4257
4356
4258
4357
4259
4358
4260
4359
4261
4360
4262
4361
4263
4362
4264
4363
4265
4364
4266
4365
4267
4366
4268
4367
4269
4368
4270
4369
4271
4370
4272
4371
4273
4372
4274
4373
4275
4374
4276
4375
4277
4376
4278
4377
4279
4378
4280
4379
4281
4380
4282
4381
4283
4382
4284
4383
4285
4384
4286
4385
4287
4386
4288
4387
4289
4388
4290
4389
4291
4390
4292
4391
4293
4392
4294
4393
4295
4394
4296
4395
4297
4396
4298
4397
4299
4398
4399
19240
4301
4400
4302
4401
4303
4402
4304
4403
4305
4404
4306
4405
4307
4406
4308
4407
4309
4408
4310
4409
4311
4410
4312
4411
4313
4412
4314
4413
4315
4414
4316
4415
4317
4416
4318
4417
4319
4418
4320
4419
4321
4420
4322
4421
4323
4422
4324
4423
4325
4424
4326
4425
4327
4426
4328
4427
4329
4428
4330
4429
4331
4430
4332
4431
4333
4432
4334
4433
4335
4434
4336
4435
4337
4436
4338
4437
4339
4438
4340
4439
4341
4440
4342
4441
4343
4442
4344
4443
4345
4444
4346
4445
4347
4446
4348
4447
4349
4448
4350
4449
4351
4450
4352
4451
4353
4452
4354
4453
4355
4454
4356
4455
4357
4456
4358
4457
4359
4458
4360
4459
4361
4460
4362
4461
4363
4462
4364
4463
4365
4464
4366
4465
4367
4466
4368
4467
4369
4468
4370
4469
4371
4470
4372
4471
4373
4472
4374
4473
4375
4474
4376
4475
4377
4476
4378
4477
4379
4478
4380
4479
4381
4480
4382
4481
4383
4482
4384
4483
4385
4484
4386
4485
4387
4486
4388
4487
4389
4488
4390
4489
4391
4490
4392
4491
4393
4492
4394
4493
4395
4494
4396
4495
4397
4496
4398
4497
4399
4498
4499
19460
4401
4500
4402
4501
4403
4502
4404
4503
4405
4504
4406
4505
4407
4506
4408
4507
4409
4508
4410
4509
4411
4510
4412
4511
4413
4512
4414
4513
4415
4514
4416
4515
4417
4516
4418
4517
4419
4518
4420
4519
4421
4520
4422
4521
4423
4522
4424
4523
4425
4524
4426
4525
4427
4526
4428
4527
4429
4528
4430
4529
4431
4530
4432
4531
4433
4532
4434
4533
4435
4534
4436
4535
4437
4536
4438
4537
4439
4538
4440
4539
4441
4540
4442
4541
4443
4542
4444
4543
4445
4544
4446
4545
4447
4546
4448
4547
4449
4548
4450
4549
4451
4550
4452
4551
4453
4552
4454
4553
4455
4554
4456
4555
4457
4556
4458
4557
4459
4558
4460
4559
4461
4560
4462
4561
4463
4562
4464
4563
4465
4564
4466
4565
4467
4566
4468
4567
4469
4568
4470
4569
4471
4570
4472
4571
4473
4572
4474
4573
4475
4574
4476
4575
4477
4576
4478
4577
4479
4578
4480
4579
4481
4580
4482
4581
4483
4582
4484
4583
4485
4584
4486
4585
4487
4586
4488
4587
4489
4588
4490
4589
4491
4590
4492
4591
4493
4592
4494
4593
4495
4594
4496
4595
4497
4596
4498
4597
4499
4598
4599
19680
4501
4600
4502
4601
4503
4602
4504
4603
4505
4604
4506
4605
4507
4606
4508
4607
4509
4608
4510
4609
4511
4610
4512
4611
4513
4612
4514
4613
4515
4614
4516
4615
4517
4616
4518
4617
4519
4618
4520
4619
4521
4620
4522
4621
4523
4622
4524
4623
4525
4624
4526
4625
4527
4626
4528
4627
4529
4628
4530
4629
4531
4630
4532
4631
4533
4632
4534
4633
4535
4634
4536
4635
4537
4636
4538
4637
4539
4638
4540
4639
4541
4640
4542
4641
4543
4642
4544
4643
4545
4644
4546
4645
4547
4646
4548
4647
4549
4648
4550
4649
4551
4650
4552
4651
4553
4652
4554
4653
4555
4654
4556
4655
4557
4656
4558
4657
4559
4658
4560
4659
4561
4660
4562
4661
4563
4662
4564
4663
4565
4664
4566
4665
4567
4666
4568
4667
4569
4668
4570
4669
4571
4670
4572
4671
4573
4672
4574
4673
4575
4674
4576
4675
4577
4676
4578
4677
4579
4678
4580
4679
4581
4680
4582
4681
4583
4682
4584
4683
4585
4684
4586
4685
4587
4686
4588
4687
4589
4688
4590
4689
4591
4690
4592
4691
4593
4692
4594
4693
4595
4694
4596
4695
4597
4696
4598
4697
4599
4698
4699
19900
4601
4700
4602
4701
4603
4702
4604
4703
4605
4704
4606
4705
4607
4706
4608
4707
4609
4708
4610
4709
4611
4710
4612
4711
4613
4712
4614
4713
4615
4714
4616
4715
4617
4716
4618
4717
4619
4718
4620
4719
4621
4720
4622
4721
4623
4722
4624
4723
4625
4724
4626
4725
4627
4726
4628
4727
4629
4728
4630
4729
4631
4730
4632
4731
4633
4732
4634
4733
4635
4734
4636
4735
4637
4736
4638
4737
4639
4738
4640
4739
4641
4740
4642
4741
4643
4742
4644
4743
4645
4744
4646
4745
4647
4746
4648
4747
4649
4748
4650
4749
4651
4750
4652
4751
4653
4752
4654
4753
4655
4754
4656
4755
4657
4756
4658
4757
4659
4758
4660
4759
4661
4760
4662
4761
4663
4762
4664
4763
4665
4764
4666
4765
4667
4766
4668
4767
4669
4768
4670
4769
4671
4770
4672
4771
4673
4772
4674
4773
4675
4774
4676
4775
4677
4776
4678
4777
4679
4778
4680
4779
4681
4780
4682
4781
4683
4782
4684
4783
4685
4784
4686
4785
4687
4786
4688
4787
4689
4788
4690
4789
4691
4790
4692
4791
4693
4792
4694
4793
4695
4794
4696
4795
4697
4796
4698
4797
4699
4798
4799
20120
4701
4800
4702
4801
4703
4802
4704
4803
4705
4804
4706
4805
4707
4806
4708
4807
4709
4808
4710
4809
4711
4810
4712
4811
4713
4812
4714
4813
4715
4814
4716
4815
4717
4816
4718
4817
4719
4818
4720
4819
4721
4820
4722
4821
4723
4822
4724
4823
4725
4824
4726
4825
4727
4826
4728
4827
4729
4828
4730
4829
4731
4830
4732
4831
4733
4832
4734
4833
4735
4834
4736
4835
4737
4836
4738
4837
4739
4838
4740
4839
4741
4840
4742
4841
4743
4842
4744
4843
4745
4844
4746
4845
4747
4846
4748
4847
4749
4848
4750
4849
4751
4850
4752
4851
4753
4852
4754
4853
4755
4854
4756
4855
4757
4856
4758
4857
4759
4858
4760
4859
4761
4860
4762
4861
4763
4862
4764
4863
4765
4864
4766
4865
4767
4866
4768
4867
4769
4868
4770
4869
4771
4870
4772
4871
4773
4872
4774
4873
4775
4874
4776
4875
4777
4876
4778
4877
4779
4878
4780
4879
4781
4880
4782
4881
4783
4882
4784
4883
4785
4884
4786
4885
4787
4886
4788
4887
4789
4888
4790
4889
4791
4890
4792
4891
4793
4892
4794
4893
4795
4894
4796
4895
4797
4896
4798
4897
4799
4898
4899
20340
4801
4900
4802
4901
4803
4902
4804
4903
4805
4904
4806
4905
4807
4906
4808
4907
4809
4908
4810
4909
4811
4910
4812
4911
4813
4912
4814
4913
4815
4914
4816
4915
4817
4916
4818
4917
4819
4918
4820
4919
4821
4920
4822
4921
4823
4922
4824
4923
4825
4924
4826
4925
4827
4926
4828
4927
4829
4928
4830
4929
4831
4930
4832
4931
4833
4932
4834
4933
4835
4934
4836
4935
4837
4936
4838
4937
4839
4938
4840
4939
4841
4940
4842
4941
4843
4942
4844
4943
4845
4944
4846
4945
4847
4946
4848
4947
4849
4948
4850
4949
4851
4950
4852
4951
4853
4952
4854
4953
4855
4954
4856
4955
4857
4956
4858
4957
4859
4958
4860
4959
4861
4960
4862
4961
4863
4962
4864
4963
4865
4964
4866
4965
4867
4966
4868
4967
4869
4968
4870
4969
4871
4970
4872
4971
4873
4972
4874
4973
4875
4974
4876
4975
4877
4976
4878
4977
4879
4978
4880
4979
4881
4980
4882
4981
4883
4982
4884
4983
4885
4984
4886
4985
4887
4986
4888
4987
4889
4988
4890
4989
4891
4990
4892
4991
4893
4992
4894
4993
4895
4994
4896
4995
4897
4996
4898
4997
4899
4998
4999
20560
4901
5000
4902
5001
4903
5002
4904
5003
4905
5004
4906
5005
4907
5006
4908
5007
4909
5008
4910
5009
4911
5010
4912
5011
4913
5012
4914
5013
4915
5014
4916
5015
4917
5016
4918
5017
4919
5018
4920
5019
4921
5020
4922
5021
4923
5022
4924
5023
4925
5024
4926
5025
4927
5026
4928
5027
4929
5028
4930
5029
4931
5030
4932
5031
4933
5032
4934
5033
4935
5034
4936
5035
4937
5036
4938
5037
4939
5038
4940
5039
4941
5040
4942
5041
4943
5042
4944
5043
4945
5044
4946
5045
4947
5046
4948
5047
4949
5048
4950
5049
4951
5050
4952
5051
4953
5052
4954
5053
4955
5054
4956
5055
4957
5056
4958
5057
4959
5058
4960
5059
4961
5060
4962
5061
4963
5062
4964
5063
4965
5064
4966
5065
4967
5066
4968
5067
4969
5068
4970
5069
4971
5070
4972
5071
4973
5072
4974
5073
4975
5074
4976
5075
4977
5076
4978
5077
4979
5078
4980
5079
4981
5080
4982
5081
4983
5082
4984
5083
4985
5084
4986
5085
4987
5086
4988
5087
4989
5088
4990
5089
4991
5090
4992
5091
4993
5092
4994
5093
4995
5094
4996
5095
4997
5096
4998
5097
4999
5098
5099
20780
5001
5100
5002
5101
5003
5102
5004
5103
5005
5104
5006
5105
5007
5106
5008
5107
5009
5108
5010
5109
5011
5110
5012
5111
5013
5112
5014
5113
5015
5114
5016
5115
5017
5116
5018
5117
5019
5118
5020
5119
5021
5120
5022
5121
5023
5122
5024
5123
5025
5124
5026
5125
5027
5126
5028
5127
5029
5128
5030
5129
5031
5130
5032
5131
5033
5132
5034
5133
5035
5134
5036
5135
5037
5136
5038
5137
5039
5138
5040
5139
5041
5140
5042
5141
5043
5142
5044
5143
5045
5144
5046
5145
5047
5146
5048
5147
5049
5148
5050
5149
5051
5150
5052
5151
5053
5152
5054
5153
5055
5154
5056
5155
5057
5156
5058
5157
5059
5158
5060
5159
5061
5160
5062
5161
5063
5162
5064
5163
5065
5164
5066
5165
5067
5166
5068
5167
5069
5168
5070
5169
5071
5170
5072
5171
5073
5172
5074
5173
5075
5174
5076
5175
5077
5176
5078
5177
5079
5178
5080
5179
5081
5180
5082
5181
5083
5182
5084
5183
5085
5184
5086
5185
5087
5186
5088
5187
5089
5188
5090
5189
5091
5190
5092
5191
5093
5192
5094
5193
5095
5194
5096
5195
5097
5196
5098
5197
5099
5198
5199
21000
5101
5200
5102
5201
5103
5202
5104
5203
5105
5204
5106
5205
5107
5206
5108
5207
5109
5208
5110
5209
5111
5210
5112
5211
5113
5212
5114
5213
5115
5214
5116
5215
5117
5216
5118
5217
5119
5218
5120
5219
5121
5220
5122
5221
5123
5222
5124
5223
5125
5224
5126
5225
5127
5226
5128
5227
5129
5228
5130
5229
5131
5230
5132
5231
5133
5232
5134
5233
5135
5234
5136
5235
5137
5236
5138
5237
5139
5238
5140
5239
5141
5240
5142
5241
5143
5242
5144
5243
5145
5244
5146
5245
5147
5246
5148
5247
5149
5248
5150
5249
5151
5250
5152
5251
5153
5252
5154
5253
5155
5254
5156
5255
5157
5256
5158
5257
5159
5258
5160
5259
5161
5260
5162
5261
5163
5262
5164
5263
5165
5264
5166
5265
5167
5266
5168
5267
5169
5268
5170
5269
5171
5270
5172
5271
5173
5272
5174
5273
5175
5274
5176
5275
5177
5276
5178
5277
5179
5278
5180
5279
5181
5280
5182
5281
5183
5282
5184
5283
5185
5284
5186
5285
5187
5286
5188
5287
5189
5288
5190
5289
5191
5290
5192
5291
5193
5292
5194
5293
5195
5294
5196
5295
5197
5296
5198
5297
5199
5298
5299
21220
5201
5300
5202
5301
5203
5302
5204
5303
5205
5304
5206
5305
5207
5306
5208
5307
5209
5308
5210
5309
5211
5310
5212
5311
5213
5312
5214
5313
5215
5314
5216
5315
5217
5316
5218
5317
5219
5318
5220
5319
5221
5320
5222
5321
5223
5322
5224
5323
5225
5324
5226
5325
5227
5326
5228
5327
5229
5328
5230
5329
5231
5330
5232
5331
5233
5332
5234
5333
5235
5334
5236
5335
5237
5336
5238
5337
5239
5338
5240
5339
5241
5340
5242
5341
5243
5342
5244
5343
5245
5344
5246
5345
5247
5346
5248
5347
5249
5348
5250
5349
5251
5350
5252
5351
5253
5352
5254
5353
5255
5354
5256
5355
5257
5356
5258
5357
5259
5358
5260
5359
5261
5360
5262
5361
5263
5362
5264
5363
5265
5364
5266
5365
5267
5366
5268
5367
5269
5368
5270
5369
5271
5370
5272
5371
5273
5372
5274
5373
5275
5374
5276
5375
5277
5376
5278
5377
5279
5378
5280
5379
5281
5380
5282
5381
5283
5382
5284
5383
5285
5384
5286
5385
5287
5386
5288
5387
5289
5388
5290
5389
5291
5390
5292
5391
5293
5392
5294
5393
5295
5394
5296
5395
5297
5396
5298
5397
5299
5398
5399
21440
5301
5400
5302
5401
5303
5402
5304
5403
5305
5404
5306
5405
5307
5406
5308
5407
5309
5408
5310
5409
5311
5410
5312
5411
5313
5412
5314
5413
5315
5414
5316
5415
5317
5416
5318
5417
5319
5418
5320
5419
5321
5420
5322
5421
5323
5422
5324
5423
5325
5424
5326
5425
5327
5426
5328
5427
5329
5428
5330
5429
5331
5430
5332
5431
5333
5432
5334
5433
5335
5434
5336
5435
5337
5436
5338
5437
5339
5438
5340
5439
5341
5440
5342
5441
5343
5442
5344
5443
5345
5444
5346
5445
5347
5446
5348
5447
5349
5448
5350
5449
5351
5450
5352
5451
5353
5452
5354
5453
5355
5454
5356
5455
5357
5456
5358
5457
5359
5458
5360
5459
5361
5460
5362
5461
5363
5462
5364
5463
5365
5464
5366
5465
5367
5466
5368
5467
5369
5468
5370
5469
5371
5470
5372
5471
5373
5472
5374
5473
5375
5474
5376
5475
5377
5476
5378
5477
5379
5478
5380
5479
5381
5480
5382
5481
5383
5482
5384
5483
5385
5484
5386
5485
5387
5486
5388
5487
5389
5488
5390
5489
5391
5490
5392
5491
5393
5492
5394
5493
5395
5494
5396
5495
5397
5496
5398
5497
5399
5498
5499
21660
5401
5500
5402
5501
5403
5502
5404
5503
5405
5504
5406
5505
5407
5506
5408
5507
5409
5508
5410
5509
5411
5510
5412
5511
5413
5512
5414
5513
5415
5514
5416
5515
5417
5516
5418
5517
5419
5518
5420
5519
5421
5520
5422
5521
5423
5522
5424
5523
5425
5524
5426
5525
5427
5526
5428
5527
5429
5528
5430
5529
5431
5530
5432
5531
5433
5532
5434
5533
5435
5534
5436
5535
5437
5536
5438
5537
5439
5538
5440
5539
5441
5540
5442
5541
5443
5542
5444
5543
5445
5544
5446
5545
5447
5546
5448
5547
5449
5548
5450
5549
5451
5550
5452
5551
5453
5552
5454
5553
5455
5554
5456
5555
5457
5556
5458
5557
5459
5558
5460
5559
5461
5560
5462
5561
5463
5562
5464
5563
5465
5564
5466
5565
5467
5566
5468
5567
5469
5568
5470
5569
5471
5570
5472
5571
5473
5572
5474
5573
5475
5574
5476
5575
5477
5576
5478
5577
5479
5578
5480
5579
5481
5580
5482
5581
5483
5582
5484
5583
5485
5584
5486
5585
5487
5586
5488
5587
5489
5588
5490
5589
5491
5590
5492
5591
5493
5592
5494
5593
5495
5594
5496
5595
5497
5596
5498
5597
5499
5598
5599
21880
5501
5600
5502
5601
5503
5602
5504
5603
5505
5604
5506
5605
5507
5606
5508
5607
5509
5608
5510
5609
5511
5610
5512
5611
5513
5612
5514
5613
5515
5614
5516
5615
5517
5616
5518
5617
5519
5618
5520
5619
5521
5620
5522
5621
5523
5622
5524
5623
5525
5624
5526
5625
5527
5626
5528
5627
5529
5628
5530
5629
5531
5630
5532
5631
5533
5632
5534
5633
5535
5634
5536
5635
5537
5636
5538
5637
5539
5638
5540
5639
5541
5640
5542
5641
5543
5642
5544
5643
5545
5644
5546
5645
5547
5646
5548
5647
5549
5648
5550
5649
5551
5650
5552
5651
5553
5652
5554
5653
5555
5654
5556
5655
5557
5656
5558
5657
5559
5658
5560
5659
5561
5660
5562
5661
5563
5662
5564
5663
5565
5664
5566
5665
5567
5666
5568
5667
5569
5668
5570
5669
5571
5670
5572
5671
5573
5672
5574
5673
5575
5674
5576
5675
5577
5676
5578
5677
5579
5678
5580
5679
5581
5680
5582
5681
5583
5682
5584
5683
5585
5684
5586
5685
5587
5686
5588
5687
5589
5688
5590
5689
5591
5690
5592
5691
5593
5692
5594
5693
5595
5694
5596
5695
5597
5696
5598
5697
5599
5698
5699
22100
5601
5700
5602
5701
5603
5702
5604
5703
5605
5704
5606
5705
5607
5706
5608
5707
5609
5708
5610
5709
5611
5710
5612
5711
5613
5712
5614
5713
5615
5714
5616
5715
5617
5716
5618
5717
5619
5718
5620
5719
5621
5720
5622
5721
5623
5722
5624
5723
5625
5724
5626
5725
5627
5726
5628
5727
5629
5728
5630
5729
5631
5730
5632
5731
5633
5732
5634
5733
5635
5734
5636
5735
5637
5736
5638
5737
5639
5738
5640
5739
5641
5740
5642
5741
5643
5742
5644
5743
5645
5744
5646
5745
5647
5746
5648
5747
5649
5748
5650
5749
5651
5750
5652
5751
5653
5752
5654
5753
5655
5754
5656
5755
5657
5756
5658
5757
5659
5758
5660
5759
5661
5760
5662
5761
5663
5762
5664
5763
5665
5764
5666
5765
5667
5766
5668
5767
5669
5768
5670
5769
5671
5770
5672
5771
5673
5772
5674
5773
5675
5774
5676
5775
5677
5776
5678
5777
5679
5778
5680
5779
5681
5780
5682
5781
5683
5782
5684
5783
5685
5784
5686
5785
5687
5786
5688
5787
5689
5788
5690
5789
5691
5790
5692
5791
5693
5792
5694
5793
5695
5794
5696
5795
5697
5796
5698
5797
5699
5798
5799
22320
5701
5800
5702
5801
5703
5802
5704
5803
5705
5804
5706
5805
5707
5806
5708
5807
5709
5808
5710
5809
5711
5810
5712
5811
5713
5812
5714
5813
5715
5814
5716
5815
5717
5816
5718
5817
5719
5818
5720
5819
5721
5820
5722
5821
5723
5822
5724
5823
5725
5824
5726
5825
5727
5826
5728
5827
5729
5828
5730
5829
5731
5830
5732
5831
5733
5832
5734
5833
5735
5834
5736
5835
5737
5836
5738
5837
5739
5838
5740
5839
5741
5840
5742
5841
5743
5842
5744
5843
5745
5844
5746
5845
5747
5846
5748
5847
5749
5848
5750
5849
5751
5850
5752
5851
5753
5852
5754
5853
5755
5854
5756
5855
5757
5856
5758
5857
5759
5858
5760
5859
5761
5860
5762
5861
5763
5862
5764
5863
5765
5864
5766
5865
5767
5866
5768
5867
5769
5868
5770
5869
5771
5870
5772
5871
5773
5872
5774
5873
5775
5874
5776
5875
5777
5876
5778
5877
5779
5878
5780
5879
5781
5880
5782
5881
5783
5882
5784
5883
5785
5884
5786
5885
5787
5886
5788
5887
5789
5888
5790
5889
5791
5890
5792
5891
5793
5892
5794
5893
5795
5894
5796
5895
5797
5896
5798
5897
5799
5898
5899
22540
5801
5900
5802
5901
5803
5902
5804
5903
5805
5904
5806
5905
5807
5906
5808
5907
5809
5908
5810
5909
5811
5910
5812
5911
5813
5912
5814
5913
5815
5914
5816
5915
5817
5916
5818
5917
5819
5918
5820
5919
5821
5920
5822
5921
5823
5922
5824
5923
5825
5924
5826
5925
5827
5926
5828
5927
5829
5928
5830
5929
5831
5930
5832
5931
5833
5932
5834
5933
5835
5934
5836
5935
5837
5936
5838
5937
5839
5938
5840
5939
5841
5940
5842
5941
5843
5942
5844
5943
5845
5944
5846
5945
5847
5946
5848
5947
5849
5948
5850
5949
5851
5950
5852
5951
5853
5952
5854
5953
5855
5954
5856
5955
5857
5956
5858
5957
5859
5958
5860
5959
5861
5960
5862
5961
5863
5962
5864
5963
5865
5964
5866
5965
5867
5966
5868
5967
5869
5968
5870
5969
5871
5970
5872
5971
5873
5972
5874
5973
5875
5974
5876
5975
5877
5976
5878
5977
5879
5978
5880
5979
5881
5980
5882
5981
5883
5982
5884
5983
5885
5984
5886
5985
5887
5986
5888
5987
5889
5988
5890
5989
5891
5990
5892
5991
5893
5992
5894
5993
5895
5994
5896
5995
5897
5996
5898
5997
5899
5998
5999
22760
5901
6000
5902
6001
5903
6002
5904
6003
5905
6004
5906
6005
5907
6006
5908
6007
5909
6008
5910
6009
5911
6010
5912
6011
5913
6012
5914
6013
5915
6014
5916
6015
5917
6016
5918
6017
5919
6018
5920
6019
5921
6020
5922
6021
5923
6022
5924
6023
5925
6024
5926
6025
5927
6026
5928
6027
5929
6028
5930
6029
5931
6030
5932
6031
5933
6032
5934
6033
5935
6034
5936
6035
5937
6036
5938
6037
5939
6038
5940
6039
5941
6040
5942
6041
5943
6042
5944
6043
5945
6044
5946
6045
5947
6046
5948
6047
5949
6048
5950
6049
5951
6050
5952
6051
5953
6052
5954
6053
5955
6054
5956
6055
5957
6056
5958
6057
5959
6058
5960
6059
5961
6060
5962
6061
5963
6062
5964
6063
5965
6064
5966
6065
5967
6066
5968
6067
5969
6068
5970
6069
5971
6070
5972
6071
5973
6072
5974
6073
5975
6074
5976
6075
5977
6076
5978
6077
5979
6078
5980
6079
5981
6080
5982
6081
5983
6082
5984
6083
5985
6084
5986
6085
5987
6086
5988
6087
5989
6088
5990
6089
5991
6090
5992
6091
5993
6092
5994
6093
5995
6094
5996
6095
5997
6096
5998
6097
5999
6098
6099
22980
6001
6100
6002
6101
6003
6102
6004
6103
6005
6104
6006
6105
6007
6106
6008
6107
6009
6108
6010
6109
6011
6110
6012
6111
6013
6112
6014
6113
6015
6114
6016
6115
6017
6116
6018
6117
6019
6118
6020
6119
6021
6120
6022
6121
6023
6122
6024
6123
6025
6124
6026
6125
6027
6126
6028
6127
6029
6128
6030
6129
6031
6130
6032
6131
6033
6132
6034
6133
6035
6134
6036
6135
6037
6136
6038
6137
6039
6138
6040
6139
6041
6140
6042
6141
6043
6142
6044
6143
6045
6144
6046
6145
6047
6146
6048
6147
6049
6148
6050
6149
6051
6150
6052
6151
6053
6152
6054
6153
6055
6154
6056
6155
6057
6156
6058
6157
6059
6158
6060
6159
6061
6160
6062
6161
6063
6162
6064
6163
6065
6164
6066
6165
6067
6166
6068
6167
6069
6168
6070
6169
6071
6170
6072
6171
6073
6172
6074
6173
6075
6174
6076
6175
6077
6176
6078
6177
6079
6178
6080
6179
6081
6180
6082
6181
6083
6182
6084
6183
6085
6184
6086
6185
6087
6186
6088
6187
6089
6188
6090
6189
6091
6190
6092
6191
6093
6192
6094
6193
6095
6194
6096
6195
6097
6196
6098
6197
6099
6198
6199
23200
6101
6200
6102
6201
6103
6202
6104
6203
6105
6204
6106
6205
6107
6206
6108
6207
6109
6208
6110
6209
6111
6210
6112
6211
6113
6212
6114
6213
6115
6214
6116
6215
6117
6216
6118
6217
6119
6218
6120
6219
6121
6220
6122
6221
6123
6222
6124
6223
6125
6224
6126
6225
6127
6226
6128
6227
6129
6228
6130
6229
6131
6230
6132
6231
6133
6232
6134
6233
6135
6234
6136
6235
6137
6236
6138
6237
6139
6238
6140
6239
6141
6240
6142
6241
6143
6242
6144
6243
6145
6244
6146
6245
6147
6246
6148
6247
6149
6248
6150
6249
6151
6250
6152
6251
6153
6252
6154
6253
6155
6254
6156
6255
6157
6256
6158
6257
6159
6258
6160
6259
6161
6260
6162
6261
6163
6262
6164
6263
6165
6264
6166
6265
6167
6266
6168
6267
6169
6268
6170
6269
6171
6270
6172
6271
6173
6272
6174
6273
6175
6274
6176
6275
6177
6276
6178
6277
6179
6278
6180
6279
6181
6280
6182
6281
6183
6282
6184
6283
6185
6284
6186
6285
6187
6286
6188
6287
6189
6288
6190
6289
6191
6290
6192
6291
6193
6292
6194
6293
6195
6294
6196
6295
6197
6296
6198
6297
6199
6298
6299
23420
6201
6300
6202
6301
6203
6302
6204
6303
6205
6304
6206
6305
6207
6306
6208
6307
6209
6308
6210
6309
6211
6310
6212
6311
6213
6312
6214
6313
6215
6314
6216
6315
6217
6316
6218
6317
6219
6318
6220
6319
6221
6320
6222
6321
6223
6322
6224
6323
6225
6324
6226
6325
6227
6326
6228
6327
6229
6328
6230
6329
6231
6330
6232
6331
6233
6332
6234
6333
6235
6334
6236
6335
6237
6336
6238
6337
6239
6338
6240
6339
6241
6340
6242
6341
6243
6342
6244
6343
6245
6344
6246
6345
6247
6346
6248
6347
6249
6348
6250
6349
6251
6350
6252
6351
6253
6352
6254
6353
6255
6354
6256
6355
6257
6356
6258
6357
6259
6358
6260
6359
6261
6360
6262
6361
6263
6362
6264
6363
6265
6364
6266
6365
6267
6366
6268
6367
6269
6368
6270
6369
6271
6370
6272
6371
6273
6372
6274
6373
6275
6374
6276
6375
6277
6376
6278
6377
6279
6378
6280
6379
6281
6380
6282
6381
6283
6382
6284
6383
6285
6384
6286
6385
6287
6386
6288
6387
6289
6388
6290
6389
6291
6390
6292
6391
6293
6392
6294
6393
6295
6394
6296
6395
6297
6396
6298
6397
6299
6398
6399
23640
6301
6400
6302
6401
6303
6402
6304
6403
6305
6404
6306
6405
6307
6406
6308
6407
6309
6408
6310
6409
6311
6410
6312
6411
6313
6412
6314
6413
6315
6414
6316
6415
6317
6416
6318
6417
6319
6418
6320
6419
6321
6420
6322
6421
6323
6422
6324
6423
6325
6424
6326
6425
6327
6426
6328
6427
6329
6428
6330
6429
6331
6430
6332
6431
6333
6432
6334
6433
6335
6434
6336
6435
6337
6436
6338
6437
6339
6438
6340
6439
6341
6440
6342
6441
6343
6442
6344
6443
6345
6444
6346
6445
6347
6446
6348
6447
6349
6448
6350
6449
6351
6450
6352
6451
6353
6452
6354
6453
6355
6454
6356
6455
6357
6456
6358
6457
6359
6458
6360
6459
6361
6460
6362
6461
6363
6462
6364
6463
6365
6464
6366
6465
6367
6466
6368
6467
6369
6468
6370
6469
6371
6470
6372
6471
6373
6472
6374
6473
6375
6474
6376
6475
6377
6476
6378
6477
6379
6478
6380
6479
6381
6480
6382
6481
6383
6482
6384
6483
6385
6484
6386
6485
6387
6486
6388
6487
6389
6488
6390
6489
6391
6490
6392
6491
6393
6492
6394
6493
6395
6494
6396
6495
6397
6496
6398
6497
6399
6498
6499
23860
6401
6500
6402
6501
6403
6502
6404
6503
6405
6504
6406
6505
6407
6506
6408
6507
6409
6508
6410
6509
6411
6510
6412
6511
6413
6512
6414
6513
6415
6514
6416
6515
6417
6516
6418
6517
6419
6518
6420
6519
6421
6520
6422
6521
6423
6522
6424
6523
6425
6524
6426
6525
6427
6526
6428
6527
6429
6528
6430
6529
6431
6530
6432
6531
6433
6532
6434
6533
6435
6534
6436
6535
6437
6536
6438
6537
6439
6538
6440
6539
6441
6540
6442
6541
6443
6542
6444
6543
6445
6544
6446
6545
6447
6546
6448
6547
6449
6548
6450
6549
6451
6550
6452
6551
6453
6552
6454
6553
6455
6554
6456
6555
6457
6556
6458
6557
6459
6558
6460
6559
6461
6560
6462
6561
6463
6562
6464
6563
6465
6564
6466
6565
6467
6566
6468
6567
6469
6568
6470
6569
6471
6570
6472
6571
6473
6572
6474
6573
6475
6574
6476
6575
6477
6576
6478
6577
6479
6578
6480
6579
6481
6580
6482
6581
6483
6582
6484
6583
6485
6584
6486
6585
6487
6586
6488
6587
6489
6588
6490
6589
6491
6590
6492
6591
6493
6592
6494
6593
6495
6594
6496
6595
6497
6596
6498
6597
6499
6598
6599
24080
6501
6600
6502
6601
6503
6602
6504
6603
6505
6604
6506
6605
6507
6606
6508
6607
6509
6608
6510
6609
6511
6610
6512
6611
6513
6612
6514
6613
6515
6614
6516
6615
6517
6616
6518
6617
6519
6618
6520
6619
6521
6620
6522
6621
6523
6622
6524
6623
6525
6624
6526
6625
6527
6626
6528
6627
6529
6628
6530
6629
6531
6630
6532
6631
6533
6632
6534
6633
6535
6634
6536
6635
6537
6636
6538
6637
6539
6638
6540
6639
6541
6640
6542
6641
6543
6642
6544
6643
6545
6644
6546
6645
6547
6646
6548
6647
6549
6648
6550
6649
6551
6650
6552
6651
6553
6652
6554
6653
6555
6654
6556
6655
6557
6656
6558
6657
6559
6658
6560
6659
6561
6660
6562
6661
6563
6662
6564
6663
6565
6664
6566
6665
6567
6666
6568
6667
6569
6668
6570
6669
6571
6670
6572
6671
6573
6672
6574
6673
6575
6674
6576
6675
6577
6676
6578
6677
6579
6678
6580
6679
6581
6680
6582
6681
6583
6682
6584
6683
6585
6684
6586
6685
6587
6686
6588
6687
6589
6688
6590
6689
6591
6690
6592
6691
6593
6692
6594
6693
6595
6694
6596
6695
6597
6696
6598
6697
6599
6698
6699
24300
6601
6700
6602
6701
6603
6702
6604
6703
6605
6704
6606
6705
6607
6706
6608
6707
6609
6708
6610
6709
6611
6710
6612
6711
6613
6712
6614
6713
6615
6714
6616
6715
6617
6716
6618
6717
6619
6718
6620
6719
6621
6720
6622
6721
6623
6722
6624
6723
6625
6724
6626
6725
6627
6726
6628
6727
6629
6728
6630
6729
6631
6730
6632
6731
6633
6732
6634
6733
6635
6734
6636
6735
6637
6736
6638
6737
6639
6738
6640
6739
6641
6740
6642
6741
6643
6742
6644
6743
6645
6744
6646
6745
6647
6746
6648
6747
6649
6748
6650
6749
6651
6750
6652
6751
6653
6752
6654
6753
6655
6754
6656
6755
6657
6756
6658
6757
6659
6758
6660
6759
6661
6760
6662
6761
6663
6762
6664
6763
6665
6764
6666
6765
6667
6766
6668
6767
6669
6768
6670
6769
6671
6770
6672
6771
6673
6772
6674
6773
6675
6774
6676
6775
6677
6776
6678
6777
6679
6778
6680
6779
6681
6780
6682
6781
6683
6782
6684
6783
6685
6784
6686
6785
6687
6786
6688
6787
6689
6788
6690
6789
6691
6790
6692
6791
6693
6792
6694
6793
6695
6794
6696
6795
6697
6796
6698
6797
6699
6798
6799
24520
6701
6800
6702
6801
6703
6802
6704
6803
6705
6804
6706
6805
6707
6806
6708
6807
6709
6808
6710
6809
6711
6810
6712
6811
6713
6812
6714
6813
6715
6814
6716
6815
6717
6816
6718
6817
6719
6818
6720
6819
6721
6820
6722
6821
6723
6822
6724
6823
6725
6824
6726
6825
6727
6826
6728
6827
6729
6828
6730
6829
6731
6830
6732
6831
6733
6832
6734
6833
6735
6834
6736
6835
6737
6836
6738
6837
6739
6838
6740
6839
6741
6840
6742
6841
6743
6842
6744
6843
6745
6844
6746
6845
6747
6846
6748
6847
6749
6848
6750
6849
6751
6850
6752
6851
6753
6852
6754
6853
6755
6854
6756
6855
6757
6856
6758
6857
6759
6858
6760
6859
6761
6860
6762
6861
6763
6862
6764
6863
6765
6864
6766
6865
6767
6866
6768
6867
6769
6868
6770
6869
6771
6870
6772
6871
6773
6872
6774
6873
6775
6874
6776
6875
6777
6876
6778
6877
6779
6878
6780
6879
6781
6880
6782
6881
6783
6882
6784
6883
6785
6884
6786
6885
6787
6886
6788
6887
6789
6888
6790
6889
6791
6890
6792
6891
6793
6892
6794
6893
6795
6894
6796
6895
6797
6896
6798
6897
6799
6898
6899
24740
6801
6900
6802
6901
6803
6902
6804
6903
6805
6904
6806
6905
6807
6906
6808
6907
6809
6908
6810
6909
6811
6910
6812
6911
6813
6912
6814
6913
6815
6914
6816
6915
6817
6916
6818
6917
6819
6918
6820
6919
6821
6920
6822
6921
6823
6922
6824
6923
6825
6924
6826
6925
6827
6926
6828
6927
6829
6928
6830
6929
6831
6930
6832
6931
6833
6932
6834
6933
6835
6934
6836
6935
6837
6936
6838
6937
6839
6938
6840
6939
6841
6940
6842
6941
6843
6942
6844
6943
6845
6944
6846
6945
6847
6946
6848
6947
6849
6948
6850
6949
6851
6950
6852
6951
6853
6952
6854
6953
6855
6954
6856
6955
6857
6956
6858
6957
6859
6958
6860
6959
6861
6960
6862
6961
6863
6962
6864
6963
6865
6964
6866
6965
6867
6966
6868
6967
6869
6968
6870
6969
6871
6970
6872
6971
6873
6972
6874
6973
6875
6974
6876
6975
6877
6976
6878
6977
6879
6978
6880
6979
6881
6980
6882
6981
6883
6982
6884
6983
6885
6984
6886
6985
6887
6986
6888
6987
6889
6988
6890
6989
6891
6990
6892
6991
6893
6992
6894
6993
6895
6994
6896
6995
6897
6996
6898
6997
6899
6998
6999
24960
6901
7000
6902
7001
6903
7002
6904
7003
6905
7004
6906
7005
6907
7006
6908
7007
6909
7008
6910
7009
6911
7010
6912
7011
6913
7012
6914
7013
6915
7014
6916
7015
6917
7016
6918
7017
6919
7018
6920
7019
6921
7020
6922
7021
6923
7022
6924
7023
6925
7024
6926
7025
6927
7026
6928
7027
6929
7028
6930
7029
6931
7030
6932
7031
6933
7032
6934
7033
6935
7034
6936
7035
6937
7036
6938
7037
6939
7038
6940
7039
6941
7040
6942
7041
6943
7042
6944
7043
6945
7044
6946
7045
6947
7046
6948
7047
6949
7048
6950
7049
6951
7050
6952
7051
6953
7052
6954
7053
6955
7054
6956
7055
6957
7056
6958
7057
6959
7058
6960
7059
6961
7060
6962
7061
6963
7062
6964
7063
6965
7064
6966
7065
6967
7066
6968
7067
6969
7068
6970
7069
6971
7070
6972
7071
6973
7072
6974
7073
6975
7074
6976
7075
6977
7076
6978
7077
6979
7078
6980
7079
6981
7080
6982
7081
6983
7082
6984
7083
6985
7084
6986
7085
6987
7086
6988
7087
6989
7088
6990
7089
6991
7090
6992
7091
6993
7092
6994
7093
6995
7094
6996
7095
6997
7096
6998
7097
6999
7098
7099
25180
7001
7100
7002
7101
7003
7102
7004
7103
7005
7104
7006
7105
7007
7106
7008
7107
7009
7108
7010
7109
7011
7110
7012
7111
7013
7112
7014
7113
7015
7114
7016
7115
7017
7116
7018
7117
7019
7118
7020
7119
7021
7120
7022
7121
7023
7122
7024
7123
7025
7124
7026
7125
7027
7126
7028
7127
7029
7128
7030
7129
7031
7130
7032
7131
7033
7132
7034
7133
7035
7134
7036
7135
7037
7136
7038
7137
7039
7138
7040
7139
7041
7140
7042
7141
7043
7142
7044
7143
7045
7144
7046
7145
7047
7146
7048
7147
7049
7148
7050
7149
7051
7150
7052
7151
7053
7152
7054
7153
7055
7154
7056
7155
7057
7156
7058
7157
7059
7158
7060
7159
7061
7160
7062
7161
7063
7162
7064
7163
7065
7164
7066
7165
7067
7166
7068
7167
7069
7168
7070
7169
7071
7170
7072
7171
7073
7172
7074
7173
7075
7174
7076
7175
7077
7176
7078
7177
7079
7178
7080
7179
7081
7180
7082
7181
7083
7182
7084
7183
7085
7184
7086
7185
7087
7186
7088
7187
7089
7188
7090
7189
7091
7190
7092
7191
7093
7192
7094
7193
7095
7194
7096
7195
7097
7196
7098
7197
7099
7198
7199
25400
7101
7200
7102
7201
7103
7202
7104
7203
7105
7204
7106
7205
7107
7206
7108
7207
7109
7208
7110
7209
7111
7210
7112
7211
7113
7212
7114
7213
7115
7214
7116
7215
7117
7216
7118
7217
7119
7218
7120
7219
7121
7220
7122
7221
7123
7222
7124
7223
7125
7224
7126
7225
7127
7226
7128
7227
7129
7228
7130
7229
7131
7230
7132
7231
7133
7232
7134
7233
7135
7234
7136
7235
7137
7236
7138
7237
7139
7238
7140
7239
7141
7240
7142
7241
7143
7242
7144
7243
7145
7244
7146
7245
7147
7246
7148
7247
7149
7248
7150
7249
7151
7250
7152
7251
7153
7252
7154
7253
7155
7254
7156
7255
7157
7256
7158
7257
7159
7258
7160
7259
7161
7260
7162
7261
7163
7262
7164
7263
7165
7264
7166
7265
7167
7266
7168
7267
7169
7268
7170
7269
7171
7270
7172
7271
7173
7272
7174
7273
7175
7274
7176
7275
7177
7276
7178
7277
7179
7278
7180
7279
7181
7280
7182
7281
7183
7282
7184
7283
7185
7284
7186
7285
7187
7286
7188
7287
7189
7288
7190
7289
7191
7290
7192
7291
7193
7292
7194
7293
7195
7294
7196
7295
7197
7296
7198
7297
7199
7298
7299
25620
7201
7300
7202
7301
7203
7302
7204
7303
7205
7304
7206
7305
7207
7306
7208
7307
7209
7308
7210
7309
7211
7310
7212
7311
7213
7312
7214
7313
7215
7314
7216
7315
7217
7316
7218
7317
7219
7318
7220
7319
7221
7320
7222
7321
7223
7322
7224
7323
7225
7324
7226
7325
7227
7326
7228
7327
7229
7328
7230
7329
7231
7330
7232
7331
7233
7332
7234
7333
7235
7334
7236
7335
7237
7336
7238
7337
7239
7338
7240
7339
7241
7340
7242
7341
7243
7342
7244
7343
7245
7344
7246
7345
7247
7346
7248
7347
7249
7348
7250
7349
7251
7350
7252
7351
7253
7352
7254
7353
7255
7354
7256
7355
7257
7356
7258
7357
7259
7358
7260
7359
7261
7360
7262
7361
7263
7362
7264
7363
7265
7364
7266
7365
7267
7366
7268
7367
7269
7368
7270
7369
7271
7370
7272
7371
7273
7372
7274
7373
7275
7374
7276
7375
7277
7376
7278
7377
7279
7378
7280
7379
7281
7380
7282
7381
7283
7382
7284
7383
7285
7384
7286
7385
7287
7386
7288
7387
7289
7388
7290
7389
7291
7390
7292
7391
7293
7392
7294
7393
7295
7394
7296
7395
7297
7396
7298
7397
7299
7398
7399
25840
7301
7400
7302
7401
7303
7402
7304
7403
7305
7404
7306
7405
7307
7406
7308
7407
7309
7408
7310
7409
7311
7410
7312
7411
7313
7412
7314
7413
7315
7414
7316
7415
7317
7416
7318
7417
7319
7418
7320
7419
7321
7420
7322
7421
7323
7422
7324
7423
7325
7424
7326
7425
7327
7426
7328
7427
7329
7428
7330
7429
7331
7430
7332
7431
7333
7432
7334
7433
7335
7434
7336
7435
7337
7436
7338
7437
7339
7438
7340
7439
7341
7440
7342
7441
7343
7442
7344
7443
7345
7444
7346
7445
7347
7446
7348
7447
7349
7448
7350
7449
7351
7450
7352
7451
7353
7452
7354
7453
7355
7454
7356
7455
7357
7456
7358
7457
7359
7458
7360
7459
7361
7460
7362
7461
7363
7462
7364
7463
7365
7464
7366
7465
7367
7466
7368
7467
7369
7468
7370
7469
7371
7470
7372
7471
7373
7472
7374
7473
7375
7474
7376
7475
7377
7476
7378
7477
7379
7478
7380
7479
7381
7480
7382
7481
7383
7482
7384
7483
7385
7484
7386
7485
7387
7486
7388
7487
7389
7488
7390
7489
7391
7490
7392
7491
7393
7492
7394
7493
7395
7494
7396
7495
7397
7496
7398
7497
7399
7498
7499
26060
7401
7500
7402
7501
7403
7502
7404
7503
7405
7504
7406
7505
7407
7506
7408
7507
7409
7508
7410
7509
7411
7510
7412
7511
7413
7512
7414
7513
7415
7514
7416
7515
7417
7516
7418
7517
7419
7518
7420
7519
7421
7520
7422
7521
7423
7522
7424
7523
7425
7524
7426
7525
7427
7526
7428
7527
7429
7528
7430
7529
7431
7530
7432
7531
7433
7532
7434
7533
7435
7534
7436
7535
7437
7536
7438
7537
7439
7538
7440
7539
7441
7540
7442
7541
7443
7542
7444
7543
7445
7544
7446
7545
7447
7546
7448
7547
7449
7548
7450
7549
7451
7550
7452
7551
7453
7552
7454
7553
7455
7554
7456
7555
7457
7556
7458
7557
7459
7558
7460
7559
7461
7560
7462
7561
7463
7562
7464
7563
7465
7564
7466
7565
7467
7566
7468
7567
7469
7568
7470
7569
7471
7570
7472
7571
7473
7572
7474
7573
7475
7574
7476
7575
7477
7576
7478
7577
7479
7578
7480
7579
7481
7580
7482
7581
7483
7582
7484
7583
7485
7584
7486
7585
7487
7586
7488
7587
7489
7588
7490
7589
7491
7590
7492
7591
7493
7592
7494
7593
7495
7594
7496
7595
7497
7596
7498
7597
7499
7598
7599
26280
7501
7600
7502
7601
7503
7602
7504
7603
7505
7604
7506
7605
7507
7606
7508
7607
7509
7608
7510
7609
7511
7610
7512
7611
7513
7612
7514
7613
7515
7614
7516
7615
7517
7616
7518
7617
7519
7618
7520
7619
7521
7620
7522
7621
7523
7622
7524
7623
7525
7624
7526
7625
7527
7626
7528
7627
7529
7628
7530
7629
7531
7630
7532
7631
7533
7632
7534
7633
7535
7634
7536
7635
7537
7636
7538
7637
7539
7638
7540
7639
7541
7640
7542
7641
7543
7642
7544
7643
7545
7644
7546
7645
7547
7646
7548
7647
7549
7648
7550
7649
7551
7650
7552
7651
7553
7652
7554
7653
7555
7654
7556
7655
7557
7656
7558
7657
7559
7658
7560
7659
7561
7660
7562
7661
7563
7662
7564
7663
7565
7664
7566
7665
7567
7666
7568
7667
7569
7668
7570
7669
7571
7670
7572
7671
7573
7672
7574
7673
7575
7674
7576
7675
7577
7676
7578
7677
7579
7678
7580
7679
7581
7680
7582
7681
7583
7682
7584
7683
7585
7684
7586
7685
7587
7686
7588
7687
7589
7688
7590
7689
7591
7690
7592
7691
7593
7692
7594
7693
7595
7694
7596
7695
7597
7696
7598
7697
7599
7698
7699
26500
7601
7700
7602
7701
7603
7702
7604
7703
7605
7704
7606
7705
7607
7706
7608
7707
7609
7708
7610
7709
7611
7710
7612
7711
7613
7712
7614
7713
7615
7714
7616
7715
7617
7716
7618
7717
7619
7718
7620
7719
7621
7720
7622
7721
7623
7722
7624
7723
7625
7724
7626
7725
7627
7726
7628
7727
7629
7728
7630
7729
7631
7730
7632
7731
7633
7732
7634
7733
7635
7734
7636
7735
7637
7736
7638
7737
7639
7738
7640
7739
7641
7740
7642
7741
7643
7742
7644
7743
7645
7744
7646
7745
7647
7746
7648
7747
7649
7748
7650
7749
7651
7750
7652
7751
7653
7752
7654
7753
7655
7754
7656
7755
7657
7756
7658
7757
7659
7758
7660
7759
7661
7760
7662
7761
7663
7762
7664
7763
7665
7764
7666
7765
7667
7766
7668
7767
7669
7768
7670
7769
7671
7770
7672
7771
7673
7772
7674
7773
7675
7774
7676
7775
7677
7776
7678
7777
7679
7778
7680
7779
7681
7780
7682
7781
7683
7782
7684
7783
7685
7784
7686
7785
7687
7786
7688
7787
7689
7788
7690
7789
7691
7790
7692
7791
7693
7792
7694
7793
7695
7794
7696
7795
7697
7796
7698
7797
7699
7798
7799
26720
7701
7800
7702
7801
7703
7802
7704
7803
7705
7804
7706
7805
7707
7806
7708
7807
7709
7808
7710
7809
7711
7810
7712
7811
7713
7812
7714
7813
7715
7814
7716
7815
7717
7816
7718
7817
7719
7818
7720
7819
7721
7820
7722
7821
7723
7822
7724
7823
7725
7824
7726
7825
7727
7826
7728
7827
7729
7828
7730
7829
7731
7830
7732
7831
7733
7832
7734
7833
7735
7834
7736
7835
7737
7836
7738
7837
7739
7838
7740
7839
7741
7840
7742
7841
7743
7842
7744
7843
7745
7844
7746
7845
7747
7846
7748
7847
7749
7848
7750
7849
7751
7850
7752
7851
7753
7852
7754
7853
7755
7854
7756
7855
7757
7856
7758
7857
7759
7858
7760
7859
7761
7860
7762
7861
7763
7862
7764
7863
7765
7864
7766
7865
7767
7866
7768
7867
7769
7868
7770
7869
7771
7870
7772
7871
7773
7872
7774
7873
7775
7874
7776
7875
7777
7876
7778
7877
7779
7878
7780
7879
7781
7880
7782
7881
7783
7882
7784
7883
7785
7884
7786
7885
7787
7886
7788
7887
7789
7888
7790
7889
7791
7890
7792
7891
7793
7892
7794
7893
7795
7894
7796
7895
7797
7896
7798
7897
7799
7898
7899
26940
7801
7900
7802
7901
7803
7902
7804
7903
7805
7904
7806
7905
7807
7906
7808
7907
7809
7908
7810
7909
7811
7910
7812
7911
7813
7912
7814
7913
7815
7914
7816
7915
7817
7916
7818
7917
7819
7918
7820
7919
7821
7920
7822
7921
7823
7922
7824
7923
7825
7924
7826
7925
7827
7926
7828
7927
7829
7928
7830
7929
7831
7930
7832
7931
7833
7932
7834
7933
7835
7934
7836
7935
7837
7936
7838
7937
7839
7938
7840
7939
7841
7940
7842
7941
7843
7942
7844
7943
7845
7944
7846
7945
7847
7946
7848
7947
7849
7948
7850
7949
7851
7950
7852
7951
7853
7952
7854
7953
7855
7954
7856
7955
7857
7956
7858
7957
7859
7958
7860
7959
7861
7960
7862
7961
7863
7962
7864
7963
7865
7964
7866
7965
7867
7966
7868
7967
7869
7968
7870
7969
7871
7970
7872
7971
7873
7972
7874
7973
7875
7974
7876
7975
7877
7976
7878
7977
7879
7978
7880
7979
7881
7980
7882
7981
7883
7982
7884
7983
7885
7984
7886
7985
7887
7986
7888
7987
7889
7988
7890
7989
7891
7990
7892
7991
7893
7992
7894
7993
7895
7994
7896
7995
7897
7996
7898
7997
7899
7998
7999
27160
7901
8000
7902
8001
7903
8002
7904
8003
7905
8004
7906
8005
7907
8006
7908
8007
7909
8008
7910
8009
7911
8010
7912
8011
7913
8012
7914
8013
7915
8014
7916
8015
7917
8016
7918
8017
7919
8018
7920
8019
7921
8020
7922
8021
7923
8022
7924
8023
7925
8024
7926
8025
7927
8026
7928
8027
7929
8028
7930
8029
7931
8030
7932
8031
7933
8032
7934
8033
7935
8034
7936
8035
7937
8036
7938
8037
7939
8038
7940
8039
7941
8040
7942
8041
7943
8042
7944
8043
7945
8044
7946
8045
7947
8046
7948
8047
7949
8048
7950
8049
7951
8050
7952
8051
7953
8052
7954
8053
7955
8054
7956
8055
7957
8056
7958
8057
7959
8058
7960
8059
7961
8060
7962
8061
7963
8062
7964
8063
7965
8064
7966
8065
7967
8066
7968
8067
7969
8068
7970
8069
7971
8070
7972
8071
7973
8072
7974
8073
7975
8074
7976
8075
7977
8076
7978
8077
7979
8078
7980
8079
7981
8080
7982
8081
7983
8082
7984
8083
7985
8084
7986
8085
7987
8086
7988
8087
7989
8088
7990
8089
7991
8090
7992
8091
7993
8092
7994
8093
7995
8094
7996
8095
7997
8096
7998
8097
7999
8098
8099
27380
8001
8100
8002
8101
8003
8102
8004
8103
8005
8104
8006
8105
8007
8106
8008
8107
8009
8108
8010
8109
8011
8110
8012
8111
8013
8112
8014
8113
8015
8114
8016
8115
8017
8116
8018
8117
8019
8118
8020
8119
8021
8120
8022
8121
8023
8122
8024
8123
8025
8124
8026
8125
8027
8126
8028
8127
8029
8128
8030
8129
8031
8130
8032
8131
8033
8132
8034
8133
8035
8134
8036
8135
8037
8136
8038
8137
8039
8138
8040
8139
8041
8140
8042
8141
8043
8142
8044
8143
8045
8144
8046
8145
8047
8146
8048
8147
8049
8148
8050
8149
8051
8150
8052
8151
8053
8152
8054
8153
8055
8154
8056
8155
8057
8156
8058
8157
8059
8158
8060
8159
8061
8160
8062
8161
8063
8162
8064
8163
8065
8164
8066
8165
8067
8166
8068
8167
8069
8168
8070
8169
8071
8170
8072
8171
8073
8172
8074
8173
8075
8174
8076
8175
8077
8176
8078
8177
8079
8178
8080
8179
8081
8180
8082
8181
8083
8182
8084
8183
8085
8184
8086
8185
8087
8186
8088
8187
8089
8188
8090
8189
8091
8190
8092
8191
8093
8192
8094
8193
8095
8194
8096
8195
8097
8196
8098
8197
8099
8198
8199
27600
8101
8200
8102
8201
8103
8202
8104
8203
8105
8204
8106
8205
8107
8206
8108
8207
8109
8208
8110
8209
8111
8210
8112
8211
8113
8212
8114
8213
8115
8214
8116
8215
8117
8216
8118
8217
8119
8218
8120
8219
8121
8220
8122
8221
8123
8222
8124
8223
8125
8224
8126
8225
8127
8226
8128
8227
8129
8228
8130
8229
8131
8230
8132
8231
8133
8232
8134
8233
8135
8234
8136
8235
8137
8236
8138
8237
8139
8238
8140
8239
8141
8240
8142
8241
8143
8242
8144
8243
8145
8244
8146
8245
8147
8246
8148
8247
8149
8248
8150
8249
8151
8250
8152
8251
8153
8252
8154
8253
8155
8254
8156
8255
8157
8256
8158
8257
8159
8258
8160
8259
8161
8260
8162
8261
8163
8262
8164
8263
8165
8264
8166
8265
8167
8266
8168
8267
8169
8268
8170
8269
8171
8270
8172
8271
8173
8272
8174
8273
8175
8274
8176
8275
8177
8276
8178
8277
8179
8278
8180
8279
8181
8280
8182
8281
8183
8282
8184
8283
8185
8284
8186
8285
8187
8286
8188
8287
8189
8288
8190
8289
8191
8290
8192
8291
8193
8292
8194
8293
8195
8294
8196
8295
8197
8296
8198
8297
8199
8298
8299
27820
8201
8300
8202
8301
8203
8302
8204
8303
8205
8304
8206
8305
8207
8306
8208
8307
8209
8308
8210
8309
8211
8310
8212
8311
8213
8312
8214
8313
8215
8314
8216
8315
8217
8316
8218
8317
8219
8318
8220
8319
8221
8320
8222
8321
8223
8322
8224
8323
8225
8324
8226
8325
8227
8326
8228
8327
8229
8328
8230
8329
8231
8330
8232
8331
8233
8332
8234
8333
8235
8334
8236
8335
8237
8336
8238
8337
8239
8338
8240
8339
8241
8340
8242
8341
8243
8342
8244
8343
8245
8344
8246
8345
8247
8346
8248
8347
8249
8348
8250
8349
8251
8350
8252
8351
8253
8352
8254
8353
8255
8354
8256
8355
8257
8356
8258
8357
8259
8358
8260
8359
8261
8360
8262
8361
8263
8362
8264
8363
8265
8364
8266
8365
8267
8366
8268
8367
8269
8368
8270
8369
8271
8370
8272
8371
8273
8372
8274
8373
8275
8374
8276
8375
8277
8376
8278
8377
8279
8378
8280
8379
8281
8380
8282
8381
8283
8382
8284
8383
8285
8384
8286
8385
8287
8386
8288
8387
8289
8388
8290
8389
8291
8390
8292
8391
8293
8392
8294
8393
8295
8394
8296
8395
8297
8396
8298
8397
8299
8398
8399
28040
8301
8400
8302
8401
8303
8402
8304
8403
8305
8404
8306
8405
8307
8406
8308
8407
8309
8408
8310
8409
8311
8410
8312
8411
8313
8412
8314
8413
8315
8414
8316
8415
8317
8416
8318
8417
8319
8418
8320
8419
8321
8420
8322
8421
8323
8422
8324
8423
8325
8424
8326
8425
8327
8426
8328
8427
8329
8428
8330
8429
8331
8430
8332
8431
8333
8432
8334
8433
8335
8434
8336
8435
8337
8436
8338
8437
8339
8438
8340
8439
8341
8440
8342
8441
8343
8442
8344
8443
8345
8444
8346
8445
8347
8446
8348
8447
8349
8448
8350
8449
8351
8450
8352
8451
8353
8452
8354
8453
8355
8454
8356
8455
8357
8456
8358
8457
8359
8458
8360
8459
8361
8460
8362
8461
8363
8462
8364
8463
8365
8464
8366
8465
8367
8466
8368
8467
8369
8468
8370
8469
8371
8470
8372
8471
8373
8472
8374
8473
8375
8474
8376
8475
8377
8476
8378
8477
8379
8478
8380
8479
8381
8480
8382
8481
8383
8482
8384
8483
8385
8484
8386
8485
8387
8486
8388
8487
8389
8488
8390
8489
8391
8490
8392
8491
8393
8492
8394
8493
8395
8494
8396
8495
8397
8496
8398
8497
8399
8498
8499
28260
8401
8500
8402
8501
8403
8502
8404
8503
8405
8504
8406
8505
8407
8506
8408
8507
8409
8508
8410
8509
8411
8510
8412
8511
8413
8512
8414
8513
8415
8514
8416
8515
8417
8516
8418
8517
8419
8518
8420
8519
8421
8520
8422
8521
8423
8522
8424
8523
8425
8524
8426
8525
8427
8526
8428
8527
8429
8528
8430
8529
8431
8530
8432
8531
8433
8532
8434
8533
8435
8534
8436
8535
8437
8536
8438
8537
8439
8538
8440
8539
8441
8540
8442
8541
8443
8542
8444
8543
8445
8544
8446
8545
8447
8546
8448
8547
8449
8548
8450
8549
8451
8550
8452
8551
8453
8552
8454
8553
8455
8554
8456
8555
8457
8556
8458
8557
8459
8558
8460
8559
8461
8560
8462
8561
8463
8562
8464
8563
8465
8564
8466
8565
8467
8566
8468
8567
8469
8568
8470
8569
8471
8570
8472
8571
8473
8572
8474
8573
8475
8574
8476
8575
8477
8576
8478
8577
8479
8578
8480
8579
8481
8580
8482
8581
8483
8582
8484
8583
8485
8584
8486
8585
8487
8586
8488
8587
8489
8588
8490
8589
8491
8590
8492
8591
8493
8592
8494
8593
8495
8594
8496
8595
8497
8596
8498
8597
8499
8598
8599
28480
8501
8600
8502
8601
8503
8602
8504
8603
8505
8604
8506
8605
8507
8606
8508
8607
8509
8608
8510
8609
8511
8610
8512
8611
8513
8612
8514
8613
8515
8614
8516
8615
8517
8616
8518
8617
8519
8618
8520
8619
8521
8620
8522
8621
8523
8622
8524
8623
8525
8624
8526
8625
8527
8626
8528
8627
8529
8628
8530
8629
8531
8630
8532
8631
8533
8632
8534
8633
8535
8634
8536
8635
8537
8636
8538
8637
8539
8638
8540
8639
8541
8640
8542
8641
8543
8642
8544
8643
8545
8644
8546
8645
8547
8646
8548
8647
8549
8648
8550
8649
8551
8650
8552
8651
8553
8652
8554
8653
8555
8654
8556
8655
8557
8656
8558
8657
8559
8658
8560
8659
8561
8660
8562
8661
8563
8662
8564
8663
8565
8664
8566
8665
8567
8666
8568
8667
8569
8668
8570
8669
8571
8670
8572
8671
8573
8672
8574
8673
8575
8674
8576
8675
8577
8676
8578
8677
8579
8678
8580
8679
8581
8680
8582
8681
8583
8682
8584
8683
8585
8684
8586
8685
8587
8686
8588
8687
8589
8688
8590
8689
8591
8690
8592
8691
8593
8692
8594
8693
8595
8694
8596
8695
8597
8696
8598
8697
8599
8698
8699
28700
8601
8700
8602
8701
8603
8702
8604
8703
8605
8704
8606
8705
8607
8706
8608
8707
8609
8708
8610
8709
8611
8710
8612
8711
8613
8712
8614
8713
8615
8714
8616
8715
8617
8716
8618
8717
8619
8718
8620
8719
8621
8720
8622
8721
8623
8722
8624
8723
8625
8724
8626
8725
8627
8726
8628
8727
8629
8728
8630
8729
8631
8730
8632
8731
8633
8732
8634
8733
8635
8734
8636
8735
8637
8736
8638
8737
8639
8738
8640
8739
8641
8740
8642
8741
8643
8742
8644
8743
8645
8744
8646
8745
8647
8746
8648
8747
8649
8748
8650
8749
8651
8750
8652
8751
8653
8752
8654
8753
8655
8754
8656
8755
8657
8756
8658
8757
8659
8758
8660
8759
8661
8760
8662
8761
8663
8762
8664
8763
8665
8764
8666
8765
8667
8766
8668
8767
8669
8768
8670
8769
8671
8770
8672
8771
8673
8772
8674
8773
8675
8774
8676
8775
8677
8776
8678
8777
8679
8778
8680
8779
8681
8780
8682
8781
8683
8782
8684
8783
8685
8784
8686
8785
8687
8786
8688
8787
8689
8788
8690
8789
8691
8790
8692
8791
8693
8792
8694
8793
8695
8794
8696
8795
8697
8796
8698
8797
8699
8798
8799
28920
8701
8800
8702
8801
8703
8802
8704
8803
8705
8804
8706
8805
8707
8806
8708
8807
8709
8808
8710
8809
8711
8810
8712
8811
8713
8812
8714
8813
8715
8814
8716
8815
8717
8816
8718
8817
8719
8818
8720
8819
8721
8820
8722
8821
8723
8822
8724
8823
8725
8824
8726
8825
8727
8826
8728
8827
8729
8828
8730
8829
8731
8830
8732
8831
8733
8832
8734
8833
8735
8834
8736
8835
8737
8836
8738
8837
8739
8838
8740
8839
8741
8840
8742
8841
8743
8842
8744
8843
8745
8844
8746
8845
8747
8846
8748
8847
8749
8848
8750
8849
8751
8850
8752
8851
8753
8852
8754
8853
8755
8854
8756
8855
8757
8856
8758
8857
8759
8858
8760
8859
8761
8860
8762
8861
8763
8862
8764
8863
8765
8864
8766
8865
8767
8866
8768
8867
8769
8868
8770
8869
8771
8870
8772
8871
8773
8872
8774
8873
8775
8874
8776
8875
8777
8876
8778
8877
8779
8878
8780
8879
8781
8880
8782
8881
8783
8882
8784
8883
8785
8884
8786
8885
8787
8886
8788
8887
8789
8888
8790
8889
8791
8890
8792
8891
8793
8892
8794
8893
8795
8894
8796
8895
8797
8896
8798
8897
8799
8898
8899
29140
8801
8900
8802
8901
8803
8902
8804
8903
8805
8904
8806
8905
8807
8906
8808
8907
8809
8908
8810
8909
8811
8910
8812
8911
8813
8912
8814
8913
8815
8914
8816
8915
8817
8916
8818
8917
8819
8918
8820
8919
8821
8920
8822
8921
8823
8922
8824
8923
8825
8924
8826
8925
8827
8926
8828
8927
8829
8928
8830
8929
8831
8930
8832
8931
8833
8932
8834
8933
8835
8934
8836
8935
8837
8936
8838
8937
8839
8938
8840
8939
8841
8940
8842
8941
8843
8942
8844
8943
8845
8944
8846
8945
8847
8946
8848
8947
8849
8948
8850
8949
8851
8950
8852
8951
8853
8952
8854
8953
8855
8954
8856
8955
8857
8956
8858
8957
8859
8958
8860
8959
8861
8960
8862
8961
8863
8962
8864
8963
8865
8964
8866
8965
8867
8966
8868
8967
8869
8968
8870
8969
8871
8970
8872
8971
8873
8972
8874
8973
8875
8974
8876
8975
8877
8976
8878
8977
8879
8978
8880
8979
8881
8980
8882
8981
8883
8982
8884
8983
8885
8984
8886
8985
8887
8986
8888
8987
8889
8988
8890
8989
8891
8990
8892
8991
8893
8992
8894
8993
8895
8994
8896
8995
8897
8996
8898
8997
8899
8998
8999
29360
8901
9000
8902
9001
8903
9002
8904
9003
8905
9004
8906
9005
8907
9006
8908
9007
8909
9008
8910
9009
8911
9010
8912
9011
8913
9012
8914
9013
8915
9014
8916
9015
8917
9016
8918
9017
8919
9018
8920
9019
8921
9020
8922
9021
8923
9022
8924
9023
8925
9024
8926
9025
8927
9026
8928
9027
8929
9028
8930
9029
8931
9030
8932
9031
8933
9032
8934
9033
8935
9034
8936
9035
8937
9036
8938
9037
8939
9038
8940
9039
8941
9040
8942
9041
8943
9042
8944
9043
8945
9044
8946
9045
8947
9046
8948
9047
8949
9048
8950
9049
8951
9050
8952
9051
8953
9052
8954
9053
8955
9054
8956
9055
8957
9056
8958
9057
8959
9058
8960
9059
8961
9060
8962
9061
8963
9062
8964
9063
8965
9064
8966
9065
8967
9066
8968
9067
8969
9068
8970
9069
8971
9070
8972
9071
8973
9072
8974
9073
8975
9074
8976
9075
8977
9076
8978
9077
8979
9078
8980
9079
8981
9080
8982
9081
8983
9082
8984
9083
8985
9084
8986
9085
8987
9086
8988
9087
8989
9088
8990
9089
8991
9090
8992
9091
8993
9092
8994
9093
8995
9094
8996
9095
8997
9096
8998
9097
8999
9098
9099
29580
9001
9100
9002
9101
9003
9102
9004
9103
9005
9104
9006
9105
9007
9106
9008
9107
9009
9108
9010
9109
9011
9110
9012
9111
9013
9112
9014
9113
9015
9114
9016
9115
9017
9116
9018
9117
9019
9118
9020
9119
9021
9120
9022
9121
9023
9122
9024
9123
9025
9124
9026
9125
9027
9126
9028
9127
9029
9128
9030
9129
9031
9130
9032
9131
9033
9132
9034
9133
9035
9134
9036
9135
9037
9136
9038
9137
9039
9138
9040
9139
9041
9140
9042
9141
9043
9142
9044
9143
9045
9144
9046
9145
9047
9146
9048
9147
9049
9148
9050
9149
9051
9150
9052
9151
9053
9152
9054
9153
9055
9154
9056
9155
9057
9156
9058
9157
9059
9158
9060
9159
9061
9160
9062
9161
9063
9162
9064
9163
9065
9164
9066
9165
9067
9166
9068
9167
9069
9168
9070
9169
9071
9170
9072
9171
9073
9172
9074
9173
9075
9174
9076
9175
9077
9176
9078
9177
9079
9178
9080
9179
9081
9180
9082
9181
9083
9182
9084
9183
9085
9184
9086
9185
9087
9186
9088
9187
9089
9188
9090
9189
9091
9190
9092
9191
9093
9192
9094
9193
9095
9194
9096
9195
9097
9196
9098
9197
9099
9198
9199
29800
9101
9200
9102
9201
9103
9202
9104
9203
9105
9204
9106
9205
9107
9206
9108
9207
9109
9208
9110
9209
9111
9210
9112
9211
9113
9212
9114
9213
9115
9214
9116
9215
9117
9216
9118
9217
9119
9218
9120
9219
9121
9220
9122
9221
9123
9222
9124
9223
9125
9224
9126
9225
9127
9226
9128
9227
9129
9228
9130
9229
9131
9230
9132
9231
9133
9232
9134
9233
9135
9234
9136
9235
9137
9236
9138
9237
9139
9238
9140
9239
9141
9240
9142
9241
9143
9242
9144
9243
9145
9244
9146
9245
9147
9246
9148
9247
9149
9248
9150
9249
9151
9250
9152
9251
9153
9252
9154
9253
9155
9254
9156
9255
9157
9256
9158
9257
9159
9258
9160
9259
9161
9260
9162
9261
9163
9262
9164
9263
9165
9264
9166
9265
9167
9266
9168
9267
9169
9268
9170
9269
9171
9270
9172
9271
9173
9272
9174
9273
9175
9274
9176
9275
9177
9276
9178
9277
9179
9278
9180
9279
9181
9280
9182
9281
9183
9282
9184
9283
9185
9284
9186
9285
9187
9286
9188
9287
9189
9288
9190
9289
9191
9290
9192
9291
9193
9292
9194
9293
9195
9294
9196
9295
9197
9296
9198
9297
9199
9298
9299
30020
9201
9300
9202
9301
9203
9302
9204
9303
9205
9304
9206
9305
9207
9306
9208
9307
9209
9308
9210
9309
9211
9310
9212
9311
9213
9312
9214
9313
9215
9314
9216
9315
9217
9316
9218
9317
9219
9318
9220
9319
9221
9320
9222
9321
9223
9322
9224
9323
9225
9324
9226
9325
9227
9326
9228
9327
9229
9328
9230
9329
9231
9330
9232
9331
9233
9332
9234
9333
9235
9334
9236
9335
9237
9336
9238
9337
9239
9338
9240
9339
9241
9340
9242
9341
9243
9342
9244
9343
9245
9344
9246
9345
9247
9346
9248
9347
9249
9348
9250
9349
9251
9350
9252
9351
9253
9352
9254
9353
9255
9354
9256
9355
9257
9356
9258
9357
9259
9358
9260
9359
9261
9360
9262
9361
9263
9362
9264
9363
9265
9364
9266
9365
9267
9366
9268
9367
9269
9368
9270
9369
9271
9370
9272
9371
9273
9372
9274
9373
9275
9374
9276
9375
9277
9376
9278
9377
9279
9378
9280
9379
9281
9380
9282
9381
9283
9382
9284
9383
9285
9384
9286
9385
9287
9386
9288
9387
9289
9388
9290
9389
9291
9390
9292
9391
9293
9392
9294
9393
9295
9394
9296
9395
9297
9396
9298
9397
9299
9398
9399
30240
9301
9400
9302
9401
9303
9402
9304
9403
9305
9404
9306
9405
9307
9406
9308
9407
9309
9408
9310
9409
9311
9410
9312
9411
9313
9412
9314
9413
9315
9414
9316
9415
9317
9416
9318
9417
9319
9418
9320
9419
9321
9420
9322
9421
9323
9422
9324
9423
9325
9424
9326
9425
9327
9426
9328
9427
9329
9428
9330
9429
9331
9430
9332
9431
9333
9432
9334
9433
9335
9434
9336
9435
9337
9436
9338
9437
9339
9438
9340
9439
9341
9440
9342
9441
9343
9442
9344
9443
9345
9444
9346
9445
9347
9446
9348
9447
9349
9448
9350
9449
9351
9450
9352
9451
9353
9452
9354
9453
9355
9454
9356
9455
9357
9456
9358
9457
9359
9458
9360
9459
9361
9460
9362
9461
9363
9462
9364
9463
9365
9464
9366
9465
9367
9466
9368
9467
9369
9468
9370
9469
9371
9470
9372
9471
9373
9472
9374
9473
9375
9474
9376
9475
9377
9476
9378
9477
9379
9478
9380
9479
9381
9480
9382
9481
9383
9482
9384
9483
9385
9484
9386
9485
9387
9486
9388
9487
9389
9488
9390
9489
9391
9490
9392
9491
9393
9492
9394
9493
9395
9494
9396
9495
9397
9496
9398
9497
9399
9498
9499
30460
9401
9500
9402
9501
9403
9502
9404
9503
9405
9504
9406
9505
9407
9506
9408
9507
9409
9508
9410
9509
9411
9510
9412
9511
9413
9512
9414
9513
9415
9514
9416
9515
9417
9516
9418
9517
9419
9518
9420
9519
9421
9520
9422
9521
9423
9522
9424
9523
9425
9524
9426
9525
9427
9526
9428
9527
9429
9528
9430
9529
9431
9530
9432
9531
9433
9532
9434
9533
9435
9534
9436
9535
9437
9536
9438
9537
9439
9538
9440
9539
9441
9540
9442
9541
9443
9542
9444
9543
9445
9544
9446
9545
9447
9546
9448
9547
9449
9548
9450
9549
9451
9550
9452
9551
9453
9552
9454
9553
9455
9554
9456
9555
9457
9556
9458
9557
9459
9558
9460
9559
9461
9560
9462
9561
9463
9562
9464
9563
9465
9564
9466
9565
9467
9566
9468
9567
9469
9568
9470
9569
9471
9570
9472
9571
9473
9572
9474
9573
9475
9574
9476
9575
9477
9576
9478
9577
9479
9578
9480
9579
9481
9580
9482
9581
9483
9582
9484
9583
9485
9584
9486
9585
9487
9586
9488
9587
9489
9588
9490
9589
9491
9590
9492
9591
9493
9592
9494
9593
9495
9594
9496
9595
9497
9596
9498
9597
9499
9598
9599
30680
9501
9600
9502
9601
9503
9602
9504
9603
9505
9604
9506
9605
9507
9606
9508
9607
9509
9608
9510
9609
9511
9610
9512
9611
9513
9612
9514
9613
9515
9614
9516
9615
9517
9616
9518
9617
9519
9618
9520
9619
9521
9620
9522
9621
9523
9622
9524
9623
9525
9624
9526
9625
9527
9626
9528
9627
9529
9628
9530
9629
9531
9630
9532
9631
9533
9632
9534
9633
9535
9634
9536
9635
9537
9636
9538
9637
9539
9638
9540
9639
9541
9640
9542
9641
9543
9642
9544
9643
9545
9644
9546
9645
9547
9646
9548
9647
9549
9648
9550
9649
9551
9650
9552
9651
9553
9652
9554
9653
9555
9654
9556
9655
9557
9656
9558
9657
9559
9658
9560
9659
9561
9660
9562
9661
9563
9662
9564
9663
9565
9664
9566
9665
9567
9666
9568
9667
9569
9668
9570
9669
9571
9670
9572
9671
9573
9672
9574
9673
9575
9674
9576
9675
9577
9676
9578
9677
9579
9678
9580
9679
9581
9680
9582
9681
9583
9682
9584
9683
9585
9684
9586
9685
9587
9686
9588
9687
9589
9688
9590
9689
9591
9690
9592
9691
9593
9692
9594
9693
9595
9694
9596
9695
9597
9696
9598
9697
9599
9698
9699
30900
9601
9700
9602
9701
9603
9702
9604
9703
9605
9704
9606
9705
9607
9706
9608
9707
9609
9708
9610
9709
9611
9710
9612
9711
9613
9712
9614
9713
9615
9714
9616
9715
9617
9716
9618
9717
9619
9718
9620
9719
9621
9720
9622
9721
9623
9722
9624
9723
9625
9724
9626
9725
9627
9726
9628
9727
9629
9728
9630
9729
9631
9730
9632
9731
9633
9732
9634
9733
9635
9734
9636
9735
9637
9736
9638
9737
9639
9738
9640
9739
9641
9740
9642
9741
9643
9742
9644
9743
9645
9744
9646
9745
9647
9746
9648
9747
9649
9748
9650
9749
9651
9750
9652
9751
9653
9752
9654
9753
9655
9754
9656
9755
9657
9756
9658
9757
9659
9758
9660
9759
9661
9760
9662
9761
9663
9762
9664
9763
9665
9764
9666
9765
9667
9766
9668
9767
9669
9768
9670
9769
9671
9770
9672
9771
9673
9772
9674
9773
9675
9774
9676
9775
9677
9776
9678
9777
9679
9778
9680
9779
9681
9780
9682
9781
9683
9782
9684
9783
9685
9784
9686
9785
9687
9786
9688
9787
9689
9788
9690
9789
9691
9790
9692
9791
9693
9792
9694
9793
9695
9794
9696
9795
9697
9796
9698
9797
9699
9798
9799
31120
9701
9800
9702
9801
9703
9802
9704
9803
9705
9804
9706
9805
9707
9806
9708
9807
9709
9808
9710
9809
9711
9810
9712
9811
9713
9812
9714
9813
9715
9814
9716
9815
9717
9816
9718
9817
9719
9818
9720
9819
9721
9820
9722
9821
9723
9822
9724
9823
9725
9824
9726
9825
9727
9826
9728
9827
9729
9828
9730
9829
9731
9830
9732
9831
9733
9832
9734
9833
9735
9834
9736
9835
9737
9836
9738
9837
9739
9838
9740
9839
9741
9840
9742
9841
9743
9842
9744
9843
9745
9844
9746
9845
9747
9846
9748
9847
9749
9848
9750
9849
9751
9850
9752
9851
9753
9852
9754
9853
9755
9854
9756
9855
9757
9856
9758
9857
9759
9858
9760
9859
9761
9860
9762
9861
9763
9862
9764
9863
9765
9864
9766
9865
9767
9866
9768
9867
9769
9868
9770
9869
9771
9870
9772
9871
9773
9872
9774
9873
9775
9874
9776
9875
9777
9876
9778
9877
9779
9878
9780
9879
9781
9880
9782
9881
9783
9882
9784
9883
9785
9884
9786
9885
9787
9886
9788
9887
9789
9888
9790
9889
9791
9890
9792
9891
9793
9892
9794
9893
9795
9894
9796
9895
9797
9896
9798
9897
9799
9898
9899
31340
9801
9900
9802
9901
9803
9902
9804
9903
9805
9904
9806
9905
9807
9906
9808
9907
9809
9908
9810
9909
9811
9910
9812
9911
9813
9912
9814
9913
9815
9914
9816
9915
9817
9916
9818
9917
9819
9918
9820
9919
9821
9920
9822
9921
9823
9922
9824
9923
9825
9924
9826
9925
9827
9926
9828
9927
9829
9928
9830
9929
9831
9930
9832
9931
9833
9932
9834
9933
9835
9934
9836
9935
9837
9936
9838
9937
9839
9938
9840
9939
9841
9940
9842
9941
9843
9942
9844
9943
9845
9944
9846
9945
9847
9946
9848
9947
9849
9948
9850
9949
9851
9950
9852
9951
9853
9952
9854
9953
9855
9954
9856
9955
9857
9956
9858
9957
9859
9958
9860
9959
9861
9960
9862
9961
9863
9962
9864
9963
9865
9964
9866
9965
9867
9966
9868
9967
9869
9968
9870
9969
9871
9970
9872
9971
9873
9972
9874
9973
9875
9974
9876
9975
9877
9976
9878
9977
9879
9978
9880
9979
9881
9980
9882
9981
9883
9982
9884
9983
9885
9984
9886
9985
9887
9986
9888
9987
9889
9988
9890
9989
9891
9990
9892
9991
9893
9992
9894
9993
9895
9994
9896
9995
9897
9996
9898
9997
9899
9998
9999
31560
9901
9902
9903
9904
9905
9906
9907
9908
9909
9910
9911
9912
9913
9914
9915
9916
9917
9918
9919
9920
9921
9922
9923
9924
9925
9926
9927
9928
9929
9930
9931
9932
9933
9934
9935
9936
9937
9938
9939
9940
9941
9942
9943
9944
9945
9946
9947
9948
9949
9950
9951
9952
9953
9954
9955
9956
9957
9958
9959
9960
9961
9962
9963
9964
9965
9966
9967
9968
9969
9970
9971
9972
9973
9974
9975
9976
9977
9978
9979
9980
9981
9982
9983
9984
9985
9986
9987
9988
9989
9990
9991
9992
9993
9994
9995
9996
9997
9998
9999
31780
10001
10220
63780
10002
10221
63781
10003
10222
63782
10004
10223
63783
10005
10224
63784
10006
10225
63785
10007
10226
63786
10008
10227
63787
10009
10228
63788
10010
10229
63789
10011
10230
63790
10012
10231
63791
10013
10232
63792
10014
10233
63793
10015
10234
63794
10016
10235
63795
10017
10236
63796
10018
10237
63797
10019
10238
63798
10020
10239
63799
10021
10240
63800
10022
10241
63801
10023
10242
63802
10024
10243
63803
10025
10244
63804
10026
10245
63805
10027
10246
63806
10028
10247
63807
10029
10248
63808
10030
10249
63809
10031
10250
63810
10032
10251
63811
10033
10252
63812
10034
10253
63813
10035
10254
63814
10036
10255
63815
10037
10256
63816
10038
10257
63817
10039
10258
63818
10040
10259
63819
10041
10260
63820
10042
10261
63821
10043
10262
63822
10044
10263
63823
10045
10264
63824
10046
10265
63825
10047
10266
63826
10048
10267
63827
10049
10268
63828
10050
10269
63829
10051
10270
63830
10052
10271
63831
10053
10272
63832
10054
10273
63833
10055
10274
63834
10056
10275
63835
10057
10276
63836
10058
10277
63837
10059
10278
63838
10060
10279
63839
10061
10280
63840
10062
10281
63841
10063
10282
63842
10064
10283
63843
10065
10284
63844
10066
10285
63845
10067
10286
63846
10068
10287
63847
10069
10288
63848
10070
10289
63849
10071
10290
63850
10072
10291
63851
10073
10292
63852
10074
10293
63853
10075
10294
63854
10076
10295
63855
10077
10296
63856
10078
10297
63857
10079
10298
63858
10080
10299
63859
10081
10300
63860
10082
10301
63861
10083
10302
63862
10084
10303
63863
10085
10304
63864
10086
10305
63865
10087
10306
63866
10088
10307
63867
10089
10308
63868
10090
10309
63869
10091
10310
63870
10092
10311
63871
10093
10312
63872
10094
10313
63873
10095
10314
63874
10096
10315
63875
10097
10316
63876
10098
10317
63877
10099
10318
63878
10100
10319
63879
10101
10320
63880
10102
10321
63881
10103
10322
63882
10104
10323
63883
10105
10324
63884
10106
10325
63885
10107
10326
63886
10108
10327
63887
10109
10328
63888
10110
10329
63889
10111
10330
63890
10112
10331
63891
10113
10332
63892
10114
10333
63893
10115
10334
63894
10116
10335
63895
10117
10336
63896
10118
10337
63897
10119
10338
63898
10120
10339
63899
10121
10340
63900
10122
10341
63901
10123
10342
63902
10124
10343
63903
10125
10344
63904
10126
10345
63905
10127
10346
63906
10128
10347
63907
10129
10348
63908
10130
10349
63909
10131
10350
63910
10132
10351
63911
10133
10352
63912
10134
10353
63913
10135
10354
63914
10136
10355
63915
10137
10356
63916
10138
10357
63917
10139
10358
63918
10140
10359
63919
10141
10360
63920
10142
10361
63921
10143
10362
63922
10144
10363
63923
10145
10364
63924
10146
10365
63925
10147
10366
63926
10148
10367
63927
10149
10368
63928
10150
10369
63929
10151
10370
63930
10152
10371
63931
10153
10372
63932
10154
10373
63933
10155
10374
63934
10156
10375
63935
10157
10376
63936
10158
10377
63937
10159
10378
63938
10160
10379
63939
10161
10380
63940
10162
10381
63941
10163
10382
63942
10164
10383
63943
10165
10384
63944
10166
10385
63945
10167
10386
63946
10168
10387
63947
10169
10388
63948
10170
10389
63949
10171
10390
63950
10172
10391
63951
10173
10392
63952
10174
10393
63953
10175
10394
63954
10176
10395
63955
10177
10396
63956
10178
10397
63957
10179
10398
63958
10180
10399
63959
10181
10400
63960
10182
10401
63961
10183
10402
63962
10184
10403
63963
10185
10404
63964
10186
10405
63965
10187
10406
63966
10188
10407
63967
10189
10408
63968
10190
10409
63969
10191
10410
63970
10192
10411
63971
10193
10412
63972
10194
10413
63973
10195
10414
63974
10196
10415
63975
10197
10416
63976
10198
10417
63977
10199
10418
63978
10200
10419
63979
10201
10420
63980
10202
10421
63981
10203
10422
63982
10204
10423
63983
10205
10424
63984
10206
10425
63985
10207
10426
63986
10208
10427
63987
10209
10428
63988
10210
10429
63989
10211
10430
63990
10212
10431
63991
10213
10432
63992
10214
10433
63993
10215
10434
63994
10216
10435
63995
10217
10436
63996
10218
10437
63997
10219
10438
63998
10439
63999
10221
10440
10222
10441
10223
10442
10224
10443
10225
10444
10226
10445
10227
10446
10228
10447
10229
10448
10230
10449
10231
10450
10232
10451
10233
10452
10234
10453
10235
10454
10236
10455
10237
10456
10238
10457
10239
10458
10240
10459
10241
10460
10242
10461
10243
10462
10244
10463
10245
10464
10246
10465
10247
10466
10248
10467
10249
10468
10250
10469
10251
10470
10252
10471
10253
10472
10254
10473
10255
10474
10256
10475
10257
10476
10258
10477
10259
10478
10260
10479
10261
10480
10262
10481
10263
10482
10264
10483
10265
10484
10266
10485
10267
10486
10268
10487
10269
10488
10270
10489
10271
10490
10272
10491
10273
10492
10274
10493
10275
10494
10276
10495
10277
10496
10278
10497
10279
10498
10280
10499
10281
10500
10282
10501
10283
10502
10284
10503
10285
10504
10286
10505
10287
10506
10288
10507
10289
10508
10290
10509
10291
10510
10292
10511
10293
10512
10294
10513
10295
10514
10296
10515
10297
10516
10298
10517
10299
10518
10300
10519
10301
10520
10302
10521
10303
10522
10304
10523
10305
10524
10306
10525
10307
10526
10308
10527
10309
10528
10310
10529
10311
10530
10312
10531
10313
10532
10314
10533
10315
10534
10316
10535
10317
10536
10318
10537
10319
10538
10320
10539
10321
10540
10322
10541
10323
10542
10324
10543
10325
10544
10326
10545
10327
10546
10328
10547
10329
10548
10330
10549
10331
10550
10332
10551
10333
10552
10334
10553
10335
10554
10336
10555
10337
10556
10338
10557
10339
10558
10340
10559
10341
10560
10342
10561
10343
10562
10344
10563
10345
10564
10346
10565
10347
10566
10348
10567
10349
10568
10350
10569
10351
10570
10352
10571
10353
10572
10354
10573
10355
10574
10356
10575
10357
10576
10358
10577
10359
10578
10360
10579
10361
10580
10362
10581
10363
10582
10364
10583
10365
10584
10366
10585
10367
10586
10368
10587
10369
10588
10370
10589
10371
10590
10372
10591
10373
10592
10374
10593
10375
10594
10376
10595
10377
10596
10378
10597
10379
10598
10380
10599
10381
10600
10382
10601
10383
10602
10384
10603
10385
10604
10386
10605
10387
10606
10388
10607
10389
10608
10390
10609
10391
10610
10392
10611
10393
10612
10394
10613
10395
10614
10396
10615
10397
10616
10398
10617
10399
10618
10400
10619
10401
10620
10402
10621
10403
10622
10404
10623
10405
10624
10406
10625
10407
10626
10408
10627
10409
10628
10410
10629
10411
10630
10412
10631
10413
10632
10414
10633
10415
10634
10416
10635
10417
10636
10418
10637
10419
10638
10420
10639
10421
10640
10422
10641
10423
10642
10424
10643
10425
10644
10426
10645
10427
10646
10428
10647
10429
10648
10430
10649
10431
10650
10432
10651
10433
10652
10434
10653
10435
10654
10436
10655
10437
10656
10438
10657
10439
10658
10659
10441
10660
10442
10661
10443
10662
10444
10663
10445
10664
10446
10665
10447
10666
10448
10667
10449
10668
10450
10669
10451
10670
10452
10671
10453
10672
10454
10673
10455
10674
10456
10675
10457
10676
10458
10677
10459
10678
10460
10679
10461
10680
10462
10681
10463
10682
10464
10683
10465
10684
10466
10685
10467
10686
10468
10687
10469
10688
10470
10689
10471
10690
10472
10691
10473
10692
10474
10693
10475
10694
10476
10695
10477
10696
10478
10697
10479
10698
10480
10699
10481
10700
10482
10701
10483
10702
10484
10703
10485
10704
10486
10705
10487
10706
10488
10707
10489
10708
10490
10709
10491
10710
10492
10711
10493
10712
10494
10713
10495
10714
10496
10715
10497
10716
10498
10717
10499
10718
10500
10719
10501
10720
10502
10721
10503
10722
10504
10723
10505
10724
10506
10725
10507
10726
10508
10727
10509
10728
10510
10729
10511
10730
10512
10731
10513
10732
10514
10733
10515
10734
10516
10735
10517
10736
10518
10737
10519
10738
10520
10739
10521
10740
10522
10741
10523
10742
10524
10743
10525
10744
10526
10745
10527
10746
10528
10747
10529
10748
10530
10749
10531
10750
10532
10751
10533
10752
10534
10753
10535
10754
10536
10755
10537
10756
10538
10757
10539
10758
10540
10759
10541
10760
10542
10761
10543
10762
10544
10763
10545
10764
10546
10765
10547
10766
10548
10767
10549
10768
10550
10769
10551
10770
10552
10771
10553
10772
10554
10773
10555
10774
10556
10775
10557
10776
10558
10777
10559
10778
10560
10779
10561
10780
10562
10781
10563
10782
10564
10783
10565
10784
10566
10785
10567
10786
10568
10787
10569
10788
10570
10789
10571
10790
10572
10791
10573
10792
10574
10793
10575
10794
10576
10795
10577
10796
10578
10797
10579
10798
10580
10799
10581
10800
10582
10801
10583
10802
10584
10803
10585
10804
10586
10805
10587
10806
10588
10807
10589
10808
10590
10809
10591
10810
10592
10811
10593
10812
10594
10813
10595
10814
10596
10815
10597
10816
10598
10817
10599
10818
10600
10819
10601
10820
10602
10821
10603
10822
10604
10823
10605
10824
10606
10825
10607
10826
10608
10827
10609
10828
10610
10829
10611
10830
10612
10831
10613
10832
10614
10833
10615
10834
10616
10835
10617
10836
10618
10837
10619
10838
10620
10839
10621
10840
10622
10841
10623
10842
10624
10843
10625
10844
10626
10845
10627
10846
10628
10847
10629
10848
10630
10849
10631
10850
10632
10851
10633
10852
10634
10853
10635
10854
10636
10855
10637
10856
10638
10857
10639
10858
10640
10859
10641
10860
10642
10861
10643
10862
10644
10863
10645
10864
10646
10865
10647
10866
10648
10867
10649
10868
10650
10869
10651
10870
10652
10871
10653
10872
10654
10873
10655
10874
10656
10875
10657
10876
10658
10877
10659
10878
10879
10661
10880
10662
10881
10663
10882
10664
10883
10665
10884
10666
10885
10667
10886
10668
10887
10669
10888
10670
10889
10671
10890
10672
10891
10673
10892
10674
10893
10675
10894
10676
10895
10677
10896
10678
10897
10679
10898
10680
10899
10681
10900
10682
10901
10683
10902
10684
10903
10685
10904
10686
10905
10687
10906
10688
10907
10689
10908
10690
10909
10691
10910
10692
10911
10693
10912
10694
10913
10695
10914
10696
10915
10697
10916
10698
10917
10699
10918
10700
10919
10701
10920
10702
10921
10703
10922
10704
10923
10705
10924
10706
10925
10707
10926
10708
10927
10709
10928
10710
10929
10711
10930
10712
10931
10713
10932
10714
10933
10715
10934
10716
10935
10717
10936
10718
10937
10719
10938
10720
10939
10721
10940
10722
10941
10723
10942
10724
10943
10725
10944
10726
10945
10727
10946
10728
10947
10729
10948
10730
10949
10731
10950
10732
10951
10733
10952
10734
10953
10735
10954
10736
10955
10737
10956
10738
10957
10739
10958
10740
10959
10741
10960
10742
10961
10743
10962
10744
10963
10745
10964
10746
10965
10747
10966
10748
10967
10749
10968
10750
10969
10751
10970
10752
10971
10753
10972
10754
10973
10755
10974
10756
10975
10757
10976
10758
10977
10759
10978
10760
10979
10761
10980
10762
10981
10763
10982
10764
10983
10765
10984
10766
10985
10767
10986
10768
10987
10769
10988
10770
10989
10771
10990
10772
10991
10773
10992
10774
10993
10775
10994
10776
10995
10777
10996
10778
10997
10779
10998
10780
10999
10781
11000
10782
11001
10783
11002
10784
11003
10785
11004
10786
11005
10787
11006
10788
11007
10789
11008
10790
11009
10791
11010
10792
11011
10793
11012
10794
11013
10795
11014
10796
11015
10797
11016
10798
11017
10799
11018
10800
11019
10801
11020
10802
11021
10803
11022
10804
11023
10805
11024
10806
11025
10807
11026
10808
11027
10809
11028
10810
11029
10811
11030
10812
11031
10813
11032
10814
11033
10815
11034
10816
11035
10817
11036
10818
11037
10819
11038
10820
11039
10821
11040
10822
11041
10823
11042
10824
11043
10825
11044
10826
11045
10827
11046
10828
11047
10829
11048
10830
11049
10831
11050
10832
11051
10833
11052
10834
11053
10835
11054
10836
11055
10837
11056
10838
11057
10839
11058
10840
11059
10841
11060
10842
11061
10843
11062
10844
11063
10845
11064
10846
11065
10847
11066
10848
11067
10849
11068
10850
11069
10851
11070
10852
11071
10853
11072
10854
11073
10855
11074
10856
11075
10857
11076
10858
11077
10859
11078
10860
11079
10861
11080
10862
11081
10863
11082
10864
11083
10865
11084
10866
11085
10867
11086
10868
11087
10869
11088
10870
11089
10871
11090
10872
11091
10873
11092
10874
11093
10875
11094
10876
11095
10877
11096
10878
11097
10879
11098
11099
10881
11100
10882
11101
10883
11102
10884
11103
10885
11104
10886
11105
10887
11106
10888
11107
10889
11108
10890
11109
10891
11110
10892
11111
10893
11112
10894
11113
10895
11114
10896
11115
10897
11116
10898
11117
10899
11118
10900
11119
10901
11120
10902
11121
10903
11122
10904
11123
10905
11124
10906
11125
10907
11126
10908
11127
10909
11128
10910
11129
10911
11130
10912
11131
10913
11132
10914
11133
10915
11134
10916
11135
10917
11136
10918
11137
10919
11138
10920
11139
10921
11140
10922
11141
10923
11142
10924
11143
10925
11144
10926
11145
10927
11146
10928
11147
10929
11148
10930
11149
10931
11150
10932
11151
10933
11152
10934
11153
10935
11154
10936
11155
10937
11156
10938
11157
10939
11158
10940
11159
10941
11160
10942
11161
10943
11162
10944
11163
10945
11164
10946
11165
10947
11166
10948
11167
10949
11168
10950
11169
10951
11170
10952
11171
10953
11172
10954
11173
10955
11174
10956
11175
10957
11176
10958
11177
10959
11178
10960
11179
10961
11180
10962
11181
10963
11182
10964
11183
10965
11184
10966
11185
10967
11186
10968
11187
10969
11188
10970
11189
10971
11190
10972
11191
10973
11192
10974
11193
10975
11194
10976
11195
10977
11196
10978
11197
10979
11198
10980
11199
10981
11200
10982
11201
10983
11202
10984
11203
10985
11204
10986
11205
10987
11206
10988
11207
10989
11208
10990
11209
10991
11210
10992
11211
10993
11212
10994
11213
10995
11214
10996
11215
10997
11216
10998
11217
10999
11218
11000
11219
11001
11220
11002
11221
11003
11222
11004
11223
11005
11224
11006
11225
11007
11226
11008
11227
11009
11228
11010
11229
11011
11230
11012
11231
11013
11232
11014
11233
11015
11234
11016
11235
11017
11236
11018
11237
11019
11238
11020
11239
11021
11240
11022
11241
11023
11242
11024
11243
11025
11244
11026
11245
11027
11246
11028
11247
11029
11248
11030
11249
11031
11250
11032
11251
11033
11252
11034
11253
11035
11254
11036
11255
11037
11256
11038
11257
11039
11258
11040
11259
11041
11260
11042
11261
11043
11262
11044
11263
11045
11264
11046
11265
11047
11266
11048
11267
11049
11268
11050
11269
11051
11270
11052
11271
11053
11272
11054
11273
11055
11274
11056
11275
11057
11276
11058
11277
11059
11278
11060
11279
11061
11280
11062
11281
11063
11282
11064
11283
11065
11284
11066
11285
11067
11286
11068
11287
11069
11288
11070
11289
11071
11290
11072
11291
11073
11292
11074
11293
11075
11294
11076
11295
11077
11296
11078
11297
11079
11298
11080
11299
11081
11300
11082
11301
11083
11302
11084
11303
11085
11304
11086
11305
11087
11306
11088
11307
11089
11308
11090
11309
11091
11310
11092
11311
11093
11312
11094
11313
11095
11314
11096
11315
11097
11316
11098
11317
11099
11318
11319
11101
11320
11102
11321
11103
11322
11104
11323
11105
11324
11106
11325
11107
11326
11108
11327
11109
11328
11110
11329
11111
11330
11112
11331
11113
11332
11114
11333
11115
11334
11116
11335
11117
11336
11118
11337
11119
11338
11120
11339
11121
11340
11122
11341
11123
11342
11124
11343
11125
11344
11126
11345
11127
11346
11128
11347
11129
11348
11130
11349
11131
11350
11132
11351
11133
11352
11134
11353
11135
11354
11136
11355
11137
11356
11138
11357
11139
11358
11140
11359
11141
11360
11142
11361
11143
11362
11144
11363
11145
11364
11146
11365
11147
11366
11148
11367
11149
11368
11150
11369
11151
11370
11152
11371
11153
11372
11154
11373
11155
11374
11156
11375
11157
11376
11158
11377
11159
11378
11160
11379
11161
11380
11162
11381
11163
11382
11164
11383
11165
11384
11166
11385
11167
11386
11168
11387
11169
11388
11170
11389
11171
11390
11172
11391
11173
11392
11174
11393
11175
11394
11176
11395
11177
11396
11178
11397
11179
11398
11180
11399
11181
11400
11182
11401
11183
11402
11184
11403
11185
11404
11186
11405
11187
11406
11188
11407
11189
11408
11190
11409
11191
11410
11192
11411
11193
11412
11194
11413
11195
11414
11196
11415
11197
11416
11198
11417
11199
11418
11200
11419
11201
11420
11202
11421
11203
11422
11204
11423
11205
11424
11206
11425
11207
11426
11208
11427
11209
11428
11210
11429
11211
11430
11212
11431
11213
11432
11214
11433
11215
11434
11216
11435
11217
11436
11218
11437
11219
11438
11220
11439
11221
11440
11222
11441
11223
11442
11224
11443
11225
11444
11226
11445
11227
11446
11228
11447
11229
11448
11230
11449
11231
11450
11232
11451
11233
11452
11234
11453
11235
11454
11236
11455
11237
11456
11238
11457
11239
11458
11240
11459
11241
11460
11242
11461
11243
11462
11244
11463
11245
11464
11246
11465
11247
11466
11248
11467
11249
11468
11250
11469
11251
11470
11252
11471
11253
11472
11254
11473
11255
11474
11256
11475
11257
11476
11258
11477
11259
11478
11260
11479
11261
11480
11262
11481
11263
11482
11264
11483
11265
11484
11266
11485
11267
11486
11268
11487
11269
11488
11270
11489
11271
11490
11272
11491
11273
11492
11274
11493
11275
11494
11276
11495
11277
11496
11278
11497
11279
11498
11280
11499
11281
11500
11282
11501
11283
11502
11284
11503
11285
11504
11286
11505
11287
11506
11288
11507
11289
11508
11290
11509
11291
11510
11292
11511
11293
11512
11294
11513
11295
11514
11296
11515
11297
11516
11298
11517
11299
11518
11300
11519
11301
11520
11302
11521
11303
11522
11304
11523
11305
11524
11306
11525
11307
11526
11308
11527
11309
11528
11310
11529
11311
11530
11312
11531
11313
11532
11314
11533
11315
11534
11316
11535
11317
11536
11318
11537
11319
11538
11539
11321
11540
11322
11541
11323
11542
11324
11543
11325
11544
11326
11545
11327
11546
11328
11547
11329
11548
11330
11549
11331
11550
11332
11551
11333
11552
11334
11553
11335
11554
11336
11555
11337
11556
11338
11557
11339
11558
11340
11559
11341
11560
11342
11561
11343
11562
11344
11563
11345
11564
11346
11565
11347
11566
11348
11567
11349
11568
11350
11569
11351
11570
11352
11571
11353
11572
11354
11573
11355
11574
11356
11575
11357
11576
11358
11577
11359
11578
11360
11579
11361
11580
11362
11581
11363
11582
11364
11583
11365
11584
11366
11585
11367
11586
11368
11587
11369
11588
11370
11589
11371
11590
11372
11591
11373
11592
11374
11593
11375
11594
11376
11595
11377
11596
11378
11597
11379
11598
11380
11599
11381
11600
11382
11601
11383
11602
11384
11603
11385
11604
11386
11605
11387
11606
11388
11607
11389
11608
11390
11609
11391
11610
11392
11611
11393
11612
11394
11613
11395
11614
11396
11615
11397
11616
11398
11617
11399
11618
11400
11619
11401
11620
11402
11621
11403
11622
11404
11623
11405
11624
11406
11625
11407
11626
11408
11627
11409
11628
11410
11629
11411
11630
11412
11631
11413
11632
11414
11633
11415
11634
11416
11635
11417
11636
11418
11637
11419
11638
11420
11639
11421
11640
11422
11641
11423
11642
11424
11643
11425
11644
11426
11645
11427
11646
11428
11647
11429
11648
11430
11649
11431
11650
11432
11651
11433
11652
11434
11653
11435
11654
11436
11655
11437
11656
11438
11657
11439
11658
11440
11659
11441
11660
11442
11661
11443
11662
11444
11663
11445
11664
11446
11665
11447
11666
11448
11667
11449
11668
11450
11669
11451
11670
11452
11671
11453
11672
11454
11673
11455
11674
11456
11675
11457
11676
11458
11677
11459
11678
11460
11679
11461
11680
11462
11681
11463
11682
11464
11683
11465
11684
11466
11685
11467
11686
11468
11687
11469
11688
11470
11689
11471
11690
11472
11691
11473
11692
11474
11693
11475
11694
11476
11695
11477
11696
11478
11697
11479
11698
11480
11699
11481
11700
11482
11701
11483
11702
11484
11703
11485
11704
11486
11705
11487
11706
11488
11707
11489
11708
11490
11709
11491
11710
11492
11711
11493
11712
11494
11713
11495
11714
11496
11715
11497
11716
11498
11717
11499
11718
11500
11719
11501
11720
11502
11721
11503
11722
11504
11723
11505
11724
11506
11725
11507
11726
11508
11727
11509
11728
11510
11729
11511
11730
11512
11731
11513
11732
11514
11733
11515
11734
11516
11735
11517
11736
11518
11737
11519
11738
11520
11739
11521
11740
11522
11741
11523
11742
11524
11743
11525
11744
11526
11745
11527
11746
11528
11747
11529
11748
11530
11749
11531
11750
11532
11751
11533
11752
11534
11753
11535
11754
11536
11755
11537
11756
11538
11757
11539
11758
11759
11541
11760
11542
11761
11543
11762
11544
11763
11545
11764
11546
11765
11547
11766
11548
11767
11549
11768
11550
11769
11551
11770
11552
11771
11553
11772
11554
11773
11555
11774
11556
11775
11557
11776
11558
11777
11559
11778
11560
11779
11561
11780
11562
11781
11563
11782
11564
11783
11565
11784
11566
11785
11567
11786
11568
11787
11569
11788
11570
11789
11571
11790
11572
11791
11573
11792
11574
11793
11575
11794
11576
11795
11577
11796
11578
11797
11579
11798
11580
11799
11581
11800
11582
11801
11583
11802
11584
11803
11585
11804
11586
11805
11587
11806
11588
11807
11589
11808
11590
11809
11591
11810
11592
11811
11593
11812
11594
11813
11595
11814
11596
11815
11597
11816
11598
11817
11599
11818
11600
11819
11601
11820
11602
11821
11603
11822
11604
11823
11605
11824
11606
11825
11607
11826
11608
11827
11609
11828
11610
11829
11611
11830
11612
11831
11613
11832
11614
11833
11615
11834
11616
11835
11617
11836
11618
11837
11619
11838
11620
11839
11621
11840
11622
11841
11623
11842
11624
11843
11625
11844
11626
11845
11627
11846
11628
11847
11629
11848
11630
11849
11631
11850
11632
11851
11633
11852
11634
11853
11635
11854
11636
11855
11637
11856
11638
11857
11639
11858
11640
11859
11641
11860
11642
11861
11643
11862
11644
11863
11645
11864
11646
11865
11647
11866
11648
11867
11649
11868
11650
11869
11651
11870
11652
11871
11653
11872
11654
11873
11655
11874
11656
11875
11657
11876
11658
11877
11659
11878
11660
11879
11661
11880
11662
11881
11663
11882
11664
11883
11665
11884
11666
11885
11667
11886
11668
11887
11669
11888
11670
11889
11671
11890
11672
11891
11673
11892
11674
11893
11675
11894
11676
11895
11677
11896
11678
11897
11679
11898
11680
11899
11681
11900
11682
11901
11683
11902
11684
11903
11685
11904
11686
11905
11687
11906
11688
11907
11689
11908
11690
11909
11691
11910
11692
11911
11693
11912
11694
11913
11695
11914
11696
11915
11697
11916
11698
11917
11699
11918
11700
11919
11701
11920
11702
11921
11703
11922
11704
11923
11705
11924
11706
11925
11707
11926
11708
11927
11709
11928
11710
11929
11711
11930
11712
11931
11713
11932
11714
11933
11715
11934
11716
11935
11717
11936
11718
11937
11719
11938
11720
11939
11721
11940
11722
11941
11723
11942
11724
11943
11725
11944
11726
11945
11727
11946
11728
11947
11729
11948
11730
11949
11731
11950
11732
11951
11733
11952
11734
11953
11735
11954
11736
11955
11737
11956
11738
11957
11739
11958
11740
11959
11741
11960
11742
11961
11743
11962
11744
11963
11745
11964
11746
11965
11747
11966
11748
11967
11749
11968
11750
11969
11751
11970
11752
11971
11753
11972
11754
11973
11755
11974
11756
11975
11757
11976
11758
11977
11759
11978
11979
11761
11980
11762
11981
11763
11982
11764
11983
11765
11984
11766
11985
11767
11986
11768
11987
11769
11988
11770
11989
11771
11990
11772
11991
11773
11992
11774
11993
11775
11994
11776
11995
11777
11996
11778
11997
11779
11998
11780
11999
11781
12000
11782
12001
11783
12002
11784
12003
11785
12004
11786
12005
11787
12006
11788
12007
11789
12008
11790
12009
11791
12010
11792
12011
11793
12012
11794
12013
11795
12014
11796
12015
11797
12016
11798
12017
11799
12018
11800
12019
11801
12020
11802
12021
11803
12022
11804
12023
11805
12024
11806
12025
11807
12026
11808
12027
11809
12028
11810
12029
11811
12030
11812
12031
11813
12032
11814
12033
11815
12034
11816
12035
11817
12036
11818
12037
11819
12038
11820
12039
11821
12040
11822
12041
11823
12042
11824
12043
11825
12044
11826
12045
11827
12046
11828
12047
11829
12048
11830
12049
11831
12050
11832
12051
11833
12052
11834
12053
11835
12054
11836
12055
11837
12056
11838
12057
11839
12058
11840
12059
11841
12060
11842
12061
11843
12062
11844
12063
11845
12064
11846
12065
11847
12066
11848
12067
11849
12068
11850
12069
11851
12070
11852
12071
11853
12072
11854
12073
11855
12074
11856
12075
11857
12076
11858
12077
11859
12078
11860
12079
11861
12080
11862
12081
11863
12082
11864
12083
11865
12084
11866
12085
11867
12086
11868
12087
11869
12088
11870
12089
11871
12090
11872
12091
11873
12092
11874
12093
11875
12094
11876
12095
11877
12096
11878
12097
11879
12098
11880
12099
11881
12100
11882
12101
11883
12102
11884
12103
11885
12104
11886
12105
11887
12106
11888
12107
11889
12108
11890
12109
11891
12110
11892
12111
11893
12112
11894
12113
11895
12114
11896
12115
11897
12116
11898
12117
11899
12118
11900
12119
11901
12120
11902
12121
11903
12122
11904
12123
11905
12124
11906
12125
11907
12126
11908
12127
11909
12128
11910
12129
11911
12130
11912
12131
11913
12132
11914
12133
11915
12134
11916
12135
11917
12136
11918
12137
11919
12138
11920
12139
11921
12140
11922
12141
11923
12142
11924
12143
11925
12144
11926
12145
11927
12146
11928
12147
11929
12148
11930
12149
11931
12150
11932
12151
11933
12152
11934
12153
11935
12154
11936
12155
11937
12156
11938
12157
11939
12158
11940
12159
11941
12160
11942
12161
11943
12162
11944
12163
11945
12164
11946
12165
11947
12166
11948
12167
11949
12168
11950
12169
11951
12170
11952
12171
11953
12172
11954
12173
11955
12174
11956
12175
11957
12176
11958
12177
11959
12178
11960
12179
11961
12180
11962
12181
11963
12182
11964
12183
11965
12184
11966
12185
11967
12186
11968
12187
11969
12188
11970
12189
11971
12190
11972
12191
11973
12192
11974
12193
11975
12194
11976
12195
11977
12196
11978
12197
11979
12198
12199
11981
12200
11982
12201
11983
12202
11984
12203
11985
12204
11986
12205
11987
12206
11988
12207
11989
12208
11990
12209
11991
12210
11992
12211
11993
12212
11994
12213
11995
12214
11996
12215
11997
12216
11998
12217
11999
12218
12000
12219
12001
12220
12002
12221
12003
12222
12004
12223
12005
12224
12006
12225
12007
12226
12008
12227
12009
12228
12010
12229
12011
12230
12012
12231
12013
12232
12014
12233
12015
12234
12016
12235
12017
12236
12018
12237
12019
12238
12020
12239
12021
12240
12022
12241
12023
12242
12024
12243
12025
12244
12026
12245
12027
12246
12028
12247
12029
12248
12030
12249
12031
12250
12032
12251
12033
12252
12034
12253
12035
12254
12036
12255
12037
12256
12038
12257
12039
12258
12040
12259
12041
12260
12042
12261
12043
12262
12044
12263
12045
12264
12046
12265
12047
12266
12048
12267
12049
12268
12050
12269
12051
12270
12052
12271
12053
12272
12054
12273
12055
12274
12056
12275
12057
12276
12058
12277
12059
12278
12060
12279
12061
12280
12062
12281
12063
12282
12064
12283
12065
12284
12066
12285
12067
12286
12068
12287
12069
12288
12070
12289
12071
12290
12072
12291
12073
12292
12074
12293
12075
12294
12076
12295
12077
12296
12078
12297
12079
12298
12080
12299
12081
12300
12082
12301
12083
12302
12084
12303
12085
12304
12086
12305
12087
12306
12088
12307
12089
12308
12090
12309
12091
12310
12092
12311
12093
12312
12094
12313
12095
12314
12096
12315
12097
12316
12098
12317
12099
12318
12100
12319
12101
12320
12102
12321
12103
12322
12104
12323
12105
12324
12106
12325
12107
12326
12108
12327
12109
12328
12110
12329
12111
12330
12112
12331
12113
12332
12114
12333
12115
12334
12116
12335
12117
12336
12118
12337
12119
12338
12120
12339
12121
12340
12122
12341
12123
12342
12124
12343
12125
12344
12126
12345
12127
12346
12128
12347
12129
12348
12130
12349
12131
12350
12132
12351
12133
12352
12134
12353
12135
12354
12136
12355
12137
12356
12138
12357
12139
12358
12140
12359
12141
12360
12142
12361
12143
12362
12144
12363
12145
12364
12146
12365
12147
12366
12148
12367
12149
12368
12150
12369
12151
12370
12152
12371
12153
12372
12154
12373
12155
12374
12156
12375
12157
12376
12158
12377
12159
12378
12160
12379
12161
12380
12162
12381
12163
12382
12164
12383
12165
12384
12166
12385
12167
12386
12168
12387
12169
12388
12170
12389
12171
12390
12172
12391
12173
12392
12174
12393
12175
12394
12176
12395
12177
12396
12178
12397
12179
12398
12180
12399
12181
12400
12182
12401
12183
12402
12184
12403
12185
12404
12186
12405
12187
12406
12188
12407
12189
12408
12190
12409
12191
12410
12192
12411
12193
12412
12194
12413
12195
12414
12196
12415
12197
12416
12198
12417
12199
12418
12419
12201
12420
12202
12421
12203
12422
12204
12423
12205
12424
12206
12425
12207
12426
12208
12427
12209
12428
12210
12429
12211
12430
12212
12431
12213
12432
12214
12433
12215
12434
12216
12435
12217
12436
12218
12437
12219
12438
12220
12439
12221
12440
12222
12441
12223
12442
12224
12443
12225
12444
12226
12445
12227
12446
12228
12447
12229
12448
12230
12449
12231
12450
12232
12451
12233
12452
12234
12453
12235
12454
12236
12455
12237
12456
12238
12457
12239
12458
12240
12459
12241
12460
12242
12461
12243
12462
12244
12463
12245
12464
12246
12465
12247
12466
12248
12467
12249
12468
12250
12469
12251
12470
12252
12471
12253
12472
12254
12473
12255
12474
12256
12475
12257
12476
12258
12477
12259
12478
12260
12479
12261
12480
12262
12481
12263
12482
12264
12483
12265
12484
12266
12485
12267
12486
12268
12487
12269
12488
12270
12489
12271
12490
12272
12491
12273
12492
12274
12493
12275
12494
12276
12495
12277
12496
12278
12497
12279
12498
12280
12499
12281
12500
12282
12501
12283
12502
12284
12503
12285
12504
12286
12505
12287
12506
12288
12507
12289
12508
12290
12509
12291
12510
12292
12511
12293
12512
12294
12513
12295
12514
12296
12515
12297
12516
12298
12517
12299
12518
12300
12519
12301
12520
12302
12521
12303
12522
12304
12523
12305
12524
12306
12525
12307
12526
12308
12527
12309
12528
12310
12529
12311
12530
12312
12531
12313
12532
12314
12533
12315
12534
12316
12535
12317
12536
12318
12537
12319
12538
12320
12539
12321
12540
12322
12541
12323
12542
12324
12543
12325
12544
12326
12545
12327
12546
12328
12547
12329
12548
12330
12549
12331
12550
12332
12551
12333
12552
12334
12553
12335
12554
12336
12555
12337
12556
12338
12557
12339
12558
12340
12559
12341
12560
12342
12561
12343
12562
12344
12563
12345
12564
12346
12565
12347
12566
12348
12567
12349
12568
12350
12569
12351
12570
12352
12571
12353
12572
12354
12573
12355
12574
12356
12575
12357
12576
12358
12577
12359
12578
12360
12579
12361
12580
12362
12581
12363
12582
12364
12583
12365
12584
12366
12585
12367
12586
12368
12587
12369
12588
12370
12589
12371
12590
12372
12591
12373
12592
12374
12593
12375
12594
12376
12595
12377
12596
12378
12597
12379
12598
12380
12599
12381
12600
12382
12601
12383
12602
12384
12603
12385
12604
12386
12605
12387
12606
12388
12607
12389
12608
12390
12609
12391
12610
12392
12611
12393
12612
12394
12613
12395
12614
12396
12615
12397
12616
12398
12617
12399
12618
12400
12619
12401
12620
12402
12621
12403
12622
12404
12623
12405
12624
12406
12625
12407
12626
12408
12627
12409
12628
12410
12629
12411
12630
12412
12631
12413
12632
12414
12633
12415
12634
12416
12635
12417
12636
12418
12637
12419
12638
12639
12421
12640
12422
12641
12423
12642
12424
12643
12425
12644
12426
12645
12427
12646
12428
12647
12429
12648
12430
12649
12431
12650
12432
12651
12433
12652
12434
12653
12435
12654
12436
12655
12437
12656
12438
12657
12439
12658
12440
12659
12441
12660
12442
12661
12443
12662
12444
12663
12445
12664
12446
12665
12447
12666
12448
12667
12449
12668
12450
12669
12451
12670
12452
12671
12453
12672
12454
12673
12455
12674
12456
12675
12457
12676
12458
12677
12459
12678
12460
12679
12461
12680
12462
12681
12463
12682
12464
12683
12465
12684
12466
12685
12467
12686
12468
12687
12469
12688
12470
12689
12471
12690
12472
12691
12473
12692
12474
12693
12475
12694
12476
12695
12477
12696
12478
12697
12479
12698
12480
12699
12481
12700
12482
12701
12483
12702
12484
12703
12485
12704
12486
12705
12487
12706
12488
12707
12489
12708
12490
12709
12491
12710
12492
12711
12493
12712
12494
12713
12495
12714
12496
12715
12497
12716
12498
12717
12499
12718
12500
12719
12501
12720
12502
12721
12503
12722
12504
12723
12505
12724
12506
12725
12507
12726
12508
12727
12509
12728
12510
12729
12511
12730
12512
12731
12513
12732
12514
12733
12515
12734
12516
12735
12517
12736
12518
12737
12519
12738
12520
12739
12521
12740
12522
12741
12523
12742
12524
12743
12525
12744
12526
12745
12527
12746
12528
12747
12529
12748
12530
12749
12531
12750
12532
12751
12533
12752
12534
12753
12535
12754
12536
12755
12537
12756
12538
12757
12539
12758
12540
12759
12541
12760
12542
12761
12543
12762
12544
12763
12545
12764
12546
12765
12547
12766
12548
12767
12549
12768
12550
12769
12551
12770
12552
12771
12553
12772
12554
12773
12555
12774
12556
12775
12557
12776
12558
12777
12559
12778
12560
12779
12561
12780
12562
12781
12563
12782
12564
12783
12565
12784
12566
12785
12567
12786
12568
12787
12569
12788
12570
12789
12571
12790
12572
12791
12573
12792
12574
12793
12575
12794
12576
12795
12577
12796
12578
12797
12579
12798
12580
12799
12581
12800
12582
12801
12583
12802
12584
12803
12585
12804
12586
12805
12587
12806
12588
12807
12589
12808
12590
12809
12591
12810
12592
12811
12593
12812
12594
12813
12595
12814
12596
12815
12597
12816
12598
12817
12599
12818
12600
12819
12601
12820
12602
12821
12603
12822
12604
12823
12605
12824
12606
12825
12607
12826
12608
12827
12609
12828
12610
12829
12611
12830
12612
12831
12613
12832
12614
12833
12615
12834
12616
12835
12617
12836
12618
12837
12619
12838
12620
12839
12621
12840
12622
12841
12623
12842
12624
12843
12625
12844
12626
12845
12627
12846
12628
12847
12629
12848
12630
12849
12631
12850
12632
12851
12633
12852
12634
12853
12635
12854
12636
12855
12637
12856
12638
12857
12639
12858
12859
12641
12860
12642
12861
12643
12862
12644
12863
12645
12864
12646
12865
12647
12866
12648
12867
12649
12868
12650
12869
12651
12870
12652
12871
12653
12872
12654
12873
12655
12874
12656
12875
12657
12876
12658
12877
12659
12878
12660
12879
12661
12880
12662
12881
12663
12882
12664
12883
12665
12884
12666
12885
12667
12886
12668
12887
12669
12888
12670
12889
12671
12890
12672
12891
12673
12892
12674
12893
12675
12894
12676
12895
12677
12896
12678
12897
12679
12898
12680
12899
12681
12900
12682
12901
12683
12902
12684
12903
12685
12904
12686
12905
12687
12906
12688
12907
12689
12908
12690
12909
12691
12910
12692
12911
12693
12912
12694
12913
12695
12914
12696
12915
12697
12916
12698
12917
12699
12918
12700
12919
12701
12920
12702
12921
12703
12922
12704
12923
12705
12924
12706
12925
12707
12926
12708
12927
12709
12928
12710
12929
12711
12930
12712
12931
12713
12932
12714
12933
12715
12934
12716
12935
12717
12936
12718
12937
12719
12938
12720
12939
12721
12940
12722
12941
12723
12942
12724
12943
12725
12944
12726
12945
12727
12946
12728
12947
12729
12948
12730
12949
12731
12950
12732
12951
12733
12952
12734
12953
12735
12954
12736
12955
12737
12956
12738
12957
12739
12958
12740
12959
12741
12960
12742
12961
12743
12962
12744
12963
12745
12964
12746
12965
12747
12966
12748
12967
12749
12968
12750
12969
12751
12970
12752
12971
12753
12972
12754
12973
12755
12974
12756
12975
12757
12976
12758
12977
12759
12978
12760
12979
12761
12980
12762
12981
12763
12982
12764
12983
12765
12984
12766
12985
12767
12986
12768
12987
12769
12988
12770
12989
12771
12990
12772
12991
12773
12992
12774
12993
12775
12994
12776
12995
12777
12996
12778
12997
12779
12998
12780
12999
12781
13000
12782
13001
12783
13002
12784
13003
12785
13004
12786
13005
12787
13006
12788
13007
12789
13008
12790
13009
12791
13010
12792
13011
12793
13012
12794
13013
12795
13014
12796
13015
12797
13016
12798
13017
12799
13018
12800
13019
12801
13020
12802
13021
12803
13022
12804
13023
12805
13024
12806
13025
12807
13026
12808
13027
12809
13028
12810
13029
12811
13030
12812
13031
12813
13032
12814
13033
12815
13034
12816
13035
12817
13036
12818
13037
12819
13038
12820
13039
12821
13040
12822
13041
12823
13042
12824
13043
12825
13044
12826
13045
12827
13046
12828
13047
12829
13048
12830
13049
12831
13050
12832
13051
12833
13052
12834
13053
12835
13054
12836
13055
12837
13056
12838
13057
12839
13058
12840
13059
12841
13060
12842
13061
12843
13062
12844
13063
12845
13064
12846
13065
12847
13066
12848
13067
12849
13068
12850
13069
12851
13070
12852
13071
12853
13072
12854
13073
12855
13074
12856
13075
12857
13076
12858
13077
12859
13078
13079
12861
13080
12862
13081
12863
13082
12864
13083
12865
13084
12866
13085
12867
13086
12868
13087
12869
13088
12870
13089
12871
13090
12872
13091
12873
13092
12874
13093
12875
13094
12876
13095
12877
13096
12878
13097
12879
13098
12880
13099
12881
13100
12882
13101
12883
13102
12884
13103
12885
13104
12886
13105
12887
13106
12888
13107
12889
13108
12890
13109
12891
13110
12892
13111
12893
13112
12894
13113
12895
13114
12896
13115
12897
13116
12898
13117
12899
13118
12900
13119
12901
13120
12902
13121
12903
13122
12904
13123
12905
13124
12906
13125
12907
13126
12908
13127
12909
13128
12910
13129
12911
13130
12912
13131
12913
13132
12914
13133
12915
13134
12916
13135
12917
13136
12918
13137
12919
13138
12920
13139
12921
13140
12922
13141
12923
13142
12924
13143
12925
13144
12926
13145
12927
13146
12928
13147
12929
13148
12930
13149
12931
13150
12932
13151
12933
13152
12934
13153
12935
13154
12936
13155
12937
13156
12938
13157
12939
13158
12940
13159
12941
13160
12942
13161
12943
13162
12944
13163
12945
13164
12946
13165
12947
13166
12948
13167
12949
13168
12950
13169
12951
13170
12952
13171
12953
13172
12954
13173
12955
13174
12956
13175
12957
13176
12958
13177
12959
13178
12960
13179
12961
13180
12962
13181
12963
13182
12964
13183
12965
13184
12966
13185
12967
13186
12968
13187
12969
13188
12970
13189
12971
13190
12972
13191
12973
13192
12974
13193
12975
13194
12976
13195
12977
13196
12978
13197
12979
13198
12980
13199
12981
13200
12982
13201
12983
13202
12984
13203
12985
13204
12986
13205
12987
13206
12988
13207
12989
13208
12990
13209
12991
13210
12992
13211
12993
13212
12994
13213
12995
13214
12996
13215
12997
13216
12998
13217
12999
13218
13000
13219
13001
13220
13002
13221
13003
13222
13004
13223
13005
13224
13006
13225
13007
13226
13008
13227
13009
13228
13010
13229
13011
13230
13012
13231
13013
13232
13014
13233
13015
13234
13016
13235
13017
13236
13018
13237
13019
13238
13020
13239
13021
13240
13022
13241
13023
13242
13024
13243
13025
13244
13026
13245
13027
13246
13028
13247
13029
13248
13030
13249
13031
13250
13032
13251
13033
13252
13034
13253
13035
13254
13036
13255
13037
13256
13038
13257
13039
13258
13040
13259
13041
13260
13042
13261
13043
13262
13044
13263
13045
13264
13046
13265
13047
13266
13048
13267
13049
13268
13050
13269
13051
13270
13052
13271
13053
13272
13054
13273
13055
13274
13056
13275
13057
13276
13058
13277
13059
13278
13060
13279
13061
13280
13062
13281
13063
13282
13064
13283
13065
13284
13066
13285
13067
13286
13068
13287
13069
13288
13070
13289
13071
13290
13072
13291
13073
13292
13074
13293
13075
13294
13076
13295
13077
13296
13078
13297
13079
13298
13299
13081
13300
13082
13301
13083
13302
13084
13303
13085
13304
13086
13305
13087
13306
13088
13307
13089
13308
13090
13309
13091
13310
13092
13311
13093
13312
13094
13313
13095
13314
13096
13315
13097
13316
13098
13317
13099
13318
13100
13319
13101
13320
13102
13321
13103
13322
13104
13323
13105
13324
13106
13325
13107
13326
13108
13327
13109
13328
13110
13329
13111
13330
13112
13331
13113
13332
13114
13333
13115
13334
13116
13335
13117
13336
13118
13337
13119
13338
13120
13339
13121
13340
13122
13341
13123
13342
13124
13343
13125
13344
13126
13345
13127
13346
13128
13347
13129
13348
13130
13349
13131
13350
13132
13351
13133
13352
13134
13353
13135
13354
13136
13355
13137
13356
13138
13357
13139
13358
13140
13359
13141
13360
13142
13361
13143
13362
13144
13363
13145
13364
13146
13365
13147
13366
13148
13367
13149
13368
13150
13369
13151
13370
13152
13371
13153
13372
13154
13373
13155
13374
13156
13375
13157
13376
13158
13377
13159
13378
13160
13379
13161
13380
13162
13381
13163
13382
13164
13383
13165
13384
13166
13385
13167
13386
13168
13387
13169
13388
13170
13389
13171
13390
13172
13391
13173
13392
13174
13393
13175
13394
13176
13395
13177
13396
13178
13397
13179
13398
13180
13399
13181
13400
13182
13401
13183
13402
13184
13403
13185
13404
13186
13405
13187
13406
13188
13407
13189
13408
13190
13409
13191
13410
13192
13411
13193
13412
13194
13413
13195
13414
13196
13415
13197
13416
13198
13417
13199
13418
13200
13419
13201
13420
13202
13421
13203
13422
13204
13423
13205
13424
13206
13425
13207
13426
13208
13427
13209
13428
13210
13429
13211
13430
13212
13431
13213
13432
13214
13433
13215
13434
13216
13435
13217
13436
13218
13437
13219
13438
13220
13439
13221
13440
13222
13441
13223
13442
13224
13443
13225
13444
13226
13445
13227
13446
13228
13447
13229
13448
13230
13449
13231
13450
13232
13451
13233
13452
13234
13453
13235
13454
13236
13455
13237
13456
13238
13457
13239
13458
13240
13459
13241
13460
13242
13461
13243
13462
13244
13463
13245
13464
13246
13465
13247
13466
13248
13467
13249
13468
13250
13469
13251
13470
13252
13471
13253
13472
13254
13473
13255
13474
13256
13475
13257
13476
13258
13477
13259
13478
13260
13479
13261
13480
13262
13481
13263
13482
13264
13483
13265
13484
13266
13485
13267
13486
13268
13487
13269
13488
13270
13489
13271
13490
13272
13491
13273
13492
13274
13493
13275
13494
13276
13495
13277
13496
13278
13497
13279
13498
13280
13499
13281
13500
13282
13501
13283
13502
13284
13503
13285
13504
13286
13505
13287
13506
13288
13507
13289
13508
13290
13509
13291
13510
13292
13511
13293
13512
13294
13513
13295
13514
13296
13515
13297
13516
13298
13517
13299
13518
13519
13301
13520
13302
13521
13303
13522
13304
13523
13305
13524
13306
13525
13307
13526
13308
13527
13309
13528
13310
13529
13311
13530
13312
13531
13313
13532
13314
13533
13315
13534
13316
13535
13317
13536
13318
13537
13319
13538
13320
13539
13321
13540
13322
13541
13323
13542
13324
13543
13325
13544
13326
13545
13327
13546
13328
13547
13329
13548
13330
13549
13331
13550
13332
13551
13333
13552
13334
13553
13335
13554
13336
13555
13337
13556
13338
13557
13339
13558
13340
13559
13341
13560
13342
13561
13343
13562
13344
13563
13345
13564
13346
13565
13347
13566
13348
13567
13349
13568
13350
13569
13351
13570
13352
13571
13353
13572
13354
13573
13355
13574
13356
13575
13357
13576
13358
13577
13359
13578
13360
13579
13361
13580
13362
13581
13363
13582
13364
13583
13365
13584
13366
13585
13367
13586
13368
13587
13369
13588
13370
13589
13371
13590
13372
13591
13373
13592
13374
13593
13375
13594
13376
13595
13377
13596
13378
13597
13379
13598
13380
13599
13381
13600
13382
13601
13383
13602
13384
13603
13385
13604
13386
13605
13387
13606
13388
13607
13389
13608
13390
13609
13391
13610
13392
13611
13393
13612
13394
13613
13395
13614
13396
13615
13397
13616
13398
13617
13399
13618
13400
13619
13401
13620
13402
13621
13403
13622
13404
13623
13405
13624
13406
13625
13407
13626
13408
13627
13409
13628
13410
13629
13411
13630
13412
13631
13413
13632
13414
13633
13415
13634
13416
13635
13417
13636
13418
13637
13419
13638
13420
13639
13421
13640
13422
13641
13423
13642
13424
13643
13425
13644
13426
13645
13427
13646
13428
13647
13429
13648
13430
13649
13431
13650
13432
13651
13433
13652
13434
13653
13435
13654
13436
13655
13437
13656
13438
13657
13439
13658
13440
13659
13441
13660
13442
13661
13443
13662
13444
13663
13445
13664
13446
13665
13447
13666
13448
13667
13449
13668
13450
13669
13451
13670
13452
13671
13453
13672
13454
13673
13455
13674
13456
13675
13457
13676
13458
13677
13459
13678
13460
13679
13461
13680
13462
13681
13463
13682
13464
13683
13465
13684
13466
13685
13467
13686
13468
13687
13469
13688
13470
13689
13471
13690
13472
13691
13473
13692
13474
13693
13475
13694
13476
13695
13477
13696
13478
13697
13479
13698
13480
13699
13481
13700
13482
13701
13483
13702
13484
13703
13485
13704
13486
13705
13487
13706
13488
13707
13489
13708
13490
13709
13491
13710
13492
13711
13493
13712
13494
13713
13495
13714
13496
13715
13497
13716
13498
13717
13499
13718
13500
13719
13501
13720
13502
13721
13503
13722
13504
13723
13505
13724
13506
13725
13507
13726
13508
13727
13509
13728
13510
13729
13511
13730
13512
13731
13513
13732
13514
13733
13515
13734
13516
13735
13517
13736
13518
13737
13519
13738
13739
13521
13740
13522
13741
13523
13742
13524
13743
13525
13744
13526
13745
13527
13746
13528
13747
13529
13748
13530
13749
13531
13750
13532
13751
13533
13752
13534
13753
13535
13754
13536
13755
13537
13756
13538
13757
13539
13758
13540
13759
13541
13760
13542
13761
13543
13762
13544
13763
13545
13764
13546
13765
13547
13766
13548
13767
13549
13768
13550
13769
13551
13770
13552
13771
13553
13772
13554
13773
13555
13774
13556
13775
13557
13776
13558
13777
13559
13778
13560
13779
13561
13780
13562
13781
13563
13782
13564
13783
13565
13784
13566
13785
13567
13786
13568
13787
13569
13788
13570
13789
13571
13790
13572
13791
13573
13792
13574
13793
13575
13794
13576
13795
13577
13796
13578
13797
13579
13798
13580
13799
13581
13800
13582
13801
13583
13802
13584
13803
13585
13804
13586
13805
13587
13806
13588
13807
13589
13808
13590
13809
13591
13810
13592
13811
13593
13812
13594
13813
13595
13814
13596
13815
13597
13816
13598
13817
13599
13818
13600
13819
13601
13820
13602
13821
13603
13822
13604
13823
13605
13824
13606
13825
13607
13826
13608
13827
13609
13828
13610
13829
13611
13830
13612
13831
13613
13832
13614
13833
13615
13834
13616
13835
13617
13836
13618
13837
13619
13838
13620
13839
13621
13840
13622
13841
13623
13842
13624
13843
13625
13844
13626
13845
13627
13846
13628
13847
13629
13848
13630
13849
13631
13850
13632
13851
13633
13852
13634
13853
13635
13854
13636
13855
13637
13856
13638
13857
13639
13858
13640
13859
13641
13860
13642
13861
13643
13862
13644
13863
13645
13864
13646
13865
13647
13866
13648
13867
13649
13868
13650
13869
13651
13870
13652
13871
13653
13872
13654
13873
13655
13874
13656
13875
13657
13876
13658
13877
13659
13878
13660
13879
13661
13880
13662
13881
13663
13882
13664
13883
13665
13884
13666
13885
13667
13886
13668
13887
13669
13888
13670
13889
13671
13890
13672
13891
13673
13892
13674
13893
13675
13894
13676
13895
13677
13896
13678
13897
13679
13898
13680
13899
13681
13900
13682
13901
13683
13902
13684
13903
13685
13904
13686
13905
13687
13906
13688
13907
13689
13908
13690
13909
13691
13910
13692
13911
13693
13912
13694
13913
13695
13914
13696
13915
13697
13916
13698
13917
13699
13918
13700
13919
13701
13920
13702
13921
13703
13922
13704
13923
13705
13924
13706
13925
13707
13926
13708
13927
13709
13928
13710
13929
13711
13930
13712
13931
13713
13932
13714
13933
13715
13934
13716
13935
13717
13936
13718
13937
13719
13938
13720
13939
13721
13940
13722
13941
13723
13942
13724
13943
13725
13944
13726
13945
13727
13946
13728
13947
13729
13948
13730
13949
13731
13950
13732
13951
13733
13952
13734
13953
13735
13954
13736
13955
13737
13956
13738
13957
13739
13958
13959
13741
13960
13742
13961
13743
13962
13744
13963
13745
13964
13746
13965
13747
13966
13748
13967
13749
13968
13750
13969
13751
13970
13752
13971
13753
13972
13754
13973
13755
13974
13756
13975
13757
13976
13758
13977
13759
13978
13760
13979
13761
13980
13762
13981
13763
13982
13764
13983
13765
13984
13766
13985
13767
13986
13768
13987
13769
13988
13770
13989
13771
13990
13772
13991
13773
13992
13774
13993
13775
13994
13776
13995
13777
13996
13778
13997
13779
13998
13780
13999
13781
14000
13782
14001
13783
14002
13784
14003
13785
14004
13786
14005
13787
14006
13788
14007
13789
14008
13790
14009
13791
14010
13792
14011
13793
14012
13794
14013
13795
14014
13796
14015
13797
14016
13798
14017
13799
14018
13800
14019
13801
14020
13802
14021
13803
14022
13804
14023
13805
14024
13806
14025
13807
14026
13808
14027
13809
14028
13810
14029
13811
14030
13812
14031
13813
14032
13814
14033
13815
14034
13816
14035
13817
14036
13818
14037
13819
14038
13820
14039
13821
14040
13822
14041
13823
14042
13824
14043
13825
14044
13826
14045
13827
14046
13828
14047
13829
14048
13830
14049
13831
14050
13832
14051
13833
14052
13834
14053
13835
14054
13836
14055
13837
14056
13838
14057
13839
14058
13840
14059
13841
14060
13842
14061
13843
14062
13844
14063
13845
14064
13846
14065
13847
14066
13848
14067
13849
14068
13850
14069
13851
14070
13852
14071
13853
14072
13854
14073
13855
14074
13856
14075
13857
14076
13858
14077
13859
14078
13860
14079
13861
14080
13862
14081
13863
14082
13864
14083
13865
14084
13866
14085
13867
14086
13868
14087
13869
14088
13870
14089
13871
14090
13872
14091
13873
14092
13874
14093
13875
14094
13876
14095
13877
14096
13878
14097
13879
14098
13880
14099
13881
14100
13882
14101
13883
14102
13884
14103
13885
14104
13886
14105
13887
14106
13888
14107
13889
14108
13890
14109
13891
14110
13892
14111
13893
14112
13894
14113
13895
14114
13896
14115
13897
14116
13898
14117
13899
14118
13900
14119
13901
14120
13902
14121
13903
14122
13904
14123
13905
14124
13906
14125
13907
14126
13908
14127
13909
14128
13910
14129
13911
14130
13912
14131
13913
14132
13914
14133
13915
14134
13916
14135
13917
14136
13918
14137
13919
14138
13920
14139
13921
14140
13922
14141
13923
14142
13924
14143
13925
14144
13926
14145
13927
14146
13928
14147
13929
14148
13930
14149
13931
14150
13932
14151
13933
14152
13934
14153
13935
14154
13936
14155
13937
14156
13938
14157
13939
14158
13940
14159
13941
14160
13942
14161
13943
14162
13944
14163
13945
14164
13946
14165
13947
14166
13948
14167
13949
14168
13950
14169
13951
14170
13952
14171
13953
14172
13954
14173
13955
14174
13956
14175
13957
14176
13958
14177
13959
14178
14179
13961
14180
13962
14181
13963
14182
13964
14183
13965
14184
13966
14185
13967
14186
13968
14187
13969
14188
13970
14189
13971
14190
13972
14191
13973
14192
13974
14193
13975
14194
13976
14195
13977
14196
13978
14197
13979
14198
13980
14199
13981
14200
13982
14201
13983
14202
13984
14203
13985
14204
13986
14205
13987
14206
13988
14207
13989
14208
13990
14209
13991
14210
13992
14211
13993
14212
13994
14213
13995
14214
13996
14215
13997
14216
13998
14217
13999
14218
14000
14219
14001
14220
14002
14221
14003
14222
14004
14223
14005
14224
14006
14225
14007
14226
14008
14227
14009
14228
14010
14229
14011
14230
14012
14231
14013
14232
14014
14233
14015
14234
14016
14235
14017
14236
14018
14237
14019
14238
14020
14239
14021
14240
14022
14241
14023
14242
14024
14243
14025
14244
14026
14245
14027
14246
14028
14247
14029
14248
14030
14249
14031
14250
14032
14251
14033
14252
14034
14253
14035
14254
14036
14255
14037
14256
14038
14257
14039
14258
14040
14259
14041
14260
14042
14261
14043
14262
14044
14263
14045
14264
14046
14265
14047
14266
14048
14267
14049
14268
14050
14269
14051
14270
14052
14271
14053
14272
14054
14273
14055
14274
14056
14275
14057
14276
14058
14277
14059
14278
14060
14279
14061
14280
14062
14281
14063
14282
14064
14283
14065
14284
14066
14285
14067
14286
14068
14287
14069
14288
14070
14289
14071
14290
14072
14291
14073
14292
14074
14293
14075
14294
14076
14295
14077
14296
14078
14297
14079
14298
14080
14299
14081
14300
14082
14301
14083
14302
14084
14303
14085
14304
14086
14305
14087
14306
14088
14307
14089
14308
14090
14309
14091
14310
14092
14311
14093
14312
14094
14313
14095
14314
14096
14315
14097
14316
14098
14317
14099
14318
14100
14319
14101
14320
14102
14321
14103
14322
14104
14323
14105
14324
14106
14325
14107
14326
14108
14327
14109
14328
14110
14329
14111
14330
14112
14331
14113
14332
14114
14333
14115
14334
14116
14335
14117
14336
14118
14337
14119
14338
14120
14339
14121
14340
14122
14341
14123
14342
14124
14343
14125
14344
14126
14345
14127
14346
14128
14347
14129
14348
14130
14349
14131
14350
14132
14351
14133
14352
14134
14353
14135
14354
14136
14355
14137
14356
14138
14357
14139
14358
14140
14359
14141
14360
14142
14361
14143
14362
14144
14363
14145
14364
14146
14365
14147
14366
14148
14367
14149
14368
14150
14369
14151
14370
14152
14371
14153
14372
14154
14373
14155
14374
14156
14375
14157
14376
14158
14377
14159
14378
14160
14379
14161
14380
14162
14381
14163
14382
14164
14383
14165
14384
14166
14385
14167
14386
14168
14387
14169
14388
14170
14389
14171
14390
14172
14391
14173
14392
14174
14393
14175
14394
14176
14395
14177
14396
14178
14397
14179
14398
14399
14181
14400
14182
14401
14183
14402
14184
14403
14185
14404
14186
14405
14187
14406
14188
14407
14189
14408
14190
14409
14191
14410
14192
14411
14193
14412
14194
14413
14195
14414
14196
14415
14197
14416
14198
14417
14199
14418
14200
14419
14201
14420
14202
14421
14203
14422
14204
14423
14205
14424
14206
14425
14207
14426
14208
14427
14209
14428
14210
14429
14211
14430
14212
14431
14213
14432
14214
14433
14215
14434
14216
14435
14217
14436
14218
14437
14219
14438
14220
14439
14221
14440
14222
14441
14223
14442
14224
14443
14225
14444
14226
14445
14227
14446
14228
14447
14229
14448
14230
14449
14231
14450
14232
14451
14233
14452
14234
14453
14235
14454
14236
14455
14237
14456
14238
14457
14239
14458
14240
14459
14241
14460
14242
14461
14243
14462
14244
14463
14245
14464
14246
14465
14247
14466
14248
14467
14249
14468
14250
14469
14251
14470
14252
14471
14253
14472
14254
14473
14255
14474
14256
14475
14257
14476
14258
14477
14259
14478
14260
14479
14261
14480
14262
14481
14263
14482
14264
14483
14265
14484
14266
14485
14267
14486
14268
14487
14269
14488
14270
14489
14271
14490
14272
14491
14273
14492
14274
14493
14275
14494
14276
14495
14277
14496
14278
14497
14279
14498
14280
14499
14281
14500
14282
14501
14283
14502
14284
14503
14285
14504
14286
14505
14287
14506
14288
14507
14289
14508
14290
14509
14291
14510
14292
14511
14293
14512
14294
14513
14295
14514
14296
14515
14297
14516
14298
14517
14299
14518
14300
14519
14301
14520
14302
14521
14303
14522
14304
14523
14305
14524
14306
14525
14307
14526
14308
14527
14309
14528
14310
14529
14311
14530
14312
14531
14313
14532
14314
14533
14315
14534
14316
14535
14317
14536
14318
14537
14319
14538
14320
14539
14321
14540
14322
14541
14323
14542
14324
14543
14325
14544
14326
14545
14327
14546
14328
14547
14329
14548
14330
14549
14331
14550
14332
14551
14333
14552
14334
14553
14335
14554
14336
14555
14337
14556
14338
14557
14339
14558
14340
14559
14341
14560
14342
14561
14343
14562
14344
14563
14345
14564
14346
14565
14347
14566
14348
14567
14349
14568
14350
14569
14351
14570
14352
14571
14353
14572
14354
14573
14355
14574
14356
14575
14357
14576
14358
14577
14359
14578
14360
14579
14361
14580
14362
14581
14363
14582
14364
14583
14365
14584
14366
14585
14367
14586
14368
14587
14369
14588
14370
14589
14371
14590
14372
14591
14373
14592
14374
14593
14375
14594
14376
14595
14377
14596
14378
14597
14379
14598
14380
14599
14381
14600
14382
14601
14383
14602
14384
14603
14385
14604
14386
14605
14387
14606
14388
14607
14389
14608
14390
14609
14391
14610
14392
14611
14393
14612
14394
14613
14395
14614
14396
14615
14397
14616
14398
14617
14399
14618
14619
14401
14620
14402
14621
14403
14622
14404
14623
14405
14624
14406
14625
14407
14626
14408
14627
14409
14628
14410
14629
14411
14630
14412
14631
14413
14632
14414
14633
14415
14634
14416
14635
14417
14636
14418
14637
14419
14638
14420
14639
14421
14640
14422
14641
14423
14642
14424
14643
14425
14644
14426
14645
14427
14646
14428
14647
14429
14648
14430
14649
14431
14650
14432
14651
14433
14652
14434
14653
14435
14654
14436
14655
14437
14656
14438
14657
14439
14658
14440
14659
14441
14660
14442
14661
14443
14662
14444
14663
14445
14664
14446
14665
14447
14666
14448
14667
14449
14668
14450
14669
14451
14670
14452
14671
14453
14672
14454
14673
14455
14674
14456
14675
14457
14676
14458
14677
14459
14678
14460
14679
14461
14680
14462
14681
14463
14682
14464
14683
14465
14684
14466
14685
14467
14686
14468
14687
14469
14688
14470
14689
14471
14690
14472
14691
14473
14692
14474
14693
14475
14694
14476
14695
14477
14696
14478
14697
14479
14698
14480
14699
14481
14700
14482
14701
14483
14702
14484
14703
14485
14704
14486
14705
14487
14706
14488
14707
14489
14708
14490
14709
14491
14710
14492
14711
14493
14712
14494
14713
14495
14714
14496
14715
14497
14716
14498
14717
14499
14718
14500
14719
14501
14720
14502
14721
14503
14722
14504
14723
14505
14724
14506
14725
14507
14726
14508
14727
14509
14728
14510
14729
14511
14730
14512
14731
14513
14732
14514
14733
14515
14734
14516
14735
14517
14736
14518
14737
14519
14738
14520
14739
14521
14740
14522
14741
14523
14742
14524
14743
14525
14744
14526
14745
14527
14746
14528
14747
14529
14748
14530
14749
14531
14750
14532
14751
14533
14752
14534
14753
14535
14754
14536
14755
14537
14756
14538
14757
14539
14758
14540
14759
14541
14760
14542
14761
14543
14762
14544
14763
14545
14764
14546
14765
14547
14766
14548
14767
14549
14768
14550
14769
14551
14770
14552
14771
14553
14772
14554
14773
14555
14774
14556
14775
14557
14776
14558
14777
14559
14778
14560
14779
14561
14780
14562
14781
14563
14782
14564
14783
14565
14784
14566
14785
14567
14786
14568
14787
14569
14788
14570
14789
14571
14790
14572
14791
14573
14792
14574
14793
14575
14794
14576
14795
14577
14796
14578
14797
14579
14798
14580
14799
14581
14800
14582
14801
14583
14802
14584
14803
14585
14804
14586
14805
14587
14806
14588
14807
14589
14808
14590
14809
14591
14810
14592
14811
14593
14812
14594
14813
14595
14814
14596
14815
14597
14816
14598
14817
14599
14818
14600
14819
14601
14820
14602
14821
14603
14822
14604
14823
14605
14824
14606
14825
14607
14826
14608
14827
14609
14828
14610
14829
14611
14830
14612
14831
14613
14832
14614
14833
14615
14834
14616
14835
14617
14836
14618
14837
14619
14838
14839
14621
14840
14622
14841
14623
14842
14624
14843
14625
14844
14626
14845
14627
14846
14628
14847
14629
14848
14630
14849
14631
14850
14632
14851
14633
14852
14634
14853
14635
14854
14636
14855
14637
14856
14638
14857
14639
14858
14640
14859
14641
14860
14642
14861
14643
14862
14644
14863
14645
14864
14646
14865
14647
14866
14648
14867
14649
14868
14650
14869
14651
14870
14652
14871
14653
14872
14654
14873
14655
14874
14656
14875
14657
14876
14658
14877
14659
14878
14660
14879
14661
14880
14662
14881
14663
14882
14664
14883
14665
14884
14666
14885
14667
14886
14668
14887
14669
14888
14670
14889
14671
14890
14672
14891
14673
14892
14674
14893
14675
14894
14676
14895
14677
14896
14678
14897
14679
14898
14680
14899
14681
14900
14682
14901
14683
14902
14684
14903
14685
14904
14686
14905
14687
14906
14688
14907
14689
14908
14690
14909
14691
14910
14692
14911
14693
14912
14694
14913
14695
14914
14696
14915
14697
14916
14698
14917
14699
14918
14700
14919
14701
14920
14702
14921
14703
14922
14704
14923
14705
14924
14706
14925
14707
14926
14708
14927
14709
14928
14710
14929
14711
14930
14712
14931
14713
14932
14714
14933
14715
14934
14716
14935
14717
14936
14718
14937
14719
14938
14720
14939
14721
14940
14722
14941
14723
14942
14724
14943
14725
14944
14726
14945
14727
14946
14728
14947
14729
14948
14730
14949
14731
14950
14732
14951
14733
14952
14734
14953
14735
14954
14736
14955
14737
14956
14738
14957
14739
14958
14740
14959
14741
14960
14742
14961
14743
14962
14744
14963
14745
14964
14746
14965
14747
14966
14748
14967
14749
14968
14750
14969
14751
14970
14752
14971
14753
14972
14754
14973
14755
14974
14756
14975
14757
14976
14758
14977
14759
14978
14760
14979
14761
14980
14762
14981
14763
14982
14764
14983
14765
14984
14766
14985
14767
14986
14768
14987
14769
14988
14770
14989
14771
14990
14772
14991
14773
14992
14774
14993
14775
14994
14776
14995
14777
14996
14778
14997
14779
14998
14780
14999
14781
15000
14782
15001
14783
15002
14784
15003
14785
15004
14786
15005
14787
15006
14788
15007
14789
15008
14790
15009
14791
15010
14792
15011
14793
15012
14794
15013
14795
15014
14796
15015
14797
15016
14798
15017
14799
15018
14800
15019
14801
15020
14802
15021
14803
15022
14804
15023
14805
15024
14806
15025
14807
15026
14808
15027
14809
15028
14810
15029
14811
15030
14812
15031
14813
15032
14814
15033
14815
15034
14816
15035
14817
15036
14818
15037
14819
15038
14820
15039
14821
15040
14822
15041
14823
15042
14824
15043
14825
15044
14826
15045
14827
15046
14828
15047
14829
15048
14830
15049
14831
15050
14832
15051
14833
15052
14834
15053
14835
15054
14836
15055
14837
15056
14838
15057
14839
15058
15059
14841
15060
14842
15061
14843
15062
14844
15063
14845
15064
14846
15065
14847
15066
14848
15067
14849
15068
14850
15069
14851
15070
14852
15071
14853
15072
14854
15073
14855
15074
14856
15075
14857
15076
14858
15077
14859
15078
14860
15079
14861
15080
14862
15081
14863
15082
14864
15083
14865
15084
14866
15085
14867
15086
14868
15087
14869
15088
14870
15089
14871
15090
14872
15091
14873
15092
14874
15093
14875
15094
14876
15095
14877
15096
14878
15097
14879
15098
14880
15099
14881
15100
14882
15101
14883
15102
14884
15103
14885
15104
14886
15105
14887
15106
14888
15107
14889
15108
14890
15109
14891
15110
14892
15111
14893
15112
14894
15113
14895
15114
14896
15115
14897
15116
14898
15117
14899
15118
14900
15119
14901
15120
14902
15121
14903
15122
14904
15123
14905
15124
14906
15125
14907
15126
14908
15127
14909
15128
14910
15129
14911
15130
14912
15131
14913
15132
14914
15133
14915
15134
14916
15135
14917
15136
14918
15137
14919
15138
14920
15139
14921
15140
14922
15141
14923
15142
14924
15143
14925
15144
14926
15145
14927
15146
14928
15147
14929
15148
14930
15149
14931
15150
14932
15151
14933
15152
14934
15153
14935
15154
14936
15155
14937
15156
14938
15157
14939
15158
14940
15159
14941
15160
14942
15161
14943
15162
14944
15163
14945
15164
14946
15165
14947
15166
14948
15167
14949
15168
14950
15169
14951
15170
14952
15171
14953
15172
14954
15173
14955
15174
14956
15175
14957
15176
14958
15177
14959
15178
14960
15179
14961
15180
14962
15181
14963
15182
14964
15183
14965
15184
14966
15185
14967
15186
14968
15187
14969
15188
14970
15189
14971
15190
14972
15191
14973
15192
14974
15193
14975
15194
14976
15195
14977
15196
14978
15197
14979
15198
14980
15199
14981
15200
14982
15201
14983
15202
14984
15203
14985
15204
14986
15205
14987
15206
14988
15207
14989
15208
14990
15209
14991
15210
14992
15211
14993
15212
14994
15213
14995
15214
14996
15215
14997
15216
14998
15217
14999
15218
15000
15219
15001
15220
15002
15221
15003
15222
15004
15223
15005
15224
15006
15225
15007
15226
15008
15227
15009
15228
15010
15229
15011
15230
15012
15231
15013
15232
15014
15233
15015
15234
15016
15235
15017
15236
15018
15237
15019
15238
15020
15239
15021
15240
15022
15241
15023
15242
15024
15243
15025
15244
15026
15245
15027
15246
15028
15247
15029
15248
15030
15249
15031
15250
15032
15251
15033
15252
15034
15253
15035
15254
15036
15255
15037
15256
15038
15257
15039
15258
15040
15259
15041
15260
15042
15261
15043
15262
15044
15263
15045
15264
15046
15265
15047
15266
15048
15267
15049
15268
15050
15269
15051
15270
15052
15271
15053
15272
15054
15273
15055
15274
15056
15275
15057
15276
15058
15277
15059
15278
15279
15061
15280
15062
15281
15063
15282
15064
15283
15065
15284
15066
15285
15067
15286
15068
15287
15069
15288
15070
15289
15071
15290
15072
15291
15073
15292
15074
15293
15075
15294
15076
15295
15077
15296
15078
15297
15079
15298
15080
15299
15081
15300
15082
15301
15083
15302
15084
15303
15085
15304
15086
15305
15087
15306
15088
15307
15089
15308
15090
15309
15091
15310
15092
15311
15093
15312
15094
15313
15095
15314
15096
15315
15097
15316
15098
15317
15099
15318
15100
15319
15101
15320
15102
15321
15103
15322
15104
15323
15105
15324
15106
15325
15107
15326
15108
15327
15109
15328
15110
15329
15111
15330
15112
15331
15113
15332
15114
15333
15115
15334
15116
15335
15117
15336
15118
15337
15119
15338
15120
15339
15121
15340
15122
15341
15123
15342
15124
15343
15125
15344
15126
15345
15127
15346
15128
15347
15129
15348
15130
15349
15131
15350
15132
15351
15133
15352
15134
15353
15135
15354
15136
15355
15137
15356
15138
15357
15139
15358
15140
15359
15141
15360
15142
15361
15143
15362
15144
15363
15145
15364
15146
15365
15147
15366
15148
15367
15149
15368
15150
15369
15151
15370
15152
15371
15153
15372
15154
15373
15155
15374
15156
15375
15157
15376
15158
15377
15159
15378
15160
15379
15161
15380
15162
15381
15163
15382
15164
15383
15165
15384
15166
15385
15167
15386
15168
15387
15169
15388
15170
15389
15171
15390
15172
15391
15173
15392
15174
15393
15175
15394
15176
15395
15177
15396
15178
15397
15179
15398
15180
15399
15181
15400
15182
15401
15183
15402
15184
15403
15185
15404
15186
15405
15187
15406
15188
15407
15189
15408
15190
15409
15191
15410
15192
15411
15193
15412
15194
15413
15195
15414
15196
15415
15197
15416
15198
15417
15199
15418
15200
15419
15201
15420
15202
15421
15203
15422
15204
15423
15205
15424
15206
15425
15207
15426
15208
15427
15209
15428
15210
15429
15211
15430
15212
15431
15213
15432
15214
15433
15215
15434
15216
15435
15217
15436
15218
15437
15219
15438
15220
15439
15221
15440
15222
15441
15223
15442
15224
15443
15225
15444
15226
15445
15227
15446
15228
15447
15229
15448
15230
15449
15231
15450
15232
15451
15233
15452
15234
15453
15235
15454
15236
15455
15237
15456
15238
15457
15239
15458
15240
15459
15241
15460
15242
15461
15243
15462
15244
15463
15245
15464
15246
15465
15247
15466
15248
15467
15249
15468
15250
15469
15251
15470
15252
15471
15253
15472
15254
15473
15255
15474
15256
15475
15257
15476
15258
15477
15259
15478
15260
15479
15261
15480
15262
15481
15263
15482
15264
15483
15265
15484
15266
15485
15267
15486
15268
15487
15269
15488
15270
15489
15271
15490
15272
15491
15273
15492
15274
15493
15275
15494
15276
15495
15277
15496
15278
15497
15279
15498
15499
15281
15500
15282
15501
15283
15502
15284
15503
15285
15504
15286
15505
15287
15506
15288
15507
15289
15508
15290
15509
15291
15510
15292
15511
15293
15512
15294
15513
15295
15514
15296
15515
15297
15516
15298
15517
15299
15518
15300
15519
15301
15520
15302
15521
15303
15522
15304
15523
15305
15524
15306
15525
15307
15526
15308
15527
15309
15528
15310
15529
15311
15530
15312
15531
15313
15532
15314
15533
15315
15534
15316
15535
15317
15536
15318
15537
15319
15538
15320
15539
15321
15540
15322
15541
15323
15542
15324
15543
15325
15544
15326
15545
15327
15546
15328
15547
15329
15548
15330
15549
15331
15550
15332
15551
15333
15552
15334
15553
15335
15554
15336
15555
15337
15556
15338
15557
15339
15558
15340
15559
15341
15560
15342
15561
15343
15562
15344
15563
15345
15564
15346
15565
15347
15566
15348
15567
15349
15568
15350
15569
15351
15570
15352
15571
15353
15572
15354
15573
15355
15574
15356
15575
15357
15576
15358
15577
15359
15578
15360
15579
15361
15580
15362
15581
15363
15582
15364
15583
15365
15584
15366
15585
15367
15586
15368
15587
15369
15588
15370
15589
15371
15590
15372
15591
15373
15592
15374
15593
15375
15594
15376
15595
15377
15596
15378
15597
15379
15598
15380
15599
15381
15600
15382
15601
15383
15602
15384
15603
15385
15604
15386
15605
15387
15606
15388
15607
15389
15608
15390
15609
15391
15610
15392
15611
15393
15612
15394
15613
15395
15614
15396
15615
15397
15616
15398
15617
15399
15618
15400
15619
15401
15620
15402
15621
15403
15622
15404
15623
15405
15624
15406
15625
15407
15626
15408
15627
15409
15628
15410
15629
15411
15630
15412
15631
15413
15632
15414
15633
15415
15634
15416
15635
15417
15636
15418
15637
15419
15638
15420
15639
15421
15640
15422
15641
15423
15642
15424
15643
15425
15644
15426
15645
15427
15646
15428
15647
15429
15648
15430
15649
15431
15650
15432
15651
15433
15652
15434
15653
15435
15654
15436
15655
15437
15656
15438
15657
15439
15658
15440
15659
15441
15660
15442
15661
15443
15662
15444
15663
15445
15664
15446
15665
15447
15666
15448
15667
15449
15668
15450
15669
15451
15670
15452
15671
15453
15672
15454
15673
15455
15674
15456
15675
15457
15676
15458
15677
15459
15678
15460
15679
15461
15680
15462
15681
15463
15682
15464
15683
15465
15684
15466
15685
15467
15686
15468
15687
15469
15688
15470
15689
15471
15690
15472
15691
15473
15692
15474
15693
15475
15694
15476
15695
15477
15696
15478
15697
15479
15698
15480
15699
15481
15700
15482
15701
15483
15702
15484
15703
15485
15704
15486
15705
15487
15706
15488
15707
15489
15708
15490
15709
15491
15710
15492
15711
15493
15712
15494
15713
15495
15714
15496
15715
15497
15716
15498
15717
15499
15718
15719
15501
15720
15502
15721
15503
15722
15504
15723
15505
15724
15506
15725
15507
15726
15508
15727
15509
15728
15510
15729
15511
15730
15512
15731
15513
15732
15514
15733
15515
15734
15516
15735
15517
15736
15518
15737
15519
15738
15520
15739
15521
15740
15522
15741
15523
15742
15524
15743
15525
15744
15526
15745
15527
15746
15528
15747
15529
15748
15530
15749
15531
15750
15532
15751
15533
15752
15534
15753
15535
15754
15536
15755
15537
15756
15538
15757
15539
15758
15540
15759
15541
15760
15542
15761
15543
15762
15544
15763
15545
15764
15546
15765
15547
15766
15548
15767
15549
15768
15550
15769
15551
15770
15552
15771
15553
15772
15554
15773
15555
15774
15556
15775
15557
15776
15558
15777
15559
15778
15560
15779
15561
15780
15562
15781
15563
15782
15564
15783
15565
15784
15566
15785
15567
15786
15568
15787
15569
15788
15570
15789
15571
15790
15572
15791
15573
15792
15574
15793
15575
15794
15576
15795
15577
15796
15578
15797
15579
15798
15580
15799
15581
15800
15582
15801
15583
15802
15584
15803
15585
15804
15586
15805
15587
15806
15588
15807
15589
15808
15590
15809
15591
15810
15592
15811
15593
15812
15594
15813
15595
15814
15596
15815
15597
15816
15598
15817
15599
15818
15600
15819
15601
15820
15602
15821
15603
15822
15604
15823
15605
15824
15606
15825
15607
15826
15608
15827
15609
15828
15610
15829
15611
15830
15612
15831
15613
15832
15614
15833
15615
15834
15616
15835
15617
15836
15618
15837
15619
15838
15620
15839
15621
15840
15622
15841
15623
15842
15624
15843
15625
15844
15626
15845
15627
15846
15628
15847
15629
15848
15630
15849
15631
15850
15632
15851
15633
15852
15634
15853
15635
15854
15636
15855
15637
15856
15638
15857
15639
15858
15640
15859
15641
15860
15642
15861
15643
15862
15644
15863
15645
15864
15646
15865
15647
15866
15648
15867
15649
15868
15650
15869
15651
15870
15652
15871
15653
15872
15654
15873
15655
15874
15656
15875
15657
15876
15658
15877
15659
15878
15660
15879
15661
15880
15662
15881
15663
15882
15664
15883
15665
15884
15666
15885
15667
15886
15668
15887
15669
15888
15670
15889
15671
15890
15672
15891
15673
15892
15674
15893
15675
15894
15676
15895
15677
15896
15678
15897
15679
15898
15680
15899
15681
15900
15682
15901
15683
15902
15684
15903
15685
15904
15686
15905
15687
15906
15688
15907
15689
15908
15690
15909
15691
15910
15692
15911
15693
15912
15694
15913
15695
15914
15696
15915
15697
15916
15698
15917
15699
15918
15700
15919
15701
15920
15702
15921
15703
15922
15704
15923
15705
15924
15706
15925
15707
15926
15708
15927
15709
15928
15710
15929
15711
15930
15712
15931
15713
15932
15714
15933
15715
15934
15716
15935
15717
15936
15718
15937
15719
15938
15939
15721
15940
15722
15941
15723
15942
15724
15943
15725
15944
15726
15945
15727
15946
15728
15947
15729
15948
15730
15949
15731
15950
15732
15951
15733
15952
15734
15953
15735
15954
15736
15955
15737
15956
15738
15957
15739
15958
15740
15959
15741
15960
15742
15961
15743
15962
15744
15963
15745
15964
15746
15965
15747
15966
15748
15967
15749
15968
15750
15969
15751
15970
15752
15971
15753
15972
15754
15973
15755
15974
15756
15975
15757
15976
15758
15977
15759
15978
15760
15979
15761
15980
15762
15981
15763
15982
15764
15983
15765
15984
15766
15985
15767
15986
15768
15987
15769
15988
15770
15989
15771
15990
15772
15991
15773
15992
15774
15993
15775
15994
15776
15995
15777
15996
15778
15997
15779
15998
15780
15999
15781
16000
15782
16001
15783
16002
15784
16003
15785
16004
15786
16005
15787
16006
15788
16007
15789
16008
15790
16009
15791
16010
15792
16011
15793
16012
15794
16013
15795
16014
15796
16015
15797
16016
15798
16017
15799
16018
15800
16019
15801
16020
15802
16021
15803
16022
15804
16023
15805
16024
15806
16025
15807
16026
15808
16027
15809
16028
15810
16029
15811
16030
15812
16031
15813
16032
15814
16033
15815
16034
15816
16035
15817
16036
15818
16037
15819
16038
15820
16039
15821
16040
15822
16041
15823
16042
15824
16043
15825
16044
15826
16045
15827
16046
15828
16047
15829
16048
15830
16049
15831
16050
15832
16051
15833
16052
15834
16053
15835
16054
15836
16055
15837
16056
15838
16057
15839
16058
15840
16059
15841
16060
15842
16061
15843
16062
15844
16063
15845
16064
15846
16065
15847
16066
15848
16067
15849
16068
15850
16069
15851
16070
15852
16071
15853
16072
15854
16073
15855
16074
15856
16075
15857
16076
15858
16077
15859
16078
15860
16079
15861
16080
15862
16081
15863
16082
15864
16083
15865
16084
15866
16085
15867
16086
15868
16087
15869
16088
15870
16089
15871
16090
15872
16091
15873
16092
15874
16093
15875
16094
15876
16095
15877
16096
15878
16097
15879
16098
15880
16099
15881
16100
15882
16101
15883
16102
15884
16103
15885
16104
15886
16105
15887
16106
15888
16107
15889
16108
15890
16109
15891
16110
15892
16111
15893
16112
15894
16113
15895
16114
15896
16115
15897
16116
15898
16117
15899
16118
15900
16119
15901
16120
15902
16121
15903
16122
15904
16123
15905
16124
15906
16125
15907
16126
15908
16127
15909
16128
15910
16129
15911
16130
15912
16131
15913
16132
15914
16133
15915
16134
15916
16135
15917
16136
15918
16137
15919
16138
15920
16139
15921
16140
15922
16141
15923
16142
15924
16143
15925
16144
15926
16145
15927
16146
15928
16147
15929
16148
15930
16149
15931
16150
15932
16151
15933
16152
15934
16153
15935
16154
15936
16155
15937
16156
15938
16157
15939
16158
16159
15941
16160
15942
16161
15943
16162
15944
16163
15945
16164
15946
16165
15947
16166
15948
16167
15949
16168
15950
16169
15951
16170
15952
16171
15953
16172
15954
16173
15955
16174
15956
16175
15957
16176
15958
16177
15959
16178
15960
16179
15961
16180
15962
16181
15963
16182
15964
16183
15965
16184
15966
16185
15967
16186
15968
16187
15969
16188
15970
16189
15971
16190
15972
16191
15973
16192
15974
16193
15975
16194
15976
16195
15977
16196
15978
16197
15979
16198
15980
16199
15981
16200
15982
16201
15983
16202
15984
16203
15985
16204
15986
16205
15987
16206
15988
16207
15989
16208
15990
16209
15991
16210
15992
16211
15993
16212
15994
16213
15995
16214
15996
16215
15997
16216
15998
16217
15999
16218
16000
16219
16001
16220
16002
16221
16003
16222
16004
16223
16005
16224
16006
16225
16007
16226
16008
16227
16009
16228
16010
16229
16011
16230
16012
16231
16013
16232
16014
16233
16015
16234
16016
16235
16017
16236
16018
16237
16019
16238
16020
16239
16021
16240
16022
16241
16023
16242
16024
16243
16025
16244
16026
16245
16027
16246
16028
16247
16029
16248
16030
16249
16031
16250
16032
16251
16033
16252
16034
16253
16035
16254
16036
16255
16037
16256
16038
16257
16039
16258
16040
16259
16041
16260
16042
16261
16043
16262
16044
16263
16045
16264
16046
16265
16047
16266
16048
16267
16049
16268
16050
16269
16051
16270
16052
16271
16053
16272
16054
16273
16055
16274
16056
16275
16057
16276
16058
16277
16059
16278
16060
16279
16061
16280
16062
16281
16063
16282
16064
16283
16065
16284
16066
16285
16067
16286
16068
16287
16069
16288
16070
16289
16071
16290
16072
16291
16073
16292
16074
16293
16075
16294
16076
16295
16077
16296
16078
16297
16079
16298
16080
16299
16081
16300
16082
16301
16083
16302
16084
16303
16085
16304
16086
16305
16087
16306
16088
16307
16089
16308
16090
16309
16091
16310
16092
16311
16093
16312
16094
16313
16095
16314
16096
16315
16097
16316
16098
16317
16099
16318
16100
16319
16101
16320
16102
16321
16103
16322
16104
16323
16105
16324
16106
16325
16107
16326
16108
16327
16109
16328
16110
16329
16111
16330
16112
16331
16113
16332
16114
16333
16115
16334
16116
16335
16117
16336
16118
16337
16119
16338
16120
16339
16121
16340
16122
16341
16123
16342
16124
16343
16125
16344
16126
16345
16127
16346
16128
16347
16129
16348
16130
16349
16131
16350
16132
16351
16133
16352
16134
16353
16135
16354
16136
16355
16137
16356
16138
16357
16139
16358
16140
16359
16141
16360
16142
16361
16143
16362
16144
16363
16145
16364
16146
16365
16147
16366
16148
16367
16149
16368
16150
16369
16151
16370
16152
16371
16153
16372
16154
16373
16155
16374
16156
16375
16157
16376
16158
16377
16159
16378
16379
16161
16380
16162
16381
16163
16382
16164
16383
16165
16384
16166
16385
16167
16386
16168
16387
16169
16388
16170
16389
16171
16390
16172
16391
16173
16392
16174
16393
16175
16394
16176
16395
16177
16396
16178
16397
16179
16398
16180
16399
16181
16400
16182
16401
16183
16402
16184
16403
16185
16404
16186
16405
16187
16406
16188
16407
16189
16408
16190
16409
16191
16410
16192
16411
16193
16412
16194
16413
16195
16414
16196
16415
16197
16416
16198
16417
16199
16418
16200
16419
16201
16420
16202
16421
16203
16422
16204
16423
16205
16424
16206
16425
16207
16426
16208
16427
16209
16428
16210
16429
16211
16430
16212
16431
16213
16432
16214
16433
16215
16434
16216
16435
16217
16436
16218
16437
16219
16438
16220
16439
16221
16440
16222
16441
16223
16442
16224
16443
16225
16444
16226
16445
16227
16446
16228
16447
16229
16448
16230
16449
16231
16450
16232
16451
16233
16452
16234
16453
16235
16454
16236
16455
16237
16456
16238
16457
16239
16458
16240
16459
16241
16460
16242
16461
16243
16462
16244
16463
16245
16464
16246
16465
16247
16466
16248
16467
16249
16468
16250
16469
16251
16470
16252
16471
16253
16472
16254
16473
16255
16474
16256
16475
16257
16476
16258
16477
16259
16478
16260
16479
16261
16480
16262
16481
16263
16482
16264
16483
16265
16484
16266
16485
16267
16486
16268
16487
16269
16488
16270
16489
16271
16490
16272
16491
16273
16492
16274
16493
16275
16494
16276
16495
16277
16496
16278
16497
16279
16498
16280
16499
16281
16500
16282
16501
16283
16502
16284
16503
16285
16504
16286
16505
16287
16506
16288
16507
16289
16508
16290
16509
16291
16510
16292
16511
16293
16512
16294
16513
16295
16514
16296
16515
16297
16516
16298
16517
16299
16518
16300
16519
16301
16520
16302
16521
16303
16522
16304
16523
16305
16524
16306
16525
16307
16526
16308
16527
16309
16528
16310
16529
16311
16530
16312
16531
16313
16532
16314
16533
16315
16534
16316
16535
16317
16536
16318
16537
16319
16538
16320
16539
16321
16540
16322
16541
16323
16542
16324
16543
16325
16544
16326
16545
16327
16546
16328
16547
16329
16548
16330
16549
16331
16550
16332
16551
16333
16552
16334
16553
16335
16554
16336
16555
16337
16556
16338
16557
16339
16558
16340
16559
16341
16560
16342
16561
16343
16562
16344
16563
16345
16564
16346
16565
16347
16566
16348
16567
16349
16568
16350
16569
16351
16570
16352
16571
16353
16572
16354
16573
16355
16574
16356
16575
16357
16576
16358
16577
16359
16578
16360
16579
16361
16580
16362
16581
16363
16582
16364
16583
16365
16584
16366
16585
16367
16586
16368
16587
16369
16588
16370
16589
16371
16590
16372
16591
16373
16592
16374
16593
16375
16594
16376
16595
16377
16596
16378
16597
16379
16598
16599
16381
16600
16382
16601
16383
16602
16384
16603
16385
16604
16386
16605
16387
16606
16388
16607
16389
16608
16390
16609
16391
16610
16392
16611
16393
16612
16394
16613
16395
16614
16396
16615
16397
16616
16398
16617
16399
16618
16400
16619
16401
16620
16402
16621
16403
16622
16404
16623
16405
16624
16406
16625
16407
16626
16408
16627
16409
16628
16410
16629
16411
16630
16412
16631
16413
16632
16414
16633
16415
16634
16416
16635
16417
16636
16418
16637
16419
16638
16420
16639
16421
16640
16422
16641
16423
16642
16424
16643
16425
16644
16426
16645
16427
16646
16428
16647
16429
16648
16430
16649
16431
16650
16432
16651
16433
16652
16434
16653
16435
16654
16436
16655
16437
16656
16438
16657
16439
16658
16440
16659
16441
16660
16442
16661
16443
16662
16444
16663
16445
16664
16446
16665
16447
16666
16448
16667
16449
16668
16450
16669
16451
16670
16452
16671
16453
16672
16454
16673
16455
16674
16456
16675
16457
16676
16458
16677
16459
16678
16460
16679
16461
16680
16462
16681
16463
16682
16464
16683
16465
16684
16466
16685
16467
16686
16468
16687
16469
16688
16470
16689
16471
16690
16472
16691
16473
16692
16474
16693
16475
16694
16476
16695
16477
16696
16478
16697
16479
16698
16480
16699
16481
16700
16482
16701
16483
16702
16484
16703
16485
16704
16486
16705
16487
16706
16488
16707
16489
16708
16490
16709
16491
16710
16492
16711
16493
16712
16494
16713
16495
16714
16496
16715
16497
16716
16498
16717
16499
16718
16500
16719
16501
16720
16502
16721
16503
16722
16504
16723
16505
16724
16506
16725
16507
16726
16508
16727
16509
16728
16510
16729
16511
16730
16512
16731
16513
16732
16514
16733
16515
16734
16516
16735
16517
16736
16518
16737
16519
16738
16520
16739
16521
16740
16522
16741
16523
16742
16524
16743
16525
16744
16526
16745
16527
16746
16528
16747
16529
16748
16530
16749
16531
16750
16532
16751
16533
16752
16534
16753
16535
16754
16536
16755
16537
16756
16538
16757
16539
16758
16540
16759
16541
16760
16542
16761
16543
16762
16544
16763
16545
16764
16546
16765
16547
16766
16548
16767
16549
16768
16550
16769
16551
16770
16552
16771
16553
16772
16554
16773
16555
16774
16556
16775
16557
16776
16558
16777
16559
16778
16560
16779
16561
16780
16562
16781
16563
16782
16564
16783
16565
16784
16566
16785
16567
16786
16568
16787
16569
16788
16570
16789
16571
16790
16572
16791
16573
16792
16574
16793
16575
16794
16576
16795
16577
16796
16578
16797
16579
16798
16580
16799
16581
16800
16582
16801
16583
16802
16584
16803
16585
16804
16586
16805
16587
16806
16588
16807
16589
16808
16590
16809
16591
16810
16592
16811
16593
16812
16594
16813
16595
16814
16596
16815
16597
16816
16598
16817
16599
16818
16819
16601
16820
16602
16821
16603
16822
16604
16823
16605
16824
16606
16825
16607
16826
16608
16827
16609
16828
16610
16829
16611
16830
16612
16831
16613
16832
16614
16833
16615
16834
16616
16835
16617
16836
16618
16837
16619
16838
16620
16839
16621
16840
16622
16841
16623
16842
16624
16843
16625
16844
16626
16845
16627
16846
16628
16847
16629
16848
16630
16849
16631
16850
16632
16851
16633
16852
16634
16853
16635
16854
16636
16855
16637
16856
16638
16857
16639
16858
16640
16859
16641
16860
16642
16861
16643
16862
16644
16863
16645
16864
16646
16865
16647
16866
16648
16867
16649
16868
16650
16869
16651
16870
16652
16871
16653
16872
16654
16873
16655
16874
16656
16875
16657
16876
16658
16877
16659
16878
16660
16879
16661
16880
16662
16881
16663
16882
16664
16883
16665
16884
16666
16885
16667
16886
16668
16887
16669
16888
16670
16889
16671
16890
16672
16891
16673
16892
16674
16893
16675
16894
16676
16895
16677
16896
16678
16897
16679
16898
16680
16899
16681
16900
16682
16901
16683
16902
16684
16903
16685
16904
16686
16905
16687
16906
16688
16907
16689
16908
16690
16909
16691
16910
16692
16911
16693
16912
16694
16913
16695
16914
16696
16915
16697
16916
16698
16917
16699
16918
16700
16919
16701
16920
16702
16921
16703
16922
16704
16923
16705
16924
16706
16925
16707
16926
16708
16927
16709
16928
16710
16929
16711
16930
16712
16931
16713
16932
16714
16933
16715
16934
16716
16935
16717
16936
16718
16937
16719
16938
16720
16939
16721
16940
16722
16941
16723
16942
16724
16943
16725
16944
16726
16945
16727
16946
16728
16947
16729
16948
16730
16949
16731
16950
16732
16951
16733
16952
16734
16953
16735
16954
16736
16955
16737
16956
16738
16957
16739
16958
16740
16959
16741
16960
16742
16961
16743
16962
16744
16963
16745
16964
16746
16965
16747
16966
16748
16967
16749
16968
16750
16969
16751
16970
16752
16971
16753
16972
16754
16973
16755
16974
16756
16975
16757
16976
16758
16977
16759
16978
16760
16979
16761
16980
16762
16981
16763
16982
16764
16983
16765
16984
16766
16985
16767
16986
16768
16987
16769
16988
16770
16989
16771
16990
16772
16991
16773
16992
16774
16993
16775
16994
16776
16995
16777
16996
16778
16997
16779
16998
16780
16999
16781
17000
16782
17001
16783
17002
16784
17003
16785
17004
16786
17005
16787
17006
16788
17007
16789
17008
16790
17009
16791
17010
16792
17011
16793
17012
16794
17013
16795
17014
16796
17015
16797
17016
16798
17017
16799
17018
16800
17019
16801
17020
16802
17021
16803
17022
16804
17023
16805
17024
16806
17025
16807
17026
16808
17027
16809
17028
16810
17029
16811
17030
16812
17031
16813
17032
16814
17033
16815
17034
16816
17035
16817
17036
16818
17037
16819
17038
17039
16821
17040
16822
17041
16823
17042
16824
17043
16825
17044
16826
17045
16827
17046
16828
17047
16829
17048
16830
17049
16831
17050
16832
17051
16833
17052
16834
17053
16835
17054
16836
17055
16837
17056
16838
17057
16839
17058
16840
17059
16841
17060
16842
17061
16843
17062
16844
17063
16845
17064
16846
17065
16847
17066
16848
17067
16849
17068
16850
17069
16851
17070
16852
17071
16853
17072
16854
17073
16855
17074
16856
17075
16857
17076
16858
17077
16859
17078
16860
17079
16861
17080
16862
17081
16863
17082
16864
17083
16865
17084
16866
17085
16867
17086
16868
17087
16869
17088
16870
17089
16871
17090
16872
17091
16873
17092
16874
17093
16875
17094
16876
17095
16877
17096
16878
17097
16879
17098
16880
17099
16881
17100
16882
17101
16883
17102
16884
17103
16885
17104
16886
17105
16887
17106
16888
17107
16889
17108
16890
17109
16891
17110
16892
17111
16893
17112
16894
17113
16895
17114
16896
17115
16897
17116
16898
17117
16899
17118
16900
17119
16901
17120
16902
17121
16903
17122
16904
17123
16905
17124
16906
17125
16907
17126
16908
17127
16909
17128
16910
17129
16911
17130
16912
17131
16913
17132
16914
17133
16915
17134
16916
17135
16917
17136
16918
17137
16919
17138
16920
17139
16921
17140
16922
17141
16923
17142
16924
17143
16925
17144
16926
17145
16927
17146
16928
17147
16929
17148
16930
17149
16931
17150
16932
17151
16933
17152
16934
17153
16935
17154
16936
17155
16937
17156
16938
17157
16939
17158
16940
17159
16941
17160
16942
17161
16943
17162
16944
17163
16945
17164
16946
17165
16947
17166
16948
17167
16949
17168
16950
17169
16951
17170
16952
17171
16953
17172
16954
17173
16955
17174
16956
17175
16957
17176
16958
17177
16959
17178
16960
17179
16961
17180
16962
17181
16963
17182
16964
17183
16965
17184
16966
17185
16967
17186
16968
17187
16969
17188
16970
17189
16971
17190
16972
17191
16973
17192
16974
17193
16975
17194
16976
17195
16977
17196
16978
17197
16979
17198
16980
17199
16981
17200
16982
17201
16983
17202
16984
17203
16985
17204
16986
17205
16987
17206
16988
17207
16989
17208
16990
17209
16991
17210
16992
17211
16993
17212
16994
17213
16995
17214
16996
17215
16997
17216
16998
17217
16999
17218
17000
17219
17001
17220
17002
17221
17003
17222
17004
17223
17005
17224
17006
17225
17007
17226
17008
17227
17009
17228
17010
17229
17011
17230
17012
17231
17013
17232
17014
17233
17015
17234
17016
17235
17017
17236
17018
17237
17019
17238
17020
17239
17021
17240
17022
17241
17023
17242
17024
17243
17025
17244
17026
17245
17027
17246
17028
17247
17029
17248
17030
17249
17031
17250
17032
17251
17033
17252
17034
17253
17035
17254
17036
17255
17037
17256
17038
17257
17039
17258
17259
17041
17260
17042
17261
17043
17262
17044
17263
17045
17264
17046
17265
17047
17266
17048
17267
17049
17268
17050
17269
17051
17270
17052
17271
17053
17272
17054
17273
17055
17274
17056
17275
17057
17276
17058
17277
17059
17278
17060
17279
17061
17280
17062
17281
17063
17282
17064
17283
17065
17284
17066
17285
17067
17286
17068
17287
17069
17288
17070
17289
17071
17290
17072
17291
17073
17292
17074
17293
17075
17294
17076
17295
17077
17296
17078
17297
17079
17298
17080
17299
17081
17300
17082
17301
17083
17302
17084
17303
17085
17304
17086
17305
17087
17306
17088
17307
17089
17308
17090
17309
17091
17310
17092
17311
17093
17312
17094
17313
17095
17314
17096
17315
17097
17316
17098
17317
17099
17318
17100
17319
17101
17320
17102
17321
17103
17322
17104
17323
17105
17324
17106
17325
17107
17326
17108
17327
17109
17328
17110
17329
17111
17330
17112
17331
17113
17332
17114
17333
17115
17334
17116
17335
17117
17336
17118
17337
17119
17338
17120
17339
17121
17340
17122
17341
17123
17342
17124
17343
17125
17344
17126
17345
17127
17346
17128
17347
17129
17348
17130
17349
17131
17350
17132
17351
17133
17352
17134
17353
17135
17354
17136
17355
17137
17356
17138
17357
17139
17358
17140
17359
17141
17360
17142
17361
17143
17362
17144
17363
17145
17364
17146
17365
17147
17366
17148
17367
17149
17368
17150
17369
17151
17370
17152
17371
17153
17372
17154
17373
17155
17374
17156
17375
17157
17376
17158
17377
17159
17378
17160
17379
17161
17380
17162
17381
17163
17382
17164
17383
17165
17384
17166
17385
17167
17386
17168
17387
17169
17388
17170
17389
17171
17390
17172
17391
17173
17392
17174
17393
17175
17394
17176
17395
17177
17396
17178
17397
17179
17398
17180
17399
17181
17400
17182
17401
17183
17402
17184
17403
17185
17404
17186
17405
17187
17406
17188
17407
17189
17408
17190
17409
17191
17410
17192
17411
17193
17412
17194
17413
17195
17414
17196
17415
17197
17416
17198
17417
17199
17418
17200
17419
17201
17420
17202
17421
17203
17422
17204
17423
17205
17424
17206
17425
17207
17426
17208
17427
17209
17428
17210
17429
17211
17430
17212
17431
17213
17432
17214
17433
17215
17434
17216
17435
17217
17436
17218
17437
17219
17438
17220
17439
17221
17440
17222
17441
17223
17442
17224
17443
17225
17444
17226
17445
17227
17446
17228
17447
17229
17448
17230
17449
17231
17450
17232
17451
17233
17452
17234
17453
17235
17454
17236
17455
17237
17456
17238
17457
17239
17458
17240
17459
17241
17460
17242
17461
17243
17462
17244
17463
17245
17464
17246
17465
17247
17466
17248
17467
17249
17468
17250
17469
17251
17470
17252
17471
17253
17472
17254
17473
17255
17474
17256
17475
17257
17476
17258
17477
17259
17478
17479
17261
17480
17262
17481
17263
17482
17264
17483
17265
17484
17266
17485
17267
17486
17268
17487
17269
17488
17270
17489
17271
17490
17272
17491
17273
17492
17274
17493
17275
17494
17276
17495
17277
17496
17278
17497
17279
17498
17280
17499
17281
17500
17282
17501
17283
17502
17284
17503
17285
17504
17286
17505
17287
17506
17288
17507
17289
17508
17290
17509
17291
17510
17292
17511
17293
17512
17294
17513
17295
17514
17296
17515
17297
17516
17298
17517
17299
17518
17300
17519
17301
17520
17302
17521
17303
17522
17304
17523
17305
17524
17306
17525
17307
17526
17308
17527
17309
17528
17310
17529
17311
17530
17312
17531
17313
17532
17314
17533
17315
17534
17316
17535
17317
17536
17318
17537
17319
17538
17320
17539
17321
17540
17322
17541
17323
17542
17324
17543
17325
17544
17326
17545
17327
17546
17328
17547
17329
17548
17330
17549
17331
17550
17332
17551
17333
17552
17334
17553
17335
17554
17336
17555
17337
17556
17338
17557
17339
17558
17340
17559
17341
17560
17342
17561
17343
17562
17344
17563
17345
17564
17346
17565
17347
17566
17348
17567
17349
17568
17350
17569
17351
17570
17352
17571
17353
17572
17354
17573
17355
17574
17356
17575
17357
17576
17358
17577
17359
17578
17360
17579
17361
17580
17362
17581
17363
17582
17364
17583
17365
17584
17366
17585
17367
17586
17368
17587
17369
17588
17370
17589
17371
17590
17372
17591
17373
17592
17374
17593
17375
17594
17376
17595
17377
17596
17378
17597
17379
17598
17380
17599
17381
17600
17382
17601
17383
17602
17384
17603
17385
17604
17386
17605
17387
17606
17388
17607
17389
17608
17390
17609
17391
17610
17392
17611
17393
17612
17394
17613
17395
17614
17396
17615
17397
17616
17398
17617
17399
17618
17400
17619
17401
17620
17402
17621
17403
17622
17404
17623
17405
17624
17406
17625
17407
17626
17408
17627
17409
17628
17410
17629
17411
17630
17412
17631
17413
17632
17414
17633
17415
17634
17416
17635
17417
17636
17418
17637
17419
17638
17420
17639
17421
17640
17422
17641
17423
17642
17424
17643
17425
17644
17426
17645
17427
17646
17428
17647
17429
17648
17430
17649
17431
17650
17432
17651
17433
17652
17434
17653
17435
17654
17436
17655
17437
17656
17438
17657
17439
17658
17440
17659
17441
17660
17442
17661
17443
17662
17444
17663
17445
17664
17446
17665
17447
17666
17448
17667
17449
17668
17450
17669
17451
17670
17452
17671
17453
17672
17454
17673
17455
17674
17456
17675
17457
17676
17458
17677
17459
17678
17460
17679
17461
17680
17462
17681
17463
17682
17464
17683
17465
17684
17466
17685
17467
17686
17468
17687
17469
17688
17470
17689
17471
17690
17472
17691
17473
17692
17474
17693
17475
17694
17476
17695
17477
17696
17478
17697
17479
17698
17699
17481
17700
17482
17701
17483
17702
17484
17703
17485
17704
17486
17705
17487
17706
17488
17707
17489
17708
17490
17709
17491
17710
17492
17711
17493
17712
17494
17713
17495
17714
17496
17715
17497
17716
17498
17717
17499
17718
17500
17719
17501
17720
17502
17721
17503
17722
17504
17723
17505
17724
17506
17725
17507
17726
17508
17727
17509
17728
17510
17729
17511
17730
17512
17731
17513
17732
17514
17733
17515
17734
17516
17735
17517
17736
17518
17737
17519
17738
17520
17739
17521
17740
17522
17741
17523
17742
17524
17743
17525
17744
17526
17745
17527
17746
17528
17747
17529
17748
17530
17749
17531
17750
17532
17751
17533
17752
17534
17753
17535
17754
17536
17755
17537
17756
17538
17757
17539
17758
17540
17759
17541
17760
17542
17761
17543
17762
17544
17763
17545
17764
17546
17765
17547
17766
17548
17767
17549
17768
17550
17769
17551
17770
17552
17771
17553
17772
17554
17773
17555
17774
17556
17775
17557
17776
17558
17777
17559
17778
17560
17779
17561
17780
17562
17781
17563
17782
17564
17783
17565
17784
17566
17785
17567
17786
17568
17787
17569
17788
17570
17789
17571
17790
17572
17791
17573
17792
17574
17793
17575
17794
17576
17795
17577
17796
17578
17797
17579
17798
17580
17799
17581
17800
17582
17801
17583
17802
17584
17803
17585
17804
17586
17805
17587
17806
17588
17807
17589
17808
17590
17809
17591
17810
17592
17811
17593
17812
17594
17813
17595
17814
17596
17815
17597
17816
17598
17817
17599
17818
17600
17819
17601
17820
17602
17821
17603
17822
17604
17823
17605
17824
17606
17825
17607
17826
17608
17827
17609
17828
17610
17829
17611
17830
17612
17831
17613
17832
17614
17833
17615
17834
17616
17835
17617
17836
17618
17837
17619
17838
17620
17839
17621
17840
17622
17841
17623
17842
17624
17843
17625
17844
17626
17845
17627
17846
17628
17847
17629
17848
17630
17849
17631
17850
17632
17851
17633
17852
17634
17853
17635
17854
17636
17855
17637
17856
17638
17857
17639
17858
17640
17859
17641
17860
17642
17861
17643
17862
17644
17863
17645
17864
17646
17865
17647
17866
17648
17867
17649
17868
17650
17869
17651
17870
17652
17871
17653
17872
17654
17873
17655
17874
17656
17875
17657
17876
17658
17877
17659
17878
17660
17879
17661
17880
17662
17881
17663
17882
17664
17883
17665
17884
17666
17885
17667
17886
17668
17887
17669
17888
17670
17889
17671
17890
17672
17891
17673
17892
17674
17893
17675
17894
17676
17895
17677
17896
17678
17897
17679
17898
17680
17899
17681
17900
17682
17901
17683
17902
17684
17903
17685
17904
17686
17905
17687
17906
17688
17907
17689
17908
17690
17909
17691
17910
17692
17911
17693
17912
17694
17913
17695
17914
17696
17915
17697
17916
17698
17917
17699
17918
17919
17701
17920
17702
17921
17703
17922
17704
17923
17705
17924
17706
17925
17707
17926
17708
17927
17709
17928
17710
17929
17711
17930
17712
17931
17713
17932
17714
17933
17715
17934
17716
17935
17717
17936
17718
17937
17719
17938
17720
17939
17721
17940
17722
17941
17723
17942
17724
17943
17725
17944
17726
17945
17727
17946
17728
17947
17729
17948
17730
17949
17731
17950
17732
17951
17733
17952
17734
17953
17735
17954
17736
17955
17737
17956
17738
17957
17739
17958
17740
17959
17741
17960
17742
17961
17743
17962
17744
17963
17745
17964
17746
17965
17747
17966
17748
17967
17749
17968
17750
17969
17751
17970
17752
17971
17753
17972
17754
17973
17755
17974
17756
17975
17757
17976
17758
17977
17759
17978
17760
17979
17761
17980
17762
17981
17763
17982
17764
17983
17765
17984
17766
17985
17767
17986
17768
17987
17769
17988
17770
17989
17771
17990
17772
17991
17773
17992
17774
17993
17775
17994
17776
17995
17777
17996
17778
17997
17779
17998
17780
17999
17781
18000
17782
18001
17783
18002
17784
18003
17785
18004
17786
18005
17787
18006
17788
18007
17789
18008
17790
18009
17791
18010
17792
18011
17793
18012
17794
18013
17795
18014
17796
18015
17797
18016
17798
18017
17799
18018
17800
18019
17801
18020
17802
18021
17803
18022
17804
18023
17805
18024
17806
18025
17807
18026
17808
18027
17809
18028
17810
18029
17811
18030
17812
18031
17813
18032
17814
18033
17815
18034
17816
18035
17817
18036
17818
18037
17819
18038
17820
18039
17821
18040
17822
18041
17823
18042
17824
18043
17825
18044
17826
18045
17827
18046
17828
18047
17829
18048
17830
18049
17831
18050
17832
18051
17833
18052
17834
18053
17835
18054
17836
18055
17837
18056
17838
18057
17839
18058
17840
18059
17841
18060
17842
18061
17843
18062
17844
18063
17845
18064
17846
18065
17847
18066
17848
18067
17849
18068
17850
18069
17851
18070
17852
18071
17853
18072
17854
18073
17855
18074
17856
18075
17857
18076
17858
18077
17859
18078
17860
18079
17861
18080
17862
18081
17863
18082
17864
18083
17865
18084
17866
18085
17867
18086
17868
18087
17869
18088
17870
18089
17871
18090
17872
18091
17873
18092
17874
18093
17875
18094
17876
18095
17877
18096
17878
18097
17879
18098
17880
18099
17881
18100
17882
18101
17883
18102
17884
18103
17885
18104
17886
18105
17887
18106
17888
18107
17889
18108
17890
18109
17891
18110
17892
18111
17893
18112
17894
18113
17895
18114
17896
18115
17897
18116
17898
18117
17899
18118
17900
18119
17901
18120
17902
18121
17903
18122
17904
18123
17905
18124
17906
18125
17907
18126
17908
18127
17909
18128
17910
18129
17911
18130
17912
18131
17913
18132
17914
18133
17915
18134
17916
18135
17917
18136
17918
18137
17919
18138
18139
17921
18140
17922
18141
17923
18142
17924
18143
17925
18144
17926
18145
17927
18146
17928
18147
17929
18148
17930
18149
17931
18150
17932
18151
17933
18152
17934
18153
17935
18154
17936
18155
17937
18156
17938
18157
17939
18158
17940
18159
17941
18160
17942
18161
17943
18162
17944
18163
17945
18164
17946
18165
17947
18166
17948
18167
17949
18168
17950
18169
17951
18170
17952
18171
17953
18172
17954
18173
17955
18174
17956
18175
17957
18176
17958
18177
17959
18178
17960
18179
17961
18180
17962
18181
17963
18182
17964
18183
17965
18184
17966
18185
17967
18186
17968
18187
17969
18188
17970
18189
17971
18190
17972
18191
17973
18192
17974
18193
17975
18194
17976
18195
17977
18196
17978
18197
17979
18198
17980
18199
17981
18200
17982
18201
17983
18202
17984
18203
17985
18204
17986
18205
17987
18206
17988
18207
17989
18208
17990
18209
17991
18210
17992
18211
17993
18212
17994
18213
17995
18214
17996
18215
17997
18216
17998
18217
17999
18218
18000
18219
18001
18220
18002
18221
18003
18222
18004
18223
18005
18224
18006
18225
18007
18226
18008
18227
18009
18228
18010
18229
18011
18230
18012
18231
18013
18232
18014
18233
18015
18234
18016
18235
18017
18236
18018
18237
18019
18238
18020
18239
18021
18240
18022
18241
18023
18242
18024
18243
18025
18244
18026
18245
18027
18246
18028
18247
18029
18248
18030
18249
18031
18250
18032
18251
18033
18252
18034
18253
18035
18254
18036
18255
18037
18256
18038
18257
18039
18258
18040
18259
18041
18260
18042
18261
18043
18262
18044
18263
18045
18264
18046
18265
18047
18266
18048
18267
18049
18268
18050
18269
18051
18270
18052
18271
18053
18272
18054
18273
18055
18274
18056
18275
18057
18276
18058
18277
18059
18278
18060
18279
18061
18280
18062
18281
18063
18282
18064
18283
18065
18284
18066
18285
18067
18286
18068
18287
18069
18288
18070
18289
18071
18290
18072
18291
18073
18292
18074
18293
18075
18294
18076
18295
18077
18296
18078
18297
18079
18298
18080
18299
18081
18300
18082
18301
18083
18302
18084
18303
18085
18304
18086
18305
18087
18306
18088
18307
18089
18308
18090
18309
18091
18310
18092
18311
18093
18312
18094
18313
18095
18314
18096
18315
18097
18316
18098
18317
18099
18318
18100
18319
18101
18320
18102
18321
18103
18322
18104
18323
18105
18324
18106
18325
18107
18326
18108
18327
18109
18328
18110
18329
18111
18330
18112
18331
18113
18332
18114
18333
18115
18334
18116
18335
18117
18336
18118
18337
18119
18338
18120
18339
18121
18340
18122
18341
18123
18342
18124
18343
18125
18344
18126
18345
18127
18346
18128
18347
18129
18348
18130
18349
18131
18350
18132
18351
18133
18352
18134
18353
18135
18354
18136
18355
18137
18356
18138
18357
18139
18358
18359
18141
18360
18142
18361
18143
18362
18144
18363
18145
18364
18146
18365
18147
18366
18148
18367
18149
18368
18150
18369
18151
18370
18152
18371
18153
18372
18154
18373
18155
18374
18156
18375
18157
18376
18158
18377
18159
18378
18160
18379
18161
18380
18162
18381
18163
18382
18164
18383
18165
18384
18166
18385
18167
18386
18168
18387
18169
18388
18170
18389
18171
18390
18172
18391
18173
18392
18174
18393
18175
18394
18176
18395
18177
18396
18178
18397
18179
18398
18180
18399
18181
18400
18182
18401
18183
18402
18184
18403
18185
18404
18186
18405
18187
18406
18188
18407
18189
18408
18190
18409
18191
18410
18192
18411
18193
18412
18194
18413
18195
18414
18196
18415
18197
18416
18198
18417
18199
18418
18200
18419
18201
18420
18202
18421
18203
18422
18204
18423
18205
18424
18206
18425
18207
18426
18208
18427
18209
18428
18210
18429
18211
18430
18212
18431
18213
18432
18214
18433
18215
18434
18216
18435
18217
18436
18218
18437
18219
18438
18220
18439
18221
18440
18222
18441
18223
18442
18224
18443
18225
18444
18226
18445
18227
18446
18228
18447
18229
18448
18230
18449
18231
18450
18232
18451
18233
18452
18234
18453
18235
18454
18236
18455
18237
18456
18238
18457
18239
18458
18240
18459
18241
18460
18242
18461
18243
18462
18244
18463
18245
18464
18246
18465
18247
18466
18248
18467
18249
18468
18250
18469
18251
18470
18252
18471
18253
18472
18254
18473
18255
18474
18256
18475
18257
18476
18258
18477
18259
18478
18260
18479
18261
18480
18262
18481
18263
18482
18264
18483
18265
18484
18266
18485
18267
18486
18268
18487
18269
18488
18270
18489
18271
18490
18272
18491
18273
18492
18274
18493
18275
18494
18276
18495
18277
18496
18278
18497
18279
18498
18280
18499
18281
18500
18282
18501
18283
18502
18284
18503
18285
18504
18286
18505
18287
18506
18288
18507
18289
18508
18290
18509
18291
18510
18292
18511
18293
18512
18294
18513
18295
18514
18296
18515
18297
18516
18298
18517
18299
18518
18300
18519
18301
18520
18302
18521
18303
18522
18304
18523
18305
18524
18306
18525
18307
18526
18308
18527
18309
18528
18310
18529
18311
18530
18312
18531
18313
18532
18314
18533
18315
18534
18316
18535
18317
18536
18318
18537
18319
18538
18320
18539
18321
18540
18322
18541
18323
18542
18324
18543
18325
18544
18326
18545
18327
18546
18328
18547
18329
18548
18330
18549
18331
18550
18332
18551
18333
18552
18334
18553
18335
18554
18336
18555
18337
18556
18338
18557
18339
18558
18340
18559
18341
18560
18342
18561
18343
18562
18344
18563
18345
18564
18346
18565
18347
18566
18348
18567
18349
18568
18350
18569
18351
18570
18352
18571
18353
18572
18354
18573
18355
18574
18356
18575
18357
18576
18358
18577
18359
18578
18579
18361
18580
18362
18581
18363
18582
18364
18583
18365
18584
18366
18585
18367
18586
18368
18587
18369
18588
18370
18589
18371
18590
18372
18591
18373
18592
18374
18593
18375
18594
18376
18595
18377
18596
18378
18597
18379
18598
18380
18599
18381
18600
18382
18601
18383
18602
18384
18603
18385
18604
18386
18605
18387
18606
18388
18607
18389
18608
18390
18609
18391
18610
18392
18611
18393
18612
18394
18613
18395
18614
18396
18615
18397
18616
18398
18617
18399
18618
18400
18619
18401
18620
18402
18621
18403
18622
18404
18623
18405
18624
18406
18625
18407
18626
18408
18627
18409
18628
18410
18629
18411
18630
18412
18631
18413
18632
18414
18633
18415
18634
18416
18635
18417
18636
18418
18637
18419
18638
18420
18639
18421
18640
18422
18641
18423
18642
18424
18643
18425
18644
18426
18645
18427
18646
18428
18647
18429
18648
18430
18649
18431
18650
18432
18651
18433
18652
18434
18653
18435
18654
18436
18655
18437
18656
18438
18657
18439
18658
18440
18659
18441
18660
18442
18661
18443
18662
18444
18663
18445
18664
18446
18665
18447
18666
18448
18667
18449
18668
18450
18669
18451
18670
18452
18671
18453
18672
18454
18673
18455
18674
18456
18675
18457
18676
18458
18677
18459
18678
18460
18679
18461
18680
18462
18681
18463
18682
18464
18683
18465
18684
18466
18685
18467
18686
18468
18687
18469
18688
18470
18689
18471
18690
18472
18691
18473
18692
18474
18693
18475
18694
18476
18695
18477
18696
18478
18697
18479
18698
18480
18699
18481
18700
18482
18701
18483
18702
18484
18703
18485
18704
18486
18705
18487
18706
18488
18707
18489
18708
18490
18709
18491
18710
18492
18711
18493
18712
18494
18713
18495
18714
18496
18715
18497
18716
18498
18717
18499
18718
18500
18719
18501
18720
18502
18721
18503
18722
18504
18723
18505
18724
18506
18725
18507
18726
18508
18727
18509
18728
18510
18729
18511
18730
18512
18731
18513
18732
18514
18733
18515
18734
18516
18735
18517
18736
18518
18737
18519
18738
18520
18739
18521
18740
18522
18741
18523
18742
18524
18743
18525
18744
18526
18745
18527
18746
18528
18747
18529
18748
18530
18749
18531
18750
18532
18751
18533
18752
18534
18753
18535
18754
18536
18755
18537
18756
18538
18757
18539
18758
18540
18759
18541
18760
18542
18761
18543
18762
18544
18763
18545
18764
18546
18765
18547
18766
18548
18767
18549
18768
18550
18769
18551
18770
18552
18771
18553
18772
18554
18773
18555
18774
18556
18775
18557
18776
18558
18777
18559
18778
18560
18779
18561
18780
18562
18781
18563
18782
18564
18783
18565
18784
18566
18785
18567
18786
18568
18787
18569
18788
18570
18789
18571
18790
18572
18791
18573
18792
18574
18793
18575
18794
18576
18795
18577
18796
18578
18797
18579
18798
18799
18581
18800
18582
18801
18583
18802
18584
18803
18585
18804
18586
18805
18587
18806
18588
18807
18589
18808
18590
18809
18591
18810
18592
18811
18593
18812
18594
18813
18595
18814
18596
18815
18597
18816
18598
18817
18599
18818
18600
18819
18601
18820
18602
18821
18603
18822
18604
18823
18605
18824
18606
18825
18607
18826
18608
18827
18609
18828
18610
18829
18611
18830
18612
18831
18613
18832
18614
18833
18615
18834
18616
18835
18617
18836
18618
18837
18619
18838
18620
18839
18621
18840
18622
18841
18623
18842
18624
18843
18625
18844
18626
18845
18627
18846
18628
18847
18629
18848
18630
18849
18631
18850
18632
18851
18633
18852
18634
18853
18635
18854
18636
18855
18637
18856
18638
18857
18639
18858
18640
18859
18641
18860
18642
18861
18643
18862
18644
18863
18645
18864
18646
18865
18647
18866
18648
18867
18649
18868
18650
18869
18651
18870
18652
18871
18653
18872
18654
18873
18655
18874
18656
18875
18657
18876
18658
18877
18659
18878
18660
18879
18661
18880
18662
18881
18663
18882
18664
18883
18665
18884
18666
18885
18667
18886
18668
18887
18669
18888
18670
18889
18671
18890
18672
18891
18673
18892
18674
18893
18675
18894
18676
18895
18677
18896
18678
18897
18679
18898
18680
18899
18681
18900
18682
18901
18683
18902
18684
18903
18685
18904
18686
18905
18687
18906
18688
18907
18689
18908
18690
18909
18691
18910
18692
18911
18693
18912
18694
18913
18695
18914
18696
18915
18697
18916
18698
18917
18699
18918
18700
18919
18701
18920
18702
18921
18703
18922
18704
18923
18705
18924
18706
18925
18707
18926
18708
18927
18709
18928
18710
18929
18711
18930
18712
18931
18713
18932
18714
18933
18715
18934
18716
18935
18717
18936
18718
18937
18719
18938
18720
18939
18721
18940
18722
18941
18723
18942
18724
18943
18725
18944
18726
18945
18727
18946
18728
18947
18729
18948
18730
18949
18731
18950
18732
18951
18733
18952
18734
18953
18735
18954
18736
18955
18737
18956
18738
18957
18739
18958
18740
18959
18741
18960
18742
18961
18743
18962
18744
18963
18745
18964
18746
18965
18747
18966
18748
18967
18749
18968
18750
18969
18751
18970
18752
18971
18753
18972
18754
18973
18755
18974
18756
18975
18757
18976
18758
18977
18759
18978
18760
18979
18761
18980
18762
18981
18763
18982
18764
18983
18765
18984
18766
18985
18767
18986
18768
18987
18769
18988
18770
18989
18771
18990
18772
18991
18773
18992
18774
18993
18775
18994
18776
18995
18777
18996
18778
18997
18779
18998
18780
18999
18781
19000
18782
19001
18783
19002
18784
19003
18785
19004
18786
19005
18787
19006
18788
19007
18789
19008
18790
19009
18791
19010
18792
19011
18793
19012
18794
19013
18795
19014
18796
19015
18797
19016
18798
19017
18799
19018
19019
18801
19020
18802
19021
18803
19022
18804
19023
18805
19024
18806
19025
18807
19026
18808
19027
18809
19028
18810
19029
18811
19030
18812
19031
18813
19032
18814
19033
18815
19034
18816
19035
18817
19036
18818
19037
18819
19038
18820
19039
18821
19040
18822
19041
18823
19042
18824
19043
18825
19044
18826
19045
18827
19046
18828
19047
18829
19048
18830
19049
18831
19050
18832
19051
18833
19052
18834
19053
18835
19054
18836
19055
18837
19056
18838
19057
18839
19058
18840
19059
18841
19060
18842
19061
18843
19062
18844
19063
18845
19064
18846
19065
18847
19066
18848
19067
18849
19068
18850
19069
18851
19070
18852
19071
18853
19072
18854
19073
18855
19074
18856
19075
18857
19076
18858
19077
18859
19078
18860
19079
18861
19080
18862
19081
18863
19082
18864
19083
18865
19084
18866
19085
18867
19086
18868
19087
18869
19088
18870
19089
18871
19090
18872
19091
18873
19092
18874
19093
18875
19094
18876
19095
18877
19096
18878
19097
18879
19098
18880
19099
18881
19100
18882
19101
18883
19102
18884
19103
18885
19104
18886
19105
18887
19106
18888
19107
18889
19108
18890
19109
18891
19110
18892
19111
18893
19112
18894
19113
18895
19114
18896
19115
18897
19116
18898
19117
18899
19118
18900
19119
18901
19120
18902
19121
18903
19122
18904
19123
18905
19124
18906
19125
18907
19126
18908
19127
18909
19128
18910
19129
18911
19130
18912
19131
18913
19132
18914
19133
18915
19134
18916
19135
18917
19136
18918
19137
18919
19138
18920
19139
18921
19140
18922
19141
18923
19142
18924
19143
18925
19144
18926
19145
18927
19146
18928
19147
18929
19148
18930
19149
18931
19150
18932
19151
18933
19152
18934
19153
18935
19154
18936
19155
18937
19156
18938
19157
18939
19158
18940
19159
18941
19160
18942
19161
18943
19162
18944
19163
18945
19164
18946
19165
18947
19166
18948
19167
18949
19168
18950
19169
18951
19170
18952
19171
18953
19172
18954
19173
18955
19174
18956
19175
18957
19176
18958
19177
18959
19178
18960
19179
18961
19180
18962
19181
18963
19182
18964
19183
18965
19184
18966
19185
18967
19186
18968
19187
18969
19188
18970
19189
18971
19190
18972
19191
18973
19192
18974
19193
18975
19194
18976
19195
18977
19196
18978
19197
18979
19198
18980
19199
18981
19200
18982
19201
18983
19202
18984
19203
18985
19204
18986
19205
18987
19206
18988
19207
18989
19208
18990
19209
18991
19210
18992
19211
18993
19212
18994
19213
18995
19214
18996
19215
18997
19216
18998
19217
18999
19218
19000
19219
19001
19220
19002
19221
19003
19222
19004
19223
19005
19224
19006
19225
19007
19226
19008
19227
19009
19228
19010
19229
19011
19230
19012
19231
19013
19232
19014
19233
19015
19234
19016
19235
19017
19236
19018
19237
19019
19238
19239
19021
19240
19022
19241
19023
19242
19024
19243
19025
19244
19026
19245
19027
19246
19028
19247
19029
19248
19030
19249
19031
19250
19032
19251
19033
19252
19034
19253
19035
19254
19036
19255
19037
19256
19038
19257
19039
19258
19040
19259
19041
19260
19042
19261
19043
19262
19044
19263
19045
19264
19046
19265
19047
19266
19048
19267
19049
19268
19050
19269
19051
19270
19052
19271
19053
19272
19054
19273
19055
19274
19056
19275
19057
19276
19058
19277
19059
19278
19060
19279
19061
19280
19062
19281
19063
19282
19064
19283
19065
19284
19066
19285
19067
19286
19068
19287
19069
19288
19070
19289
19071
19290
19072
19291
19073
19292
19074
19293
19075
19294
19076
19295
19077
19296
19078
19297
19079
19298
19080
19299
19081
19300
19082
19301
19083
19302
19084
19303
19085
19304
19086
19305
19087
19306
19088
19307
19089
19308
19090
19309
19091
19310
19092
19311
19093
19312
19094
19313
19095
19314
19096
19315
19097
19316
19098
19317
19099
19318
19100
19319
19101
19320
19102
19321
19103
19322
19104
19323
19105
19324
19106
19325
19107
19326
19108
19327
19109
19328
19110
19329
19111
19330
19112
19331
19113
19332
19114
19333
19115
19334
19116
19335
19117
19336
19118
19337
19119
19338
19120
19339
19121
19340
19122
19341
19123
19342
19124
19343
19125
19344
19126
19345
19127
19346
19128
19347
19129
19348
19130
19349
19131
19350
19132
19351
19133
19352
19134
19353
19135
19354
19136
19355
19137
19356
19138
19357
19139
19358
19140
19359
19141
19360
19142
19361
19143
19362
19144
19363
19145
19364
19146
19365
19147
19366
19148
19367
19149
19368
19150
19369
19151
19370
19152
19371
19153
19372
19154
19373
19155
19374
19156
19375
19157
19376
19158
19377
19159
19378
19160
19379
19161
19380
19162
19381
19163
19382
19164
19383
19165
19384
19166
19385
19167
19386
19168
19387
19169
19388
19170
19389
19171
19390
19172
19391
19173
19392
19174
19393
19175
19394
19176
19395
19177
19396
19178
19397
19179
19398
19180
19399
19181
19400
19182
19401
19183
19402
19184
19403
19185
19404
19186
19405
19187
19406
19188
19407
19189
19408
19190
19409
19191
19410
19192
19411
19193
19412
19194
19413
19195
19414
19196
19415
19197
19416
19198
19417
19199
19418
19200
19419
19201
19420
19202
19421
19203
19422
19204
19423
19205
19424
19206
19425
19207
19426
19208
19427
19209
19428
19210
19429
19211
19430
19212
19431
19213
19432
19214
19433
19215
19434
19216
19435
19217
19436
19218
19437
19219
19438
19220
19439
19221
19440
19222
19441
19223
19442
19224
19443
19225
19444
19226
19445
19227
19446
19228
19447
19229
19448
19230
19449
19231
19450
19232
19451
19233
19452
19234
19453
19235
19454
19236
19455
19237
19456
19238
19457
19239
19458
19459
19241
19460
19242
19461
19243
19462
19244
19463
19245
19464
19246
19465
19247
19466
19248
19467
19249
19468
19250
19469
19251
19470
19252
19471
19253
19472
19254
19473
19255
19474
19256
19475
19257
19476
19258
19477
19259
19478
19260
19479
19261
19480
19262
19481
19263
19482
19264
19483
19265
19484
19266
19485
19267
19486
19268
19487
19269
19488
19270
19489
19271
19490
19272
19491
19273
19492
19274
19493
19275
19494
19276
19495
19277
19496
19278
19497
19279
19498
19280
19499
19281
19500
19282
19501
19283
19502
19284
19503
19285
19504
19286
19505
19287
19506
19288
19507
19289
19508
19290
19509
19291
19510
19292
19511
19293
19512
19294
19513
19295
19514
19296
19515
19297
19516
19298
19517
19299
19518
19300
19519
19301
19520
19302
19521
19303
19522
19304
19523
19305
19524
19306
19525
19307
19526
19308
19527
19309
19528
19310
19529
19311
19530
19312
19531
19313
19532
19314
19533
19315
19534
19316
19535
19317
19536
19318
19537
19319
19538
19320
19539
19321
19540
19322
19541
19323
19542
19324
19543
19325
19544
19326
19545
19327
19546
19328
19547
19329
19548
19330
19549
19331
19550
19332
19551
19333
19552
19334
19553
19335
19554
19336
19555
19337
19556
19338
19557
19339
19558
19340
19559
19341
19560
19342
19561
19343
19562
19344
19563
19345
19564
19346
19565
19347
19566
19348
19567
19349
19568
19350
19569
19351
19570
19352
19571
19353
19572
19354
19573
19355
19574
19356
19575
19357
19576
19358
19577
19359
19578
19360
19579
19361
19580
19362
19581
19363
19582
19364
19583
19365
19584
19366
19585
19367
19586
19368
19587
19369
19588
19370
19589
19371
19590
19372
19591
19373
19592
19374
19593
19375
19594
19376
19595
19377
19596
19378
19597
19379
19598
19380
19599
19381
19600
19382
19601
19383
19602
19384
19603
19385
19604
19386
19605
19387
19606
19388
19607
19389
19608
19390
19609
19391
19610
19392
19611
19393
19612
19394
19613
19395
19614
19396
19615
19397
19616
19398
19617
19399
19618
19400
19619
19401
19620
19402
19621
19403
19622
19404
19623
19405
19624
19406
19625
19407
19626
19408
19627
19409
19628
19410
19629
19411
19630
19412
19631
19413
19632
19414
19633
19415
19634
19416
19635
19417
19636
19418
19637
19419
19638
19420
19639
19421
19640
19422
19641
19423
19642
19424
19643
19425
19644
19426
19645
19427
19646
19428
19647
19429
19648
19430
19649
19431
19650
19432
19651
19433
19652
19434
19653
19435
19654
19436
19655
19437
19656
19438
19657
19439
19658
19440
19659
19441
19660
19442
19661
19443
19662
19444
19663
19445
19664
19446
19665
19447
19666
19448
19667
19449
19668
19450
19669
19451
19670
19452
19671
19453
19672
19454
19673
19455
19674
19456
19675
19457
19676
19458
19677
19459
19678
19679
19461
19680
19462
19681
19463
19682
19464
19683
19465
19684
19466
19685
19467
19686
19468
19687
19469
19688
19470
19689
19471
19690
19472
19691
19473
19692
19474
19693
19475
19694
19476
19695
19477
19696
19478
19697
19479
19698
19480
19699
19481
19700
19482
19701
19483
19702
19484
19703
19485
19704
19486
19705
19487
19706
19488
19707
19489
19708
19490
19709
19491
19710
19492
19711
19493
19712
19494
19713
19495
19714
19496
19715
19497
19716
19498
19717
19499
19718
19500
19719
19501
19720
19502
19721
19503
19722
19504
19723
19505
19724
19506
19725
19507
19726
19508
19727
19509
19728
19510
19729
19511
19730
19512
19731
19513
19732
19514
19733
19515
19734
19516
19735
19517
19736
19518
19737
19519
19738
19520
19739
19521
19740
19522
19741
19523
19742
19524
19743
19525
19744
19526
19745
19527
19746
19528
19747
19529
19748
19530
19749
19531
19750
19532
19751
19533
19752
19534
19753
19535
19754
19536
19755
19537
19756
19538
19757
19539
19758
19540
19759
19541
19760
19542
19761
19543
19762
19544
19763
19545
19764
19546
19765
19547
19766
19548
19767
19549
19768
19550
19769
19551
19770
19552
19771
19553
19772
19554
19773
19555
19774
19556
19775
19557
19776
19558
19777
19559
19778
19560
19779
19561
19780
19562
19781
19563
19782
19564
19783
19565
19784
19566
19785
19567
19786
19568
19787
19569
19788
19570
19789
19571
19790
19572
19791
19573
19792
19574
19793
19575
19794
19576
19795
19577
19796
19578
19797
19579
19798
19580
19799
19581
19800
19582
19801
19583
19802
19584
19803
19585
19804
19586
19805
19587
19806
19588
19807
19589
19808
19590
19809
19591
19810
19592
19811
19593
19812
19594
19813
19595
19814
19596
19815
19597
19816
19598
19817
19599
19818
19600
19819
19601
19820
19602
19821
19603
19822
19604
19823
19605
19824
19606
19825
19607
19826
19608
19827
19609
19828
19610
19829
19611
19830
19612
19831
19613
19832
19614
19833
19615
19834
19616
19835
19617
19836
19618
19837
19619
19838
19620
19839
19621
19840
19622
19841
19623
19842
19624
19843
19625
19844
19626
19845
19627
19846
19628
19847
19629
19848
19630
19849
19631
19850
19632
19851
19633
19852
19634
19853
19635
19854
19636
19855
19637
19856
19638
19857
19639
19858
19640
19859
19641
19860
19642
19861
19643
19862
19644
19863
19645
19864
19646
19865
19647
19866
19648
19867
19649
19868
19650
19869
19651
19870
19652
19871
19653
19872
19654
19873
19655
19874
19656
19875
19657
19876
19658
19877
19659
19878
19660
19879
19661
19880
19662
19881
19663
19882
19664
19883
19665
19884
19666
19885
19667
19886
19668
19887
19669
19888
19670
19889
19671
19890
19672
19891
19673
19892
19674
19893
19675
19894
19676
19895
19677
19896
19678
19897
19679
19898
19899
19681
19900
19682
19901
19683
19902
19684
19903
19685
19904
19686
19905
19687
19906
19688
19907
19689
19908
19690
19909
19691
19910
19692
19911
19693
19912
19694
19913
19695
19914
19696
19915
19697
19916
19698
19917
19699
19918
19700
19919
19701
19920
19702
19921
19703
19922
19704
19923
19705
19924
19706
19925
19707
19926
19708
19927
19709
19928
19710
19929
19711
19930
19712
19931
19713
19932
19714
19933
19715
19934
19716
19935
19717
19936
19718
19937
19719
19938
19720
19939
19721
19940
19722
19941
19723
19942
19724
19943
19725
19944
19726
19945
19727
19946
19728
19947
19729
19948
19730
19949
19731
19950
19732
19951
19733
19952
19734
19953
19735
19954
19736
19955
19737
19956
19738
19957
19739
19958
19740
19959
19741
19960
19742
19961
19743
19962
19744
19963
19745
19964
19746
19965
19747
19966
19748
19967
19749
19968
19750
19969
19751
19970
19752
19971
19753
19972
19754
19973
19755
19974
19756
19975
19757
19976
19758
19977
19759
19978
19760
19979
19761
19980
19762
19981
19763
19982
19764
19983
19765
19984
19766
19985
19767
19986
19768
19987
19769
19988
19770
19989
19771
19990
19772
19991
19773
19992
19774
19993
19775
19994
19776
19995
19777
19996
19778
19997
19779
19998
19780
19999
19781
20000
19782
20001
19783
20002
19784
20003
19785
20004
19786
20005
19787
20006
19788
20007
19789
20008
19790
20009
19791
20010
19792
20011
19793
20012
19794
20013
19795
20014
19796
20015
19797
20016
19798
20017
19799
20018
19800
20019
19801
20020
19802
20021
19803
20022
19804
20023
19805
20024
19806
20025
19807
20026
19808
20027
19809
20028
19810
20029
19811
20030
19812
20031
19813
20032
19814
20033
19815
20034
19816
20035
19817
20036
19818
20037
19819
20038
19820
20039
19821
20040
19822
20041
19823
20042
19824
20043
19825
20044
19826
20045
19827
20046
19828
20047
19829
20048
19830
20049
19831
20050
19832
20051
19833
20052
19834
20053
19835
20054
19836
20055
19837
20056
19838
20057
19839
20058
19840
20059
19841
20060
19842
20061
19843
20062
19844
20063
19845
20064
19846
20065
19847
20066
19848
20067
19849
20068
19850
20069
19851
20070
19852
20071
19853
20072
19854
20073
19855
20074
19856
20075
19857
20076
19858
20077
19859
20078
19860
20079
19861
20080
19862
20081
19863
20082
19864
20083
19865
20084
19866
20085
19867
20086
19868
20087
19869
20088
19870
20089
19871
20090
19872
20091
19873
20092
19874
20093
19875
20094
19876
20095
19877
20096
19878
20097
19879
20098
19880
20099
19881
20100
19882
20101
19883
20102
19884
20103
19885
20104
19886
20105
19887
20106
19888
20107
19889
20108
19890
20109
19891
20110
19892
20111
19893
20112
19894
20113
19895
20114
19896
20115
19897
20116
19898
20117
19899
20118
20119
19901
20120
19902
20121
19903
20122
19904
20123
19905
20124
19906
20125
19907
20126
19908
20127
19909
20128
19910
20129
19911
20130
19912
20131
19913
20132
19914
20133
19915
20134
19916
20135
19917
20136
19918
20137
19919
20138
19920
20139
19921
20140
19922
20141
19923
20142
19924
20143
19925
20144
19926
20145
19927
20146
19928
20147
19929
20148
19930
20149
19931
20150
19932
20151
19933
20152
19934
20153
19935
20154
19936
20155
19937
20156
19938
20157
19939
20158
19940
20159
19941
20160
19942
20161
19943
20162
19944
20163
19945
20164
19946
20165
19947
20166
19948
20167
19949
20168
19950
20169
19951
20170
19952
20171
19953
20172
19954
20173
19955
20174
19956
20175
19957
20176
19958
20177
19959
20178
19960
20179
19961
20180
19962
20181
19963
20182
19964
20183
19965
20184
19966
20185
19967
20186
19968
20187
19969
20188
19970
20189
19971
20190
19972
20191
19973
20192
19974
20193
19975
20194
19976
20195
19977
20196
19978
20197
19979
20198
19980
20199
19981
20200
19982
20201
19983
20202
19984
20203
19985
20204
19986
20205
19987
20206
19988
20207
19989
20208
19990
20209
19991
20210
19992
20211
19993
20212
19994
20213
19995
20214
19996
20215
19997
20216
19998
20217
19999
20218
20000
20219
20001
20220
20002
20221
20003
20222
20004
20223
20005
20224
20006
20225
20007
20226
20008
20227
20009
20228
20010
20229
20011
20230
20012
20231
20013
20232
20014
20233
20015
20234
20016
20235
20017
20236
20018
20237
20019
20238
20020
20239
20021
20240
20022
20241
20023
20242
20024
20243
20025
20244
20026
20245
20027
20246
20028
20247
20029
20248
20030
20249
20031
20250
20032
20251
20033
20252
20034
20253
20035
20254
20036
20255
20037
20256
20038
20257
20039
20258
20040
20259
20041
20260
20042
20261
20043
20262
20044
20263
20045
20264
20046
20265
20047
20266
20048
20267
20049
20268
20050
20269
20051
20270
20052
20271
20053
20272
20054
20273
20055
20274
20056
20275
20057
20276
20058
20277
20059
20278
20060
20279
20061
20280
20062
20281
20063
20282
20064
20283
20065
20284
20066
20285
20067
20286
20068
20287
20069
20288
20070
20289
20071
20290
20072
20291
20073
20292
20074
20293
20075
20294
20076
20295
20077
20296
20078
20297
20079
20298
20080
20299
20081
20300
20082
20301
20083
20302
20084
20303
20085
20304
20086
20305
20087
20306
20088
20307
20089
20308
20090
20309
20091
20310
20092
20311
20093
20312
20094
20313
20095
20314
20096
20315
20097
20316
20098
20317
20099
20318
20100
20319
20101
20320
20102
20321
20103
20322
20104
20323
20105
20324
20106
20325
20107
20326
20108
20327
20109
20328
20110
20329
20111
20330
20112
20331
20113
20332
20114
20333
20115
20334
20116
20335
20117
20336
20118
20337
20119
20338
20339
20121
20340
20122
20341
20123
20342
20124
20343
20125
20344
20126
20345
20127
20346
20128
20347
20129
20348
20130
20349
20131
20350
20132
20351
20133
20352
20134
20353
20135
20354
20136
20355
20137
20356
20138
20357
20139
20358
20140
20359
20141
20360
20142
20361
20143
20362
20144
20363
20145
20364
20146
20365
20147
20366
20148
20367
20149
20368
20150
20369
20151
20370
20152
20371
20153
20372
20154
20373
20155
20374
20156
20375
20157
20376
20158
20377
20159
20378
20160
20379
20161
20380
20162
20381
20163
20382
20164
20383
20165
20384
20166
20385
20167
20386
20168
20387
20169
20388
20170
20389
20171
20390
20172
20391
20173
20392
20174
20393
20175
20394
20176
20395
20177
20396
20178
20397
20179
20398
20180
20399
20181
20400
20182
20401
20183
20402
20184
20403
20185
20404
20186
20405
20187
20406
20188
20407
20189
20408
20190
20409
20191
20410
20192
20411
20193
20412
20194
20413
20195
20414
20196
20415
20197
20416
20198
20417
20199
20418
20200
20419
20201
20420
20202
20421
20203
20422
20204
20423
20205
20424
20206
20425
20207
20426
20208
20427
20209
20428
20210
20429
20211
20430
20212
20431
20213
20432
20214
20433
20215
20434
20216
20435
20217
20436
20218
20437
20219
20438
20220
20439
20221
20440
20222
20441
20223
20442
20224
20443
20225
20444
20226
20445
20227
20446
20228
20447
20229
20448
20230
20449
20231
20450
20232
20451
20233
20452
20234
20453
20235
20454
20236
20455
20237
20456
20238
20457
20239
20458
20240
20459
20241
20460
20242
20461
20243
20462
20244
20463
20245
20464
20246
20465
20247
20466
20248
20467
20249
20468
20250
20469
20251
20470
20252
20471
20253
20472
20254
20473
20255
20474
20256
20475
20257
20476
20258
20477
20259
20478
20260
20479
20261
20480
20262
20481
20263
20482
20264
20483
20265
20484
20266
20485
20267
20486
20268
20487
20269
20488
20270
20489
20271
20490
20272
20491
20273
20492
20274
20493
20275
20494
20276
20495
20277
20496
20278
20497
20279
20498
20280
20499
20281
20500
20282
20501
20283
20502
20284
20503
20285
20504
20286
20505
20287
20506
20288
20507
20289
20508
20290
20509
20291
20510
20292
20511
20293
20512
20294
20513
20295
20514
20296
20515
20297
20516
20298
20517
20299
20518
20300
20519
20301
20520
20302
20521
20303
20522
20304
20523
20305
20524
20306
20525
20307
20526
20308
20527
20309
20528
20310
20529
20311
20530
20312
20531
20313
20532
20314
20533
20315
20534
20316
20535
20317
20536
20318
20537
20319
20538
20320
20539
20321
20540
20322
20541
20323
20542
20324
20543
20325
20544
20326
20545
20327
20546
20328
20547
20329
20548
20330
20549
20331
20550
20332
20551
20333
20552
20334
20553
20335
20554
20336
20555
20337
20556
20338
20557
20339
20558
20559
20341
20560
20342
20561
20343
20562
20344
20563
20345
20564
20346
20565
20347
20566
20348
20567
20349
20568
20350
20569
20351
20570
20352
20571
20353
20572
20354
20573
20355
20574
20356
20575
20357
20576
20358
20577
20359
20578
20360
20579
20361
20580
20362
20581
20363
20582
20364
20583
20365
20584
20366
20585
20367
20586
20368
20587
20369
20588
20370
20589
20371
20590
20372
20591
20373
20592
20374
20593
20375
20594
20376
20595
20377
20596
20378
20597
20379
20598
20380
20599
20381
20600
20382
20601
20383
20602
20384
20603
20385
20604
20386
20605
20387
20606
20388
20607
20389
20608
20390
20609
20391
20610
20392
20611
20393
20612
20394
20613
20395
20614
20396
20615
20397
20616
20398
20617
20399
20618
20400
20619
20401
20620
20402
20621
20403
20622
20404
20623
20405
20624
20406
20625
20407
20626
20408
20627
20409
20628
20410
20629
20411
20630
20412
20631
20413
20632
20414
20633
20415
20634
20416
20635
20417
20636
20418
20637
20419
20638
20420
20639
20421
20640
20422
20641
20423
20642
20424
20643
20425
20644
20426
20645
20427
20646
20428
20647
20429
20648
20430
20649
20431
20650
20432
20651
20433
20652
20434
20653
20435
20654
20436
20655
20437
20656
20438
20657
20439
20658
20440
20659
20441
20660
20442
20661
20443
20662
20444
20663
20445
20664
20446
20665
20447
20666
20448
20667
20449
20668
20450
20669
20451
20670
20452
20671
20453
20672
20454
20673
20455
20674
20456
20675
20457
20676
20458
20677
20459
20678
20460
20679
20461
20680
20462
20681
20463
20682
20464
20683
20465
20684
20466
20685
20467
20686
20468
20687
20469
20688
20470
20689
20471
20690
20472
20691
20473
20692
20474
20693
20475
20694
20476
20695
20477
20696
20478
20697
20479
20698
20480
20699
20481
20700
20482
20701
20483
20702
20484
20703
20485
20704
20486
20705
20487
20706
20488
20707
20489
20708
20490
20709
20491
20710
20492
20711
20493
20712
20494
20713
20495
20714
20496
20715
20497
20716
20498
20717
20499
20718
20500
20719
20501
20720
20502
20721
20503
20722
20504
20723
20505
20724
20506
20725
20507
20726
20508
20727
20509
20728
20510
20729
20511
20730
20512
20731
20513
20732
20514
20733
20515
20734
20516
20735
20517
20736
20518
20737
20519
20738
20520
20739
20521
20740
20522
20741
20523
20742
20524
20743
20525
20744
20526
20745
20527
20746
20528
20747
20529
20748
20530
20749
20531
20750
20532
20751
20533
20752
20534
20753
20535
20754
20536
20755
20537
20756
20538
20757
20539
20758
20540
20759
20541
20760
20542
20761
20543
20762
20544
20763
20545
20764
20546
20765
20547
20766
20548
20767
20549
20768
20550
20769
20551
20770
20552
20771
20553
20772
20554
20773
20555
20774
20556
20775
20557
20776
20558
20777
20559
20778
20779
20561
20780
20562
20781
20563
20782
20564
20783
20565
20784
20566
20785
20567
20786
20568
20787
20569
20788
20570
20789
20571
20790
20572
20791
20573
20792
20574
20793
20575
20794
20576
20795
20577
20796
20578
20797
20579
20798
20580
20799
20581
20800
20582
20801
20583
20802
20584
20803
20585
20804
20586
20805
20587
20806
20588
20807
20589
20808
20590
20809
20591
20810
20592
20811
20593
20812
20594
20813
20595
20814
20596
20815
20597
20816
20598
20817
20599
20818
20600
20819
20601
20820
20602
20821
20603
20822
20604
20823
20605
20824
20606
20825
20607
20826
20608
20827
20609
20828
20610
20829
20611
20830
20612
20831
20613
20832
20614
20833
20615
20834
20616
20835
20617
20836
20618
20837
20619
20838
20620
20839
20621
20840
20622
20841
20623
20842
20624
20843
20625
20844
20626
20845
20627
20846
20628
20847
20629
20848
20630
20849
20631
20850
20632
20851
20633
20852
20634
20853
20635
20854
20636
20855
20637
20856
20638
20857
20639
20858
20640
20859
20641
20860
20642
20861
20643
20862
20644
20863
20645
20864
20646
20865
20647
20866
20648
20867
20649
20868
20650
20869
20651
20870
20652
20871
20653
20872
20654
20873
20655
20874
20656
20875
20657
20876
20658
20877
20659
20878
20660
20879
20661
20880
20662
20881
20663
20882
20664
20883
20665
20884
20666
20885
20667
20886
20668
20887
20669
20888
20670
20889
20671
20890
20672
20891
20673
20892
20674
20893
20675
20894
20676
20895
20677
20896
20678
20897
20679
20898
20680
20899
20681
20900
20682
20901
20683
20902
20684
20903
20685
20904
20686
20905
20687
20906
20688
20907
20689
20908
20690
20909
20691
20910
20692
20911
20693
20912
20694
20913
20695
20914
20696
20915
20697
20916
20698
20917
20699
20918
20700
20919
20701
20920
20702
20921
20703
20922
20704
20923
20705
20924
20706
20925
20707
20926
20708
20927
20709
20928
20710
20929
20711
20930
20712
20931
20713
20932
20714
20933
20715
20934
20716
20935
20717
20936
20718
20937
20719
20938
20720
20939
20721
20940
20722
20941
20723
20942
20724
20943
20725
20944
20726
20945
20727
20946
20728
20947
20729
20948
20730
20949
20731
20950
20732
20951
20733
20952
20734
20953
20735
20954
20736
20955
20737
20956
20738
20957
20739
20958
20740
20959
20741
20960
20742
20961
20743
20962
20744
20963
20745
20964
20746
20965
20747
20966
20748
20967
20749
20968
20750
20969
20751
20970
20752
20971
20753
20972
20754
20973
20755
20974
20756
20975
20757
20976
20758
20977
20759
20978
20760
20979
20761
20980
20762
20981
20763
20982
20764
20983
20765
20984
20766
20985
20767
20986
20768
20987
20769
20988
20770
20989
20771
20990
20772
20991
20773
20992
20774
20993
20775
20994
20776
20995
20777
20996
20778
20997
20779
20998
20999
20781
21000
20782
21001
20783
21002
20784
21003
20785
21004
20786
21005
20787
21006
20788
21007
20789
21008
20790
21009
20791
21010
20792
21011
20793
21012
20794
21013
20795
21014
20796
21015
20797
21016
20798
21017
20799
21018
20800
21019
20801
21020
20802
21021
20803
21022
20804
21023
20805
21024
20806
21025
20807
21026
20808
21027
20809
21028
20810
21029
20811
21030
20812
21031
20813
21032
20814
21033
20815
21034
20816
21035
20817
21036
20818
21037
20819
21038
20820
21039
20821
21040
20822
21041
20823
21042
20824
21043
20825
21044
20826
21045
20827
21046
20828
21047
20829
21048
20830
21049
20831
21050
20832
21051
20833
21052
20834
21053
20835
21054
20836
21055
20837
21056
20838
21057
20839
21058
20840
21059
20841
21060
20842
21061
20843
21062
20844
21063
20845
21064
20846
21065
20847
21066
20848
21067
20849
21068
20850
21069
20851
21070
20852
21071
20853
21072
20854
21073
20855
21074
20856
21075
20857
21076
20858
21077
20859
21078
20860
21079
20861
21080
20862
21081
20863
21082
20864
21083
20865
21084
20866
21085
20867
21086
20868
21087
20869
21088
20870
21089
20871
21090
20872
21091
20873
21092
20874
21093
20875
21094
20876
21095
20877
21096
20878
21097
20879
21098
20880
21099
20881
21100
20882
21101
20883
21102
20884
21103
20885
21104
20886
21105
20887
21106
20888
21107
20889
21108
20890
21109
20891
21110
20892
21111
20893
21112
20894
21113
20895
21114
20896
21115
20897
21116
20898
21117
20899
21118
20900
21119
20901
21120
20902
21121
20903
21122
20904
21123
20905
21124
20906
21125
20907
21126
20908
21127
20909
21128
20910
21129
20911
21130
20912
21131
20913
21132
20914
21133
20915
21134
20916
21135
20917
21136
20918
21137
20919
21138
20920
21139
20921
21140
20922
21141
20923
21142
20924
21143
20925
21144
20926
21145
20927
21146
20928
21147
20929
21148
20930
21149
20931
21150
20932
21151
20933
21152
20934
21153
20935
21154
20936
21155
20937
21156
20938
21157
20939
21158
20940
21159
20941
21160
20942
21161
20943
21162
20944
21163
20945
21164
20946
21165
20947
21166
20948
21167
20949
21168
20950
21169
20951
21170
20952
21171
20953
21172
20954
21173
20955
21174
20956
21175
20957
21176
20958
21177
20959
21178
20960
21179
20961
21180
20962
21181
20963
21182
20964
21183
20965
21184
20966
21185
20967
21186
20968
21187
20969
21188
20970
21189
20971
21190
20972
21191
20973
21192
20974
21193
20975
21194
20976
21195
20977
21196
20978
21197
20979
21198
20980
21199
20981
21200
20982
21201
20983
21202
20984
21203
20985
21204
20986
21205
20987
21206
20988
21207
20989
21208
20990
21209
20991
21210
20992
21211
20993
21212
20994
21213
20995
21214
20996
21215
20997
21216
20998
21217
20999
21218
21219
21001
21220
21002
21221
21003
21222
21004
21223
21005
21224
21006
21225
21007
21226
21008
21227
21009
21228
21010
21229
21011
21230
21012
21231
21013
21232
21014
21233
21015
21234
21016
21235
21017
21236
21018
21237
21019
21238
21020
21239
21021
21240
21022
21241
21023
21242
21024
21243
21025
21244
21026
21245
21027
21246
21028
21247
21029
21248
21030
21249
21031
21250
21032
21251
21033
21252
21034
21253
21035
21254
21036
21255
21037
21256
21038
21257
21039
21258
21040
21259
21041
21260
21042
21261
21043
21262
21044
21263
21045
21264
21046
21265
21047
21266
21048
21267
21049
21268
21050
21269
21051
21270
21052
21271
21053
21272
21054
21273
21055
21274
21056
21275
21057
21276
21058
21277
21059
21278
21060
21279
21061
21280
21062
21281
21063
21282
21064
21283
21065
21284
21066
21285
21067
21286
21068
21287
21069
21288
21070
21289
21071
21290
21072
21291
21073
21292
21074
21293
21075
21294
21076
21295
21077
21296
21078
21297
21079
21298
21080
21299
21081
21300
21082
21301
21083
21302
21084
21303
21085
21304
21086
21305
21087
21306
21088
21307
21089
21308
21090
21309
21091
21310
21092
21311
21093
21312
21094
21313
21095
21314
21096
21315
21097
21316
21098
21317
21099
21318
21100
21319
21101
21320
21102
21321
21103
21322
21104
21323
21105
21324
21106
21325
21107
21326
21108
21327
21109
21328
21110
21329
21111
21330
21112
21331
21113
21332
21114
21333
21115
21334
21116
21335
21117
21336
21118
21337
21119
21338
21120
21339
21121
21340
21122
21341
21123
21342
21124
21343
21125
21344
21126
21345
21127
21346
21128
21347
21129
21348
21130
21349
21131
21350
21132
21351
21133
21352
21134
21353
21135
21354
21136
21355
21137
21356
21138
21357
21139
21358
21140
21359
21141
21360
21142
21361
21143
21362
21144
21363
21145
21364
21146
21365
21147
21366
21148
21367
21149
21368
21150
21369
21151
21370
21152
21371
21153
21372
21154
21373
21155
21374
21156
21375
21157
21376
21158
21377
21159
21378
21160
21379
21161
21380
21162
21381
21163
21382
21164
21383
21165
21384
21166
21385
21167
21386
21168
21387
21169
21388
21170
21389
21171
21390
21172
21391
21173
21392
21174
21393
21175
21394
21176
21395
21177
21396
21178
21397
21179
21398
21180
21399
21181
21400
21182
21401
21183
21402
21184
21403
21185
21404
21186
21405
21187
21406
21188
21407
21189
21408
21190
21409
21191
21410
21192
21411
21193
21412
21194
21413
21195
21414
21196
21415
21197
21416
21198
21417
21199
21418
21200
21419
21201
21420
21202
21421
21203
21422
21204
21423
21205
21424
21206
21425
21207
21426
21208
21427
21209
21428
21210
21429
21211
21430
21212
21431
21213
21432
21214
21433
21215
21434
21216
21435
21217
21436
21218
21437
21219
21438
21439
21221
21440
21222
21441
21223
21442
21224
21443
21225
21444
21226
21445
21227
21446
21228
21447
21229
21448
21230
21449
21231
21450
21232
21451
21233
21452
21234
21453
21235
21454
21236
21455
21237
21456
21238
21457
21239
21458
21240
21459
21241
21460
21242
21461
21243
21462
21244
21463
21245
21464
21246
21465
21247
21466
21248
21467
21249
21468
21250
21469
21251
21470
21252
21471
21253
21472
21254
21473
21255
21474
21256
21475
21257
21476
21258
21477
21259
21478
21260
21479
21261
21480
21262
21481
21263
21482
21264
21483
21265
21484
21266
21485
21267
21486
21268
21487
21269
21488
21270
21489
21271
21490
21272
21491
21273
21492
21274
21493
21275
21494
21276
21495
21277
21496
21278
21497
21279
21498
21280
21499
21281
21500
21282
21501
21283
21502
21284
21503
21285
21504
21286
21505
21287
21506
21288
21507
21289
21508
21290
21509
21291
21510
21292
21511
21293
21512
21294
21513
21295
21514
21296
21515
21297
21516
21298
21517
21299
21518
21300
21519
21301
21520
21302
21521
21303
21522
21304
21523
21305
21524
21306
21525
21307
21526
21308
21527
21309
21528
21310
21529
21311
21530
21312
21531
21313
21532
21314
21533
21315
21534
21316
21535
21317
21536
21318
21537
21319
21538
21320
21539
21321
21540
21322
21541
21323
21542
21324
21543
21325
21544
21326
21545
21327
21546
21328
21547
21329
21548
21330
21549
21331
21550
21332
21551
21333
21552
21334
21553
21335
21554
21336
21555
21337
21556
21338
21557
21339
21558
21340
21559
21341
21560
21342
21561
21343
21562
21344
21563
21345
21564
21346
21565
21347
21566
21348
21567
21349
21568
21350
21569
21351
21570
21352
21571
21353
21572
21354
21573
21355
21574
21356
21575
21357
21576
21358
21577
21359
21578
21360
21579
21361
21580
21362
21581
21363
21582
21364
21583
21365
21584
21366
21585
21367
21586
21368
21587
21369
21588
21370
21589
21371
21590
21372
21591
21373
21592
21374
21593
21375
21594
21376
21595
21377
21596
21378
21597
21379
21598
21380
21599
21381
21600
21382
21601
21383
21602
21384
21603
21385
21604
21386
21605
21387
21606
21388
21607
21389
21608
21390
21609
21391
21610
21392
21611
21393
21612
21394
21613
21395
21614
21396
21615
21397
21616
21398
21617
21399
21618
21400
21619
21401
21620
21402
21621
21403
21622
21404
21623
21405
21624
21406
21625
21407
21626
21408
21627
21409
21628
21410
21629
21411
21630
21412
21631
21413
21632
21414
21633
21415
21634
21416
21635
21417
21636
21418
21637
21419
21638
21420
21639
21421
21640
21422
21641
21423
21642
21424
21643
21425
21644
21426
21645
21427
21646
21428
21647
21429
21648
21430
21649
21431
21650
21432
21651
21433
21652
21434
21653
21435
21654
21436
21655
21437
21656
21438
21657
21439
21658
21659
21441
21660
21442
21661
21443
21662
21444
21663
21445
21664
21446
21665
21447
21666
21448
21667
21449
21668
21450
21669
21451
21670
21452
21671
21453
21672
21454
21673
21455
21674
21456
21675
21457
21676
21458
21677
21459
21678
21460
21679
21461
21680
21462
21681
21463
21682
21464
21683
21465
21684
21466
21685
21467
21686
21468
21687
21469
21688
21470
21689
21471
21690
21472
21691
21473
21692
21474
21693
21475
21694
21476
21695
21477
21696
21478
21697
21479
21698
21480
21699
21481
21700
21482
21701
21483
21702
21484
21703
21485
21704
21486
21705
21487
21706
21488
21707
21489
21708
21490
21709
21491
21710
21492
21711
21493
21712
21494
21713
21495
21714
21496
21715
21497
21716
21498
21717
21499
21718
21500
21719
21501
21720
21502
21721
21503
21722
21504
21723
21505
21724
21506
21725
21507
21726
21508
21727
21509
21728
21510
21729
21511
21730
21512
21731
21513
21732
21514
21733
21515
21734
21516
21735
21517
21736
21518
21737
21519
21738
21520
21739
21521
21740
21522
21741
21523
21742
21524
21743
21525
21744
21526
21745
21527
21746
21528
21747
21529
21748
21530
21749
21531
21750
21532
21751
21533
21752
21534
21753
21535
21754
21536
21755
21537
21756
21538
21757
21539
21758
21540
21759
21541
21760
21542
21761
21543
21762
21544
21763
21545
21764
21546
21765
21547
21766
21548
21767
21549
21768
21550
21769
21551
21770
21552
21771
21553
21772
21554
21773
21555
21774
21556
21775
21557
21776
21558
21777
21559
21778
21560
21779
21561
21780
21562
21781
21563
21782
21564
21783
21565
21784
21566
21785
21567
21786
21568
21787
21569
21788
21570
21789
21571
21790
21572
21791
21573
21792
21574
21793
21575
21794
21576
21795
21577
21796
21578
21797
21579
21798
21580
21799
21581
21800
21582
21801
21583
21802
21584
21803
21585
21804
21586
21805
21587
21806
21588
21807
21589
21808
21590
21809
21591
21810
21592
21811
21593
21812
21594
21813
21595
21814
21596
21815
21597
21816
21598
21817
21599
21818
21600
21819
21601
21820
21602
21821
21603
21822
21604
21823
21605
21824
21606
21825
21607
21826
21608
21827
21609
21828
21610
21829
21611
21830
21612
21831
21613
21832
21614
21833
21615
21834
21616
21835
21617
21836
21618
21837
21619
21838
21620
21839
21621
21840
21622
21841
21623
21842
21624
21843
21625
21844
21626
21845
21627
21846
21628
21847
21629
21848
21630
21849
21631
21850
21632
21851
21633
21852
21634
21853
21635
21854
21636
21855
21637
21856
21638
21857
21639
21858
21640
21859
21641
21860
21642
21861
21643
21862
21644
21863
21645
21864
21646
21865
21647
21866
21648
21867
21649
21868
21650
21869
21651
21870
21652
21871
21653
21872
21654
21873
21655
21874
21656
21875
21657
21876
21658
21877
21659
21878
21879
21661
21880
21662
21881
21663
21882
21664
21883
21665
21884
21666
21885
21667
21886
21668
21887
21669
21888
21670
21889
21671
21890
21672
21891
21673
21892
21674
21893
21675
21894
21676
21895
21677
21896
21678
21897
21679
21898
21680
21899
21681
21900
21682
21901
21683
21902
21684
21903
21685
21904
21686
21905
21687
21906
21688
21907
21689
21908
21690
21909
21691
21910
21692
21911
21693
21912
21694
21913
21695
21914
21696
21915
21697
21916
21698
21917
21699
21918
21700
21919
21701
21920
21702
21921
21703
21922
21704
21923
21705
21924
21706
21925
21707
21926
21708
21927
21709
21928
21710
21929
21711
21930
21712
21931
21713
21932
21714
21933
21715
21934
21716
21935
21717
21936
21718
21937
21719
21938
21720
21939
21721
21940
21722
21941
21723
21942
21724
21943
21725
21944
21726
21945
21727
21946
21728
21947
21729
21948
21730
21949
21731
21950
21732
21951
21733
21952
21734
21953
21735
21954
21736
21955
21737
21956
21738
21957
21739
21958
21740
21959
21741
21960
21742
21961
21743
21962
21744
21963
21745
21964
21746
21965
21747
21966
21748
21967
21749
21968
21750
21969
21751
21970
21752
21971
21753
21972
21754
21973
21755
21974
21756
21975
21757
21976
21758
21977
21759
21978
21760
21979
21761
21980
21762
21981
21763
21982
21764
21983
21765
21984
21766
21985
21767
21986
21768
21987
21769
21988
21770
21989
21771
21990
21772
21991
21773
21992
21774
21993
21775
21994
21776
21995
21777
21996
21778
21997
21779
21998
21780
21999
21781
22000
21782
22001
21783
22002
21784
22003
21785
22004
21786
22005
21787
22006
21788
22007
21789
22008
21790
22009
21791
22010
21792
22011
21793
22012
21794
22013
21795
22014
21796
22015
21797
22016
21798
22017
21799
22018
21800
22019
21801
22020
21802
22021
21803
22022
21804
22023
21805
22024
21806
22025
21807
22026
21808
22027
21809
22028
21810
22029
21811
22030
21812
22031
21813
22032
21814
22033
21815
22034
21816
22035
21817
22036
21818
22037
21819
22038
21820
22039
21821
22040
21822
22041
21823
22042
21824
22043
21825
22044
21826
22045
21827
22046
21828
22047
21829
22048
21830
22049
21831
22050
21832
22051
21833
22052
21834
22053
21835
22054
21836
22055
21837
22056
21838
22057
21839
22058
21840
22059
21841
22060
21842
22061
21843
22062
21844
22063
21845
22064
21846
22065
21847
22066
21848
22067
21849
22068
21850
22069
21851
22070
21852
22071
21853
22072
21854
22073
21855
22074
21856
22075
21857
22076
21858
22077
21859
22078
21860
22079
21861
22080
21862
22081
21863
22082
21864
22083
21865
22084
21866
22085
21867
22086
21868
22087
21869
22088
21870
22089
21871
22090
21872
22091
21873
22092
21874
22093
21875
22094
21876
22095
21877
22096
21878
22097
21879
22098
22099
21881
22100
21882
22101
21883
22102
21884
22103
21885
22104
21886
22105
21887
22106
21888
22107
21889
22108
21890
22109
21891
22110
21892
22111
21893
22112
21894
22113
21895
22114
21896
22115
21897
22116
21898
22117
21899
22118
21900
22119
21901
22120
21902
22121
21903
22122
21904
22123
21905
22124
21906
22125
21907
22126
21908
22127
21909
22128
21910
22129
21911
22130
21912
22131
21913
22132
21914
22133
21915
22134
21916
22135
21917
22136
21918
22137
21919
22138
21920
22139
21921
22140
21922
22141
21923
22142
21924
22143
21925
22144
21926
22145
21927
22146
21928
22147
21929
22148
21930
22149
21931
22150
21932
22151
21933
22152
21934
22153
21935
22154
21936
22155
21937
22156
21938
22157
21939
22158
21940
22159
21941
22160
21942
22161
21943
22162
21944
22163
21945
22164
21946
22165
21947
22166
21948
22167
21949
22168
21950
22169
21951
22170
21952
22171
21953
22172
21954
22173
21955
22174
21956
22175
21957
22176
21958
22177
21959
22178
21960
22179
21961
22180
21962
22181
21963
22182
21964
22183
21965
22184
21966
22185
21967
22186
21968
22187
21969
22188
21970
22189
21971
22190
21972
22191
21973
22192
21974
22193
21975
22194
21976
22195
21977
22196
21978
22197
21979
22198
21980
22199
21981
22200
21982
22201
21983
22202
21984
22203
21985
22204
21986
22205
21987
22206
21988
22207
21989
22208
21990
22209
21991
22210
21992
22211
21993
22212
21994
22213
21995
22214
21996
22215
21997
22216
21998
22217
21999
22218
22000
22219
22001
22220
22002
22221
22003
22222
22004
22223
22005
22224
22006
22225
22007
22226
22008
22227
22009
22228
22010
22229
22011
22230
22012
22231
22013
22232
22014
22233
22015
22234
22016
22235
22017
22236
22018
22237
22019
22238
22020
22239
22021
22240
22022
22241
22023
22242
22024
22243
22025
22244
22026
22245
22027
22246
22028
22247
22029
22248
22030
22249
22031
22250
22032
22251
22033
22252
22034
22253
22035
22254
22036
22255
22037
22256
22038
22257
22039
22258
22040
22259
22041
22260
22042
22261
22043
22262
22044
22263
22045
22264
22046
22265
22047
22266
22048
22267
22049
22268
22050
22269
22051
22270
22052
22271
22053
22272
22054
22273
22055
22274
22056
22275
22057
22276
22058
22277
22059
22278
22060
22279
22061
22280
22062
22281
22063
22282
22064
22283
22065
22284
22066
22285
22067
22286
22068
22287
22069
22288
22070
22289
22071
22290
22072
22291
22073
22292
22074
22293
22075
22294
22076
22295
22077
22296
22078
22297
22079
22298
22080
22299
22081
22300
22082
22301
22083
22302
22084
22303
22085
22304
22086
22305
22087
22306
22088
22307
22089
22308
22090
22309
22091
22310
22092
22311
22093
22312
22094
22313
22095
22314
22096
22315
22097
22316
22098
22317
22099
22318
22319
22101
22320
22102
22321
22103
22322
22104
22323
22105
22324
22106
22325
22107
22326
22108
22327
22109
22328
22110
22329
22111
22330
22112
22331
22113
22332
22114
22333
22115
22334
22116
22335
22117
22336
22118
22337
22119
22338
22120
22339
22121
22340
22122
22341
22123
22342
22124
22343
22125
22344
22126
22345
22127
22346
22128
22347
22129
22348
22130
22349
22131
22350
22132
22351
22133
22352
22134
22353
22135
22354
22136
22355
22137
22356
22138
22357
22139
22358
22140
22359
22141
22360
22142
22361
22143
22362
22144
22363
22145
22364
22146
22365
22147
22366
22148
22367
22149
22368
22150
22369
22151
22370
22152
22371
22153
22372
22154
22373
22155
22374
22156
22375
22157
22376
22158
22377
22159
22378
22160
22379
22161
22380
22162
22381
22163
22382
22164
22383
22165
22384
22166
22385
22167
22386
22168
22387
22169
22388
22170
22389
22171
22390
22172
22391
22173
22392
22174
22393
22175
22394
22176
22395
22177
22396
22178
22397
22179
22398
22180
22399
22181
22400
22182
22401
22183
22402
22184
22403
22185
22404
22186
22405
22187
22406
22188
22407
22189
22408
22190
22409
22191
22410
22192
22411
22193
22412
22194
22413
22195
22414
22196
22415
22197
22416
22198
22417
22199
22418
22200
22419
22201
22420
22202
22421
22203
22422
22204
22423
22205
22424
22206
22425
22207
22426
22208
22427
22209
22428
22210
22429
22211
22430
22212
22431
22213
22432
22214
22433
22215
22434
22216
22435
22217
22436
22218
22437
22219
22438
22220
22439
22221
22440
22222
22441
22223
22442
22224
22443
22225
22444
22226
22445
22227
22446
22228
22447
22229
22448
22230
22449
22231
22450
22232
22451
22233
22452
22234
22453
22235
22454
22236
22455
22237
22456
22238
22457
22239
22458
22240
22459
22241
22460
22242
22461
22243
22462
22244
22463
22245
22464
22246
22465
22247
22466
22248
22467
22249
22468
22250
22469
22251
22470
22252
22471
22253
22472
22254
22473
22255
22474
22256
22475
22257
22476
22258
22477
22259
22478
22260
22479
22261
22480
22262
22481
22263
22482
22264
22483
22265
22484
22266
22485
22267
22486
22268
22487
22269
22488
22270
22489
22271
22490
22272
22491
22273
22492
22274
22493
22275
22494
22276
22495
22277
22496
22278
22497
22279
22498
22280
22499
22281
22500
22282
22501
22283
22502
22284
22503
22285
22504
22286
22505
22287
22506
22288
22507
22289
22508
22290
22509
22291
22510
22292
22511
22293
22512
22294
22513
22295
22514
22296
22515
22297
22516
22298
22517
22299
22518
22300
22519
22301
22520
22302
22521
22303
22522
22304
22523
22305
22524
22306
22525
22307
22526
22308
22527
22309
22528
22310
22529
22311
22530
22312
22531
22313
22532
22314
22533
22315
22534
22316
22535
22317
22536
22318
22537
22319
22538
22539
22321
22540
22322
22541
22323
22542
22324
22543
22325
22544
22326
22545
22327
22546
22328
22547
22329
22548
22330
22549
22331
22550
22332
22551
22333
22552
22334
22553
22335
22554
22336
22555
22337
22556
22338
22557
22339
22558
22340
22559
22341
22560
22342
22561
22343
22562
22344
22563
22345
22564
22346
22565
22347
22566
22348
22567
22349
22568
22350
22569
22351
22570
22352
22571
22353
22572
22354
22573
22355
22574
22356
22575
22357
22576
22358
22577
22359
22578
22360
22579
22361
22580
22362
22581
22363
22582
22364
22583
22365
22584
22366
22585
22367
22586
22368
22587
22369
22588
22370
22589
22371
22590
22372
22591
22373
22592
22374
22593
22375
22594
22376
22595
22377
22596
22378
22597
22379
22598
22380
22599
22381
22600
22382
22601
22383
22602
22384
22603
22385
22604
22386
22605
22387
22606
22388
22607
22389
22608
22390
22609
22391
22610
22392
22611
22393
22612
22394
22613
22395
22614
22396
22615
22397
22616
22398
22617
22399
22618
22400
22619
22401
22620
22402
22621
22403
22622
22404
22623
22405
22624
22406
22625
22407
22626
22408
22627
22409
22628
22410
22629
22411
22630
22412
22631
22413
22632
22414
22633
22415
22634
22416
22635
22417
22636
22418
22637
22419
22638
22420
22639
22421
22640
22422
22641
22423
22642
22424
22643
22425
22644
22426
22645
22427
22646
22428
22647
22429
22648
22430
22649
22431
22650
22432
22651
22433
22652
22434
22653
22435
22654
22436
22655
22437
22656
22438
22657
22439
22658
22440
22659
22441
22660
22442
22661
22443
22662
22444
22663
22445
22664
22446
22665
22447
22666
22448
22667
22449
22668
22450
22669
22451
22670
22452
22671
22453
22672
22454
22673
22455
22674
22456
22675
22457
22676
22458
22677
22459
22678
22460
22679
22461
22680
22462
22681
22463
22682
22464
22683
22465
22684
22466
22685
22467
22686
22468
22687
22469
22688
22470
22689
22471
22690
22472
22691
22473
22692
22474
22693
22475
22694
22476
22695
22477
22696
22478
22697
22479
22698
22480
22699
22481
22700
22482
22701
22483
22702
22484
22703
22485
22704
22486
22705
22487
22706
22488
22707
22489
22708
22490
22709
22491
22710
22492
22711
22493
22712
22494
22713
22495
22714
22496
22715
22497
22716
22498
22717
22499
22718
22500
22719
22501
22720
22502
22721
22503
22722
22504
22723
22505
22724
22506
22725
22507
22726
22508
22727
22509
22728
22510
22729
22511
22730
22512
22731
22513
22732
22514
22733
22515
22734
22516
22735
22517
22736
22518
22737
22519
22738
22520
22739
22521
22740
22522
22741
22523
22742
22524
22743
22525
22744
22526
22745
22527
22746
22528
22747
22529
22748
22530
22749
22531
22750
22532
22751
22533
22752
22534
22753
22535
22754
22536
22755
22537
22756
22538
22757
22539
22758
22759
22541
22760
22542
22761
22543
22762
22544
22763
22545
22764
22546
22765
22547
22766
22548
22767
22549
22768
22550
22769
22551
22770
22552
22771
22553
22772
22554
22773
22555
22774
22556
22775
22557
22776
22558
22777
22559
22778
22560
22779
22561
22780
22562
22781
22563
22782
22564
22783
22565
22784
22566
22785
22567
22786
22568
22787
22569
22788
22570
22789
22571
22790
22572
22791
22573
22792
22574
22793
22575
22794
22576
22795
22577
22796
22578
22797
22579
22798
22580
22799
22581
22800
22582
22801
22583
22802
22584
22803
22585
22804
22586
22805
22587
22806
22588
22807
22589
22808
22590
22809
22591
22810
22592
22811
22593
22812
22594
22813
22595
22814
22596
22815
22597
22816
22598
22817
22599
22818
22600
22819
22601
22820
22602
22821
22603
22822
22604
22823
22605
22824
22606
22825
22607
22826
22608
22827
22609
22828
22610
22829
22611
22830
22612
22831
22613
22832
22614
22833
22615
22834
22616
22835
22617
22836
22618
22837
22619
22838
22620
22839
22621
22840
22622
22841
22623
22842
22624
22843
22625
22844
22626
22845
22627
22846
22628
22847
22629
22848
22630
22849
22631
22850
22632
22851
22633
22852
22634
22853
22635
22854
22636
22855
22637
22856
22638
22857
22639
22858
22640
22859
22641
22860
22642
22861
22643
22862
22644
22863
22645
22864
22646
22865
22647
22866
22648
22867
22649
22868
22650
22869
22651
22870
22652
22871
22653
22872
22654
22873
22655
22874
22656
22875
22657
22876
22658
22877
22659
22878
22660
22879
22661
22880
22662
22881
22663
22882
22664
22883
22665
22884
22666
22885
22667
22886
22668
22887
22669
22888
22670
22889
22671
22890
22672
22891
22673
22892
22674
22893
22675
22894
22676
22895
22677
22896
22678
22897
22679
22898
22680
22899
22681
22900
22682
22901
22683
22902
22684
22903
22685
22904
22686
22905
22687
22906
22688
22907
22689
22908
22690
22909
22691
22910
22692
22911
22693
22912
22694
22913
22695
22914
22696
22915
22697
22916
22698
22917
22699
22918
22700
22919
22701
22920
22702
22921
22703
22922
22704
22923
22705
22924
22706
22925
22707
22926
22708
22927
22709
22928
22710
22929
22711
22930
22712
22931
22713
22932
22714
22933
22715
22934
22716
22935
22717
22936
22718
22937
22719
22938
22720
22939
22721
22940
22722
22941
22723
22942
22724
22943
22725
22944
22726
22945
22727
22946
22728
22947
22729
22948
22730
22949
22731
22950
22732
22951
22733
22952
22734
22953
22735
22954
22736
22955
22737
22956
22738
22957
22739
22958
22740
22959
22741
22960
22742
22961
22743
22962
22744
22963
22745
22964
22746
22965
22747
22966
22748
22967
22749
22968
22750
22969
22751
22970
22752
22971
22753
22972
22754
22973
22755
22974
22756
22975
22757
22976
22758
22977
22759
22978
22979
22761
22980
22762
22981
22763
22982
22764
22983
22765
22984
22766
22985
22767
22986
22768
22987
22769
22988
22770
22989
22771
22990
22772
22991
22773
22992
22774
22993
22775
22994
22776
22995
22777
22996
22778
22997
22779
22998
22780
22999
22781
23000
22782
23001
22783
23002
22784
23003
22785
23004
22786
23005
22787
23006
22788
23007
22789
23008
22790
23009
22791
23010
22792
23011
22793
23012
22794
23013
22795
23014
22796
23015
22797
23016
22798
23017
22799
23018
22800
23019
22801
23020
22802
23021
22803
23022
22804
23023
22805
23024
22806
23025
22807
23026
22808
23027
22809
23028
22810
23029
22811
23030
22812
23031
22813
23032
22814
23033
22815
23034
22816
23035
22817
23036
22818
23037
22819
23038
22820
23039
22821
23040
22822
23041
22823
23042
22824
23043
22825
23044
22826
23045
22827
23046
22828
23047
22829
23048
22830
23049
22831
23050
22832
23051
22833
23052
22834
23053
22835
23054
22836
23055
22837
23056
22838
23057
22839
23058
22840
23059
22841
23060
22842
23061
22843
23062
22844
23063
22845
23064
22846
23065
22847
23066
22848
23067
22849
23068
22850
23069
22851
23070
22852
23071
22853
23072
22854
23073
22855
23074
22856
23075
22857
23076
22858
23077
22859
23078
22860
23079
22861
23080
22862
23081
22863
23082
22864
23083
22865
23084
22866
23085
22867
23086
22868
23087
22869
23088
22870
23089
22871
23090
22872
23091
22873
23092
22874
23093
22875
23094
22876
23095
22877
23096
22878
23097
22879
23098
22880
23099
22881
23100
22882
23101
22883
23102
22884
23103
22885
23104
22886
23105
22887
23106
22888
23107
22889
23108
22890
23109
22891
23110
22892
23111
22893
23112
22894
23113
22895
23114
22896
23115
22897
23116
22898
23117
22899
23118
22900
23119
22901
23120
22902
23121
22903
23122
22904
23123
22905
23124
22906
23125
22907
23126
22908
23127
22909
23128
22910
23129
22911
23130
22912
23131
22913
23132
22914
23133
22915
23134
22916
23135
22917
23136
22918
23137
22919
23138
22920
23139
22921
23140
22922
23141
22923
23142
22924
23143
22925
23144
22926
23145
22927
23146
22928
23147
22929
23148
22930
23149
22931
23150
22932
23151
22933
23152
22934
23153
22935
23154
22936
23155
22937
23156
22938
23157
22939
23158
22940
23159
22941
23160
22942
23161
22943
23162
22944
23163
22945
23164
22946
23165
22947
23166
22948
23167
22949
23168
22950
23169
22951
23170
22952
23171
22953
23172
22954
23173
22955
23174
22956
23175
22957
23176
22958
23177
22959
23178
22960
23179
22961
23180
22962
23181
22963
23182
22964
23183
22965
23184
22966
23185
22967
23186
22968
23187
22969
23188
22970
23189
22971
23190
22972
23191
22973
23192
22974
23193
22975
23194
22976
23195
22977
23196
22978
23197
22979
23198
23199
22981
23200
22982
23201
22983
23202
22984
23203
22985
23204
22986
23205
22987
23206
22988
23207
22989
23208
22990
23209
22991
23210
22992
23211
22993
23212
22994
23213
22995
23214
22996
23215
22997
23216
22998
23217
22999
23218
23000
23219
23001
23220
23002
23221
23003
23222
23004
23223
23005
23224
23006
23225
23007
23226
23008
23227
23009
23228
23010
23229
23011
23230
23012
23231
23013
23232
23014
23233
23015
23234
23016
23235
23017
23236
23018
23237
23019
23238
23020
23239
23021
23240
23022
23241
23023
23242
23024
23243
23025
23244
23026
23245
23027
23246
23028
23247
23029
23248
23030
23249
23031
23250
23032
23251
23033
23252
23034
23253
23035
23254
23036
23255
23037
23256
23038
23257
23039
23258
23040
23259
23041
23260
23042
23261
23043
23262
23044
23263
23045
23264
23046
23265
23047
23266
23048
23267
23049
23268
23050
23269
23051
23270
23052
23271
23053
23272
23054
23273
23055
23274
23056
23275
23057
23276
23058
23277
23059
23278
23060
23279
23061
23280
23062
23281
23063
23282
23064
23283
23065
23284
23066
23285
23067
23286
23068
23287
23069
23288
23070
23289
23071
23290
23072
23291
23073
23292
23074
23293
23075
23294
23076
23295
23077
23296
23078
23297
23079
23298
23080
23299
23081
23300
23082
23301
23083
23302
23084
23303
23085
23304
23086
23305
23087
23306
23088
23307
23089
23308
23090
23309
23091
23310
23092
23311
23093
23312
23094
23313
23095
23314
23096
23315
23097
23316
23098
23317
23099
23318
23100
23319
23101
23320
23102
23321
23103
23322
23104
23323
23105
23324
23106
23325
23107
23326
23108
23327
23109
23328
23110
23329
23111
23330
23112
23331
23113
23332
23114
23333
23115
23334
23116
23335
23117
23336
23118
23337
23119
23338
23120
23339
23121
23340
23122
23341
23123
23342
23124
23343
23125
23344
23126
23345
23127
23346
23128
23347
23129
23348
23130
23349
23131
23350
23132
23351
23133
23352
23134
23353
23135
23354
23136
23355
23137
23356
23138
23357
23139
23358
23140
23359
23141
23360
23142
23361
23143
23362
23144
23363
23145
23364
23146
23365
23147
23366
23148
23367
23149
23368
23150
23369
23151
23370
23152
23371
23153
23372
23154
23373
23155
23374
23156
23375
23157
23376
23158
23377
23159
23378
23160
23379
23161
23380
23162
23381
23163
23382
23164
23383
23165
23384
23166
23385
23167
23386
23168
23387
23169
23388
23170
23389
23171
23390
23172
23391
23173
23392
23174
23393
23175
23394
23176
23395
23177
23396
23178
23397
23179
23398
23180
23399
23181
23400
23182
23401
23183
23402
23184
23403
23185
23404
23186
23405
23187
23406
23188
23407
23189
23408
23190
23409
23191
23410
23192
23411
23193
23412
23194
23413
23195
23414
23196
23415
23197
23416
23198
23417
23199
23418
23419
23201
23420
23202
23421
23203
23422
23204
23423
23205
23424
23206
23425
23207
23426
23208
23427
23209
23428
23210
23429
23211
23430
23212
23431
23213
23432
23214
23433
23215
23434
23216
23435
23217
23436
23218
23437
23219
23438
23220
23439
23221
23440
23222
23441
23223
23442
23224
23443
23225
23444
23226
23445
23227
23446
23228
23447
23229
23448
23230
23449
23231
23450
23232
23451
23233
23452
23234
23453
23235
23454
23236
23455
23237
23456
23238
23457
23239
23458
23240
23459
23241
23460
23242
23461
23243
23462
23244
23463
23245
23464
23246
23465
23247
23466
23248
23467
23249
23468
23250
23469
23251
23470
23252
23471
23253
23472
23254
23473
23255
23474
23256
23475
23257
23476
23258
23477
23259
23478
23260
23479
23261
23480
23262
23481
23263
23482
23264
23483
23265
23484
23266
23485
23267
23486
23268
23487
23269
23488
23270
23489
23271
23490
23272
23491
23273
23492
23274
23493
23275
23494
23276
23495
23277
23496
23278
23497
23279
23498
23280
23499
23281
23500
23282
23501
23283
23502
23284
23503
23285
23504
23286
23505
23287
23506
23288
23507
23289
23508
23290
23509
23291
23510
23292
23511
23293
23512
23294
23513
23295
23514
23296
23515
23297
23516
23298
23517
23299
23518
23300
23519
23301
23520
23302
23521
23303
23522
23304
23523
23305
23524
23306
23525
23307
23526
23308
23527
23309
23528
23310
23529
23311
23530
23312
23531
23313
23532
23314
23533
23315
23534
23316
23535
23317
23536
23318
23537
23319
23538
23320
23539
23321
23540
23322
23541
23323
23542
23324
23543
23325
23544
23326
23545
23327
23546
23328
23547
23329
23548
23330
23549
23331
23550
23332
23551
23333
23552
23334
23553
23335
23554
23336
23555
23337
23556
23338
23557
23339
23558
23340
23559
23341
23560
23342
23561
23343
23562
23344
23563
23345
23564
23346
23565
23347
23566
23348
23567
23349
23568
23350
23569
23351
23570
23352
23571
23353
23572
23354
23573
23355
23574
23356
23575
23357
23576
23358
23577
23359
23578
23360
23579
23361
23580
23362
23581
23363
23582
23364
23583
23365
23584
23366
23585
23367
23586
23368
23587
23369
23588
23370
23589
23371
23590
23372
23591
23373
23592
23374
23593
23375
23594
23376
23595
23377
23596
23378
23597
23379
23598
23380
23599
23381
23600
23382
23601
23383
23602
23384
23603
23385
23604
23386
23605
23387
23606
23388
23607
23389
23608
23390
23609
23391
23610
23392
23611
23393
23612
23394
23613
23395
23614
23396
23615
23397
23616
23398
23617
23399
23618
23400
23619
23401
23620
23402
23621
23403
23622
23404
23623
23405
23624
23406
23625
23407
23626
23408
23627
23409
23628
23410
23629
23411
23630
23412
23631
23413
23632
23414
23633
23415
23634
23416
23635
23417
23636
23418
23637
23419
23638
23639
23421
23640
23422
23641
23423
23642
23424
23643
23425
23644
23426
23645
23427
23646
23428
23647
23429
23648
23430
23649
23431
23650
23432
23651
23433
23652
23434
23653
23435
23654
23436
23655
23437
23656
23438
23657
23439
23658
23440
23659
23441
23660
23442
23661
23443
23662
23444
23663
23445
23664
23446
23665
23447
23666
23448
23667
23449
23668
23450
23669
23451
23670
23452
23671
23453
23672
23454
23673
23455
23674
23456
23675
23457
23676
23458
23677
23459
23678
23460
23679
23461
23680
23462
23681
23463
23682
23464
23683
23465
23684
23466
23685
23467
23686
23468
23687
23469
23688
23470
23689
23471
23690
23472
23691
23473
23692
23474
23693
23475
23694
23476
23695
23477
23696
23478
23697
23479
23698
23480
23699
23481
23700
23482
23701
23483
23702
23484
23703
23485
23704
23486
23705
23487
23706
23488
23707
23489
23708
23490
23709
23491
23710
23492
23711
23493
23712
23494
23713
23495
23714
23496
23715
23497
23716
23498
23717
23499
23718
23500
23719
23501
23720
23502
23721
23503
23722
23504
23723
23505
23724
23506
23725
23507
23726
23508
23727
23509
23728
23510
23729
23511
23730
23512
23731
23513
23732
23514
23733
23515
23734
23516
23735
23517
23736
23518
23737
23519
23738
23520
23739
23521
23740
23522
23741
23523
23742
23524
23743
23525
23744
23526
23745
23527
23746
23528
23747
23529
23748
23530
23749
23531
23750
23532
23751
23533
23752
23534
23753
23535
23754
23536
23755
23537
23756
23538
23757
23539
23758
23540
23759
23541
23760
23542
23761
23543
23762
23544
23763
23545
23764
23546
23765
23547
23766
23548
23767
23549
23768
23550
23769
23551
23770
23552
23771
23553
23772
23554
23773
23555
23774
23556
23775
23557
23776
23558
23777
23559
23778
23560
23779
23561
23780
23562
23781
23563
23782
23564
23783
23565
23784
23566
23785
23567
23786
23568
23787
23569
23788
23570
23789
23571
23790
23572
23791
23573
23792
23574
23793
23575
23794
23576
23795
23577
23796
23578
23797
23579
23798
23580
23799
23581
23800
23582
23801
23583
23802
23584
23803
23585
23804
23586
23805
23587
23806
23588
23807
23589
23808
23590
23809
23591
23810
23592
23811
23593
23812
23594
23813
23595
23814
23596
23815
23597
23816
23598
23817
23599
23818
23600
23819
23601
23820
23602
23821
23603
23822
23604
23823
23605
23824
23606
23825
23607
23826
23608
23827
23609
23828
23610
23829
23611
23830
23612
23831
23613
23832
23614
23833
23615
23834
23616
23835
23617
23836
23618
23837
23619
23838
23620
23839
23621
23840
23622
23841
23623
23842
23624
23843
23625
23844
23626
23845
23627
23846
23628
23847
23629
23848
23630
23849
23631
23850
23632
23851
23633
23852
23634
23853
23635
23854
23636
23855
23637
23856
23638
23857
23639
23858
23859
23641
23860
23642
23861
23643
23862
23644
23863
23645
23864
23646
23865
23647
23866
23648
23867
23649
23868
23650
23869
23651
23870
23652
23871
23653
23872
23654
23873
23655
23874
23656
23875
23657
23876
23658
23877
23659
23878
23660
23879
23661
23880
23662
23881
23663
23882
23664
23883
23665
23884
23666
23885
23667
23886
23668
23887
23669
23888
23670
23889
23671
23890
23672
23891
23673
23892
23674
23893
23675
23894
23676
23895
23677
23896
23678
23897
23679
23898
23680
23899
23681
23900
23682
23901
23683
23902
23684
23903
23685
23904
23686
23905
23687
23906
23688
23907
23689
23908
23690
23909
23691
23910
23692
23911
23693
23912
23694
23913
23695
23914
23696
23915
23697
23916
23698
23917
23699
23918
23700
23919
23701
23920
23702
23921
23703
23922
23704
23923
23705
23924
23706
23925
23707
23926
23708
23927
23709
23928
23710
23929
23711
23930
23712
23931
23713
23932
23714
23933
23715
23934
23716
23935
23717
23936
23718
23937
23719
23938
23720
23939
23721
23940
23722
23941
23723
23942
23724
23943
23725
23944
23726
23945
23727
23946
23728
23947
23729
23948
23730
23949
23731
23950
23732
23951
23733
23952
23734
23953
23735
23954
23736
23955
23737
23956
23738
23957
23739
23958
23740
23959
23741
23960
23742
23961
23743
23962
23744
23963
23745
23964
23746
23965
23747
23966
23748
23967
23749
23968
23750
23969
23751
23970
23752
23971
23753
23972
23754
23973
23755
23974
23756
23975
23757
23976
23758
23977
23759
23978
23760
23979
23761
23980
23762
23981
23763
23982
23764
23983
23765
23984
23766
23985
23767
23986
23768
23987
23769
23988
23770
23989
23771
23990
23772
23991
23773
23992
23774
23993
23775
23994
23776
23995
23777
23996
23778
23997
23779
23998
23780
23999
23781
24000
23782
24001
23783
24002
23784
24003
23785
24004
23786
24005
23787
24006
23788
24007
23789
24008
23790
24009
23791
24010
23792
24011
23793
24012
23794
24013
23795
24014
23796
24015
23797
24016
23798
24017
23799
24018
23800
24019
23801
24020
23802
24021
23803
24022
23804
24023
23805
24024
23806
24025
23807
24026
23808
24027
23809
24028
23810
24029
23811
24030
23812
24031
23813
24032
23814
24033
23815
24034
23816
24035
23817
24036
23818
24037
23819
24038
23820
24039
23821
24040
23822
24041
23823
24042
23824
24043
23825
24044
23826
24045
23827
24046
23828
24047
23829
24048
23830
24049
23831
24050
23832
24051
23833
24052
23834
24053
23835
24054
23836
24055
23837
24056
23838
24057
23839
24058
23840
24059
23841
24060
23842
24061
23843
24062
23844
24063
23845
24064
23846
24065
23847
24066
23848
24067
23849
24068
23850
24069
23851
24070
23852
24071
23853
24072
23854
24073
23855
24074
23856
24075
23857
24076
23858
24077
23859
24078
24079
23861
24080
23862
24081
23863
24082
23864
24083
23865
24084
23866
24085
23867
24086
23868
24087
23869
24088
23870
24089
23871
24090
23872
24091
23873
24092
23874
24093
23875
24094
23876
24095
23877
24096
23878
24097
23879
24098
23880
24099
23881
24100
23882
24101
23883
24102
23884
24103
23885
24104
23886
24105
23887
24106
23888
24107
23889
24108
23890
24109
23891
24110
23892
24111
23893
24112
23894
24113
23895
24114
23896
24115
23897
24116
23898
24117
23899
24118
23900
24119
23901
24120
23902
24121
23903
24122
23904
24123
23905
24124
23906
24125
23907
24126
23908
24127
23909
24128
23910
24129
23911
24130
23912
24131
23913
24132
23914
24133
23915
24134
23916
24135
23917
24136
23918
24137
23919
24138
23920
24139
23921
24140
23922
24141
23923
24142
23924
24143
23925
24144
23926
24145
23927
24146
23928
24147
23929
24148
23930
24149
23931
24150
23932
24151
23933
24152
23934
24153
23935
24154
23936
24155
23937
24156
23938
24157
23939
24158
23940
24159
23941
24160
23942
24161
23943
24162
23944
24163
23945
24164
23946
24165
23947
24166
23948
24167
23949
24168
23950
24169
23951
24170
23952
24171
23953
24172
23954
24173
23955
24174
23956
24175
23957
24176
23958
24177
23959
24178
23960
24179
23961
24180
23962
24181
23963
24182
23964
24183
23965
24184
23966
24185
23967
24186
23968
24187
23969
24188
23970
24189
23971
24190
23972
24191
23973
24192
23974
24193
23975
24194
23976
24195
23977
24196
23978
24197
23979
24198
23980
24199
23981
24200
23982
24201
23983
24202
23984
24203
23985
24204
23986
24205
23987
24206
23988
24207
23989
24208
23990
24209
23991
24210
23992
24211
23993
24212
23994
24213
23995
24214
23996
24215
23997
24216
23998
24217
23999
24218
24000
24219
24001
24220
24002
24221
24003
24222
24004
24223
24005
24224
24006
24225
24007
24226
24008
24227
24009
24228
24010
24229
24011
24230
24012
24231
24013
24232
24014
24233
24015
24234
24016
24235
24017
24236
24018
24237
24019
24238
24020
24239
24021
24240
24022
24241
24023
24242
24024
24243
24025
24244
24026
24245
24027
24246
24028
24247
24029
24248
24030
24249
24031
24250
24032
24251
24033
24252
24034
24253
24035
24254
24036
24255
24037
24256
24038
24257
24039
24258
24040
24259
24041
24260
24042
24261
24043
24262
24044
24263
24045
24264
24046
24265
24047
24266
24048
24267
24049
24268
24050
24269
24051
24270
24052
24271
24053
24272
24054
24273
24055
24274
24056
24275
24057
24276
24058
24277
24059
24278
24060
24279
24061
24280
24062
24281
24063
24282
24064
24283
24065
24284
24066
24285
24067
24286
24068
24287
24069
24288
24070
24289
24071
24290
24072
24291
24073
24292
24074
24293
24075
24294
24076
24295
24077
24296
24078
24297
24079
24298
24299
24081
24300
24082
24301
24083
24302
24084
24303
24085
24304
24086
24305
24087
24306
24088
24307
24089
24308
24090
24309
24091
24310
24092
24311
24093
24312
24094
24313
24095
24314
24096
24315
24097
24316
24098
24317
24099
24318
24100
24319
24101
24320
24102
24321
24103
24322
24104
24323
24105
24324
24106
24325
24107
24326
24108
24327
24109
24328
24110
24329
24111
24330
24112
24331
24113
24332
24114
24333
24115
24334
24116
24335
24117
24336
24118
24337
24119
24338
24120
24339
24121
24340
24122
24341
24123
24342
24124
24343
24125
24344
24126
24345
24127
24346
24128
24347
24129
24348
24130
24349
24131
24350
24132
24351
24133
24352
24134
24353
24135
24354
24136
24355
24137
24356
24138
24357
24139
24358
24140
24359
24141
24360
24142
24361
24143
24362
24144
24363
24145
24364
24146
24365
24147
24366
24148
24367
24149
24368
24150
24369
24151
24370
24152
24371
24153
24372
24154
24373
24155
24374
24156
24375
24157
24376
24158
24377
24159
24378
24160
24379
24161
24380
24162
24381
24163
24382
24164
24383
24165
24384
24166
24385
24167
24386
24168
24387
24169
24388
24170
24389
24171
24390
24172
24391
24173
24392
24174
24393
24175
24394
24176
24395
24177
24396
24178
24397
24179
24398
24180
24399
24181
24400
24182
24401
24183
24402
24184
24403
24185
24404
24186
24405
24187
24406
24188
24407
24189
24408
24190
24409
24191
24410
24192
24411
24193
24412
24194
24413
24195
24414
24196
24415
24197
24416
24198
24417
24199
24418
24200
24419
24201
24420
24202
24421
24203
24422
24204
24423
24205
24424
24206
24425
24207
24426
24208
24427
24209
24428
24210
24429
24211
24430
24212
24431
24213
24432
24214
24433
24215
24434
24216
24435
24217
24436
24218
24437
24219
24438
24220
24439
24221
24440
24222
24441
24223
24442
24224
24443
24225
24444
24226
24445
24227
24446
24228
24447
24229
24448
24230
24449
24231
24450
24232
24451
24233
24452
24234
24453
24235
24454
24236
24455
24237
24456
24238
24457
24239
24458
24240
24459
24241
24460
24242
24461
24243
24462
24244
24463
24245
24464
24246
24465
24247
24466
24248
24467
24249
24468
24250
24469
24251
24470
24252
24471
24253
24472
24254
24473
24255
24474
24256
24475
24257
24476
24258
24477
24259
24478
24260
24479
24261
24480
24262
24481
24263
24482
24264
24483
24265
24484
24266
24485
24267
24486
24268
24487
24269
24488
24270
24489
24271
24490
24272
24491
24273
24492
24274
24493
24275
24494
24276
24495
24277
24496
24278
24497
24279
24498
24280
24499
24281
24500
24282
24501
24283
24502
24284
24503
24285
24504
24286
24505
24287
24506
24288
24507
24289
24508
24290
24509
24291
24510
24292
24511
24293
24512
24294
24513
24295
24514
24296
24515
24297
24516
24298
24517
24299
24518
24519
24301
24520
24302
24521
24303
24522
24304
24523
24305
24524
24306
24525
24307
24526
24308
24527
24309
24528
24310
24529
24311
24530
24312
24531
24313
24532
24314
24533
24315
24534
24316
24535
24317
24536
24318
24537
24319
24538
24320
24539
24321
24540
24322
24541
24323
24542
24324
24543
24325
24544
24326
24545
24327
24546
24328
24547
24329
24548
24330
24549
24331
24550
24332
24551
24333
24552
24334
24553
24335
24554
24336
24555
24337
24556
24338
24557
24339
24558
24340
24559
24341
24560
24342
24561
24343
24562
24344
24563
24345
24564
24346
24565
24347
24566
24348
24567
24349
24568
24350
24569
24351
24570
24352
24571
24353
24572
24354
24573
24355
24574
24356
24575
24357
24576
24358
24577
24359
24578
24360
24579
24361
24580
24362
24581
24363
24582
24364
24583
24365
24584
24366
24585
24367
24586
24368
24587
24369
24588
24370
24589
24371
24590
24372
24591
24373
24592
24374
24593
24375
24594
24376
24595
24377
24596
24378
24597
24379
24598
24380
24599
24381
24600
24382
24601
24383
24602
24384
24603
24385
24604
24386
24605
24387
24606
24388
24607
24389
24608
24390
24609
24391
24610
24392
24611
24393
24612
24394
24613
24395
24614
24396
24615
24397
24616
24398
24617
24399
24618
24400
24619
24401
24620
24402
24621
24403
24622
24404
24623
24405
24624
24406
24625
24407
24626
24408
24627
24409
24628
24410
24629
24411
24630
24412
24631
24413
24632
24414
24633
24415
24634
24416
24635
24417
24636
24418
24637
24419
24638
24420
24639
24421
24640
24422
24641
24423
24642
24424
24643
24425
24644
24426
24645
24427
24646
24428
24647
24429
24648
24430
24649
24431
24650
24432
24651
24433
24652
24434
24653
24435
24654
24436
24655
24437
24656
24438
24657
24439
24658
24440
24659
24441
24660
24442
24661
24443
24662
24444
24663
24445
24664
24446
24665
24447
24666
24448
24667
24449
24668
24450
24669
24451
24670
24452
24671
24453
24672
24454
24673
24455
24674
24456
24675
24457
24676
24458
24677
24459
24678
24460
24679
24461
24680
24462
24681
24463
24682
24464
24683
24465
24684
24466
24685
24467
24686
24468
24687
24469
24688
24470
24689
24471
24690
24472
24691
24473
24692
24474
24693
24475
24694
24476
24695
24477
24696
24478
24697
24479
24698
24480
24699
24481
24700
24482
24701
24483
24702
24484
24703
24485
24704
24486
24705
24487
24706
24488
24707
24489
24708
24490
24709
24491
24710
24492
24711
24493
24712
24494
24713
24495
24714
24496
24715
24497
24716
24498
24717
24499
24718
24500
24719
24501
24720
24502
24721
24503
24722
24504
24723
24505
24724
24506
24725
24507
24726
24508
24727
24509
24728
24510
24729
24511
24730
24512
24731
24513
24732
24514
24733
24515
24734
24516
24735
24517
24736
24518
24737
24519
24738
24739
24521
24740
24522
24741
24523
24742
24524
24743
24525
24744
24526
24745
24527
24746
24528
24747
24529
24748
24530
24749
24531
24750
24532
24751
24533
24752
24534
24753
24535
24754
24536
24755
24537
24756
24538
24757
24539
24758
24540
24759
24541
24760
24542
24761
24543
24762
24544
24763
24545
24764
24546
24765
24547
24766
24548
24767
24549
24768
24550
24769
24551
24770
24552
24771
24553
24772
24554
24773
24555
24774
24556
24775
24557
24776
24558
24777
24559
24778
24560
24779
24561
24780
24562
24781
24563
24782
24564
24783
24565
24784
24566
24785
24567
24786
24568
24787
24569
24788
24570
24789
24571
24790
24572
24791
24573
24792
24574
24793
24575
24794
24576
24795
24577
24796
24578
24797
24579
24798
24580
24799
24581
24800
24582
24801
24583
24802
24584
24803
24585
24804
24586
24805
24587
24806
24588
24807
24589
24808
24590
24809
24591
24810
24592
24811
24593
24812
24594
24813
24595
24814
24596
24815
24597
24816
24598
24817
24599
24818
24600
24819
24601
24820
24602
24821
24603
24822
24604
24823
24605
24824
24606
24825
24607
24826
24608
24827
24609
24828
24610
24829
24611
24830
24612
24831
24613
24832
24614
24833
24615
24834
24616
24835
24617
24836
24618
24837
24619
24838
24620
24839
24621
24840
24622
24841
24623
24842
24624
24843
24625
24844
24626
24845
24627
24846
24628
24847
24629
24848
24630
24849
24631
24850
24632
24851
24633
24852
24634
24853
24635
24854
24636
24855
24637
24856
24638
24857
24639
24858
24640
24859
24641
24860
24642
24861
24643
24862
24644
24863
24645
24864
24646
24865
24647
24866
24648
24867
24649
24868
24650
24869
24651
24870
24652
24871
24653
24872
24654
24873
24655
24874
24656
24875
24657
24876
24658
24877
24659
24878
24660
24879
24661
24880
24662
24881
24663
24882
24664
24883
24665
24884
24666
24885
24667
24886
24668
24887
24669
24888
24670
24889
24671
24890
24672
24891
24673
24892
24674
24893
24675
24894
24676
24895
24677
24896
24678
24897
24679
24898
24680
24899
24681
24900
24682
24901
24683
24902
24684
24903
24685
24904
24686
24905
24687
24906
24688
24907
24689
24908
24690
24909
24691
24910
24692
24911
24693
24912
24694
24913
24695
24914
24696
24915
24697
24916
24698
24917
24699
24918
24700
24919
24701
24920
24702
24921
24703
24922
24704
24923
24705
24924
24706
24925
24707
24926
24708
24927
24709
24928
24710
24929
24711
24930
24712
24931
24713
24932
24714
24933
24715
24934
24716
24935
24717
24936
24718
24937
24719
24938
24720
24939
24721
24940
24722
24941
24723
24942
24724
24943
24725
24944
24726
24945
24727
24946
24728
24947
24729
24948
24730
24949
24731
24950
24732
24951
24733
24952
24734
24953
24735
24954
24736
24955
24737
24956
24738
24957
24739
24958
24959
24741
24960
24742
24961
24743
24962
24744
24963
24745
24964
24746
24965
24747
24966
24748
24967
24749
24968
24750
24969
24751
24970
24752
24971
24753
24972
24754
24973
24755
24974
24756
24975
24757
24976
24758
24977
24759
24978
24760
24979
24761
24980
24762
24981
24763
24982
24764
24983
24765
24984
24766
24985
24767
24986
24768
24987
24769
24988
24770
24989
24771
24990
24772
24991
24773
24992
24774
24993
24775
24994
24776
24995
24777
24996
24778
24997
24779
24998
24780
24999
24781
25000
24782
25001
24783
25002
24784
25003
24785
25004
24786
25005
24787
25006
24788
25007
24789
25008
24790
25009
24791
25010
24792
25011
24793
25012
24794
25013
24795
25014
24796
25015
24797
25016
24798
25017
24799
25018
24800
25019
24801
25020
24802
25021
24803
25022
24804
25023
24805
25024
24806
25025
24807
25026
24808
25027
24809
25028
24810
25029
24811
25030
24812
25031
24813
25032
24814
25033
24815
25034
24816
25035
24817
25036
24818
25037
24819
25038
24820
25039
24821
25040
24822
25041
24823
25042
24824
25043
24825
25044
24826
25045
24827
25046
24828
25047
24829
25048
24830
25049
24831
25050
24832
25051
24833
25052
24834
25053
24835
25054
24836
25055
24837
25056
24838
25057
24839
25058
24840
25059
24841
25060
24842
25061
24843
25062
24844
25063
24845
25064
24846
25065
24847
25066
24848
25067
24849
25068
24850
25069
24851
25070
24852
25071
24853
25072
24854
25073
24855
25074
24856
25075
24857
25076
24858
25077
24859
25078
24860
25079
24861
25080
24862
25081
24863
25082
24864
25083
24865
25084
24866
25085
24867
25086
24868
25087
24869
25088
24870
25089
24871
25090
24872
25091
24873
25092
24874
25093
24875
25094
24876
25095
24877
25096
24878
25097
24879
25098
24880
25099
24881
25100
24882
25101
24883
25102
24884
25103
24885
25104
24886
25105
24887
25106
24888
25107
24889
25108
24890
25109
24891
25110
24892
25111
24893
25112
24894
25113
24895
25114
24896
25115
24897
25116
24898
25117
24899
25118
24900
25119
24901
25120
24902
25121
24903
25122
24904
25123
24905
25124
24906
25125
24907
25126
24908
25127
24909
25128
24910
25129
24911
25130
24912
25131
24913
25132
24914
25133
24915
25134
24916
25135
24917
25136
24918
25137
24919
25138
24920
25139
24921
25140
24922
25141
24923
25142
24924
25143
24925
25144
24926
25145
24927
25146
24928
25147
24929
25148
24930
25149
24931
25150
24932
25151
24933
25152
24934
25153
24935
25154
24936
25155
24937
25156
24938
25157
24939
25158
24940
25159
24941
25160
24942
25161
24943
25162
24944
25163
24945
25164
24946
25165
24947
25166
24948
25167
24949
25168
24950
25169
24951
25170
24952
25171
24953
25172
24954
25173
24955
25174
24956
25175
24957
25176
24958
25177
24959
25178
25179
24961
25180
24962
25181
24963
25182
24964
25183
24965
25184
24966
25185
24967
25186
24968
25187
24969
25188
24970
25189
24971
25190
24972
25191
24973
25192
24974
25193
24975
25194
24976
25195
24977
25196
24978
25197
24979
25198
24980
25199
24981
25200
24982
25201
24983
25202
24984
25203
24985
25204
24986
25205
24987
25206
24988
25207
24989
25208
24990
25209
24991
25210
24992
25211
24993
25212
24994
25213
24995
25214
24996
25215
24997
25216
24998
25217
24999
25218
25000
25219
25001
25220
25002
25221
25003
25222
25004
25223
25005
25224
25006
25225
25007
25226
25008
25227
25009
25228
25010
25229
25011
25230
25012
25231
25013
25232
25014
25233
25015
25234
25016
25235
25017
25236
25018
25237
25019
25238
25020
25239
25021
25240
25022
25241
25023
25242
25024
25243
25025
25244
25026
25245
25027
25246
25028
25247
25029
25248
25030
25249
25031
25250
25032
25251
25033
25252
25034
25253
25035
25254
25036
25255
25037
25256
25038
25257
25039
25258
25040
25259
25041
25260
25042
25261
25043
25262
25044
25263
25045
25264
25046
25265
25047
25266
25048
25267
25049
25268
25050
25269
25051
25270
25052
25271
25053
25272
25054
25273
25055
25274
25056
25275
25057
25276
25058
25277
25059
25278
25060
25279
25061
25280
25062
25281
25063
25282
25064
25283
25065
25284
25066
25285
25067
25286
25068
25287
25069
25288
25070
25289
25071
25290
25072
25291
25073
25292
25074
25293
25075
25294
25076
25295
25077
25296
25078
25297
25079
25298
25080
25299
25081
25300
25082
25301
25083
25302
25084
25303
25085
25304
25086
25305
25087
25306
25088
25307
25089
25308
25090
25309
25091
25310
25092
25311
25093
25312
25094
25313
25095
25314
25096
25315
25097
25316
25098
25317
25099
25318
25100
25319
25101
25320
25102
25321
25103
25322
25104
25323
25105
25324
25106
25325
25107
25326
25108
25327
25109
25328
25110
25329
25111
25330
25112
25331
25113
25332
25114
25333
25115
25334
25116
25335
25117
25336
25118
25337
25119
25338
25120
25339
25121
25340
25122
25341
25123
25342
25124
25343
25125
25344
25126
25345
25127
25346
25128
25347
25129
25348
25130
25349
25131
25350
25132
25351
25133
25352
25134
25353
25135
25354
25136
25355
25137
25356
25138
25357
25139
25358
25140
25359
25141
25360
25142
25361
25143
25362
25144
25363
25145
25364
25146
25365
25147
25366
25148
25367
25149
25368
25150
25369
25151
25370
25152
25371
25153
25372
25154
25373
25155
25374
25156
25375
25157
25376
25158
25377
25159
25378
25160
25379
25161
25380
25162
25381
25163
25382
25164
25383
25165
25384
25166
25385
25167
25386
25168
25387
25169
25388
25170
25389
25171
25390
25172
25391
25173
25392
25174
25393
25175
25394
25176
25395
25177
25396
25178
25397
25179
25398
25399
25181
25400
25182
25401
25183
25402
25184
25403
25185
25404
25186
25405
25187
25406
25188
25407
25189
25408
25190
25409
25191
25410
25192
25411
25193
25412
25194
25413
25195
25414
25196
25415
25197
25416
25198
25417
25199
25418
25200
25419
25201
25420
25202
25421
25203
25422
25204
25423
25205
25424
25206
25425
25207
25426
25208
25427
25209
25428
25210
25429
25211
25430
25212
25431
25213
25432
25214
25433
25215
25434
25216
25435
25217
25436
25218
25437
25219
25438
25220
25439
25221
25440
25222
25441
25223
25442
25224
25443
25225
25444
25226
25445
25227
25446
25228
25447
25229
25448
25230
25449
25231
25450
25232
25451
25233
25452
25234
25453
25235
25454
25236
25455
25237
25456
25238
25457
25239
25458
25240
25459
25241
25460
25242
25461
25243
25462
25244
25463
25245
25464
25246
25465
25247
25466
25248
25467
25249
25468
25250
25469
25251
25470
25252
25471
25253
25472
25254
25473
25255
25474
25256
25475
25257
25476
25258
25477
25259
25478
25260
25479
25261
25480
25262
25481
25263
25482
25264
25483
25265
25484
25266
25485
25267
25486
25268
25487
25269
25488
25270
25489
25271
25490
25272
25491
25273
25492
25274
25493
25275
25494
25276
25495
25277
25496
25278
25497
25279
25498
25280
25499
25281
25500
25282
25501
25283
25502
25284
25503
25285
25504
25286
25505
25287
25506
25288
25507
25289
25508
25290
25509
25291
25510
25292
25511
25293
25512
25294
25513
25295
25514
25296
25515
25297
25516
25298
25517
25299
25518
25300
25519
25301
25520
25302
25521
25303
25522
25304
25523
25305
25524
25306
25525
25307
25526
25308
25527
25309
25528
25310
25529
25311
25530
25312
25531
25313
25532
25314
25533
25315
25534
25316
25535
25317
25536
25318
25537
25319
25538
25320
25539
25321
25540
25322
25541
25323
25542
25324
25543
25325
25544
25326
25545
25327
25546
25328
25547
25329
25548
25330
25549
25331
25550
25332
25551
25333
25552
25334
25553
25335
25554
25336
25555
25337
25556
25338
25557
25339
25558
25340
25559
25341
25560
25342
25561
25343
25562
25344
25563
25345
25564
25346
25565
25347
25566
25348
25567
25349
25568
25350
25569
25351
25570
25352
25571
25353
25572
25354
25573
25355
25574
25356
25575
25357
25576
25358
25577
25359
25578
25360
25579
25361
25580
25362
25581
25363
25582
25364
25583
25365
25584
25366
25585
25367
25586
25368
25587
25369
25588
25370
25589
25371
25590
25372
25591
25373
25592
25374
25593
25375
25594
25376
25595
25377
25596
25378
25597
25379
25598
25380
25599
25381
25600
25382
25601
25383
25602
25384
25603
25385
25604
25386
25605
25387
25606
25388
25607
25389
25608
25390
25609
25391
25610
25392
25611
25393
25612
25394
25613
25395
25614
25396
25615
25397
25616
25398
25617
25399
25618
25619
25401
25620
25402
25621
25403
25622
25404
25623
25405
25624
25406
25625
25407
25626
25408
25627
25409
25628
25410
25629
25411
25630
25412
25631
25413
25632
25414
25633
25415
25634
25416
25635
25417
25636
25418
25637
25419
25638
25420
25639
25421
25640
25422
25641
25423
25642
25424
25643
25425
25644
25426
25645
25427
25646
25428
25647
25429
25648
25430
25649
25431
25650
25432
25651
25433
25652
25434
25653
25435
25654
25436
25655
25437
25656
25438
25657
25439
25658
25440
25659
25441
25660
25442
25661
25443
25662
25444
25663
25445
25664
25446
25665
25447
25666
25448
25667
25449
25668
25450
25669
25451
25670
25452
25671
25453
25672
25454
25673
25455
25674
25456
25675
25457
25676
25458
25677
25459
25678
25460
25679
25461
25680
25462
25681
25463
25682
25464
25683
25465
25684
25466
25685
25467
25686
25468
25687
25469
25688
25470
25689
25471
25690
25472
25691
25473
25692
25474
25693
25475
25694
25476
25695
25477
25696
25478
25697
25479
25698
25480
25699
25481
25700
25482
25701
25483
25702
25484
25703
25485
25704
25486
25705
25487
25706
25488
25707
25489
25708
25490
25709
25491
25710
25492
25711
25493
25712
25494
25713
25495
25714
25496
25715
25497
25716
25498
25717
25499
25718
25500
25719
25501
25720
25502
25721
25503
25722
25504
25723
25505
25724
25506
25725
25507
25726
25508
25727
25509
25728
25510
25729
25511
25730
25512
25731
25513
25732
25514
25733
25515
25734
25516
25735
25517
25736
25518
25737
25519
25738
25520
25739
25521
25740
25522
25741
25523
25742
25524
25743
25525
25744
25526
25745
25527
25746
25528
25747
25529
25748
25530
25749
25531
25750
25532
25751
25533
25752
25534
25753
25535
25754
25536
25755
25537
25756
25538
25757
25539
25758
25540
25759
25541
25760
25542
25761
25543
25762
25544
25763
25545
25764
25546
25765
25547
25766
25548
25767
25549
25768
25550
25769
25551
25770
25552
25771
25553
25772
25554
25773
25555
25774
25556
25775
25557
25776
25558
25777
25559
25778
25560
25779
25561
25780
25562
25781
25563
25782
25564
25783
25565
25784
25566
25785
25567
25786
25568
25787
25569
25788
25570
25789
25571
25790
25572
25791
25573
25792
25574
25793
25575
25794
25576
25795
25577
25796
25578
25797
25579
25798
25580
25799
25581
25800
25582
25801
25583
25802
25584
25803
25585
25804
25586
25805
25587
25806
25588
25807
25589
25808
25590
25809
25591
25810
25592
25811
25593
25812
25594
25813
25595
25814
25596
25815
25597
25816
25598
25817
25599
25818
25600
25819
25601
25820
25602
25821
25603
25822
25604
25823
25605
25824
25606
25825
25607
25826
25608
25827
25609
25828
25610
25829
25611
25830
25612
25831
25613
25832
25614
25833
25615
25834
25616
25835
25617
25836
25618
25837
25619
25838
25839
25621
25840
25622
25841
25623
25842
25624
25843
25625
25844
25626
25845
25627
25846
25628
25847
25629
25848
25630
25849
25631
25850
25632
25851
25633
25852
25634
25853
25635
25854
25636
25855
25637
25856
25638
25857
25639
25858
25640
25859
25641
25860
25642
25861
25643
25862
25644
25863
25645
25864
25646
25865
25647
25866
25648
25867
25649
25868
25650
25869
25651
25870
25652
25871
25653
25872
25654
25873
25655
25874
25656
25875
25657
25876
25658
25877
25659
25878
25660
25879
25661
25880
25662
25881
25663
25882
25664
25883
25665
25884
25666
25885
25667
25886
25668
25887
25669
25888
25670
25889
25671
25890
25672
25891
25673
25892
25674
25893
25675
25894
25676
25895
25677
25896
25678
25897
25679
25898
25680
25899
25681
25900
25682
25901
25683
25902
25684
25903
25685
25904
25686
25905
25687
25906
25688
25907
25689
25908
25690
25909
25691
25910
25692
25911
25693
25912
25694
25913
25695
25914
25696
25915
25697
25916
25698
25917
25699
25918
25700
25919
25701
25920
25702
25921
25703
25922
25704
25923
25705
25924
25706
25925
25707
25926
25708
25927
25709
25928
25710
25929
25711
25930
25712
25931
25713
25932
25714
25933
25715
25934
25716
25935
25717
25936
25718
25937
25719
25938
25720
25939
25721
25940
25722
25941
25723
25942
25724
25943
25725
25944
25726
25945
25727
25946
25728
25947
25729
25948
25730
25949
25731
25950
25732
25951
25733
25952
25734
25953
25735
25954
25736
25955
25737
25956
25738
25957
25739
25958
25740
25959
25741
25960
25742
25961
25743
25962
25744
25963
25745
25964
25746
25965
25747
25966
25748
25967
25749
25968
25750
25969
25751
25970
25752
25971
25753
25972
25754
25973
25755
25974
25756
25975
25757
25976
25758
25977
25759
25978
25760
25979
25761
25980
25762
25981
25763
25982
25764
25983
25765
25984
25766
25985
25767
25986
25768
25987
25769
25988
25770
25989
25771
25990
25772
25991
25773
25992
25774
25993
25775
25994
25776
25995
25777
25996
25778
25997
25779
25998
25780
25999
25781
26000
25782
26001
25783
26002
25784
26003
25785
26004
25786
26005
25787
26006
25788
26007
25789
26008
25790
26009
25791
26010
25792
26011
25793
26012
25794
26013
25795
26014
25796
26015
25797
26016
25798
26017
25799
26018
25800
26019
25801
26020
25802
26021
25803
26022
25804
26023
25805
26024
25806
26025
25807
26026
25808
26027
25809
26028
25810
26029
25811
26030
25812
26031
25813
26032
25814
26033
25815
26034
25816
26035
25817
26036
25818
26037
25819
26038
25820
26039
25821
26040
25822
26041
25823
26042
25824
26043
25825
26044
25826
26045
25827
26046
25828
26047
25829
26048
25830
26049
25831
26050
25832
26051
25833
26052
25834
26053
25835
26054
25836
26055
25837
26056
25838
26057
25839
26058
26059
25841
26060
25842
26061
25843
26062
25844
26063
25845
26064
25846
26065
25847
26066
25848
26067
25849
26068
25850
26069
25851
26070
25852
26071
25853
26072
25854
26073
25855
26074
25856
26075
25857
26076
25858
26077
25859
26078
25860
26079
25861
26080
25862
26081
25863
26082
25864
26083
25865
26084
25866
26085
25867
26086
25868
26087
25869
26088
25870
26089
25871
26090
25872
26091
25873
26092
25874
26093
25875
26094
25876
26095
25877
26096
25878
26097
25879
26098
25880
26099
25881
26100
25882
26101
25883
26102
25884
26103
25885
26104
25886
26105
25887
26106
25888
26107
25889
26108
25890
26109
25891
26110
25892
26111
25893
26112
25894
26113
25895
26114
25896
26115
25897
26116
25898
26117
25899
26118
25900
26119
25901
26120
25902
26121
25903
26122
25904
26123
25905
26124
25906
26125
25907
26126
25908
26127
25909
26128
25910
26129
25911
26130
25912
26131
25913
26132
25914
26133
25915
26134
25916
26135
25917
26136
25918
26137
25919
26138
25920
26139
25921
26140
25922
26141
25923
26142
25924
26143
25925
26144
25926
26145
25927
26146
25928
26147
25929
26148
25930
26149
25931
26150
25932
26151
25933
26152
25934
26153
25935
26154
25936
26155
25937
26156
25938
26157
25939
26158
25940
26159
25941
26160
25942
26161
25943
26162
25944
26163
25945
26164
25946
26165
25947
26166
25948
26167
25949
26168
25950
26169
25951
26170
25952
26171
25953
26172
25954
26173
25955
26174
25956
26175
25957
26176
25958
26177
25959
26178
25960
26179
25961
26180
25962
26181
25963
26182
25964
26183
25965
26184
25966
26185
25967
26186
25968
26187
25969
26188
25970
26189
25971
26190
25972
26191
25973
26192
25974
26193
25975
26194
25976
26195
25977
26196
25978
26197
25979
26198
25980
26199
25981
26200
25982
26201
25983
26202
25984
26203
25985
26204
25986
26205
25987
26206
25988
26207
25989
26208
25990
26209
25991
26210
25992
26211
25993
26212
25994
26213
25995
26214
25996
26215
25997
26216
25998
26217
25999
26218
26000
26219
26001
26220
26002
26221
26003
26222
26004
26223
26005
26224
26006
26225
26007
26226
26008
26227
26009
26228
26010
26229
26011
26230
26012
26231
26013
26232
26014
26233
26015
26234
26016
26235
26017
26236
26018
26237
26019
26238
26020
26239
26021
26240
26022
26241
26023
26242
26024
26243
26025
26244
26026
26245
26027
26246
26028
26247
26029
26248
26030
26249
26031
26250
26032
26251
26033
26252
26034
26253
26035
26254
26036
26255
26037
26256
26038
26257
26039
26258
26040
26259
26041
26260
26042
26261
26043
26262
26044
26263
26045
26264
26046
26265
26047
26266
26048
26267
26049
26268
26050
26269
26051
26270
26052
26271
26053
26272
26054
26273
26055
26274
26056
26275
26057
26276
26058
26277
26059
26278
26279
26061
26280
26062
26281
26063
26282
26064
26283
26065
26284
26066
26285
26067
26286
26068
26287
26069
26288
26070
26289
26071
26290
26072
26291
26073
26292
26074
26293
26075
26294
26076
26295
26077
26296
26078
26297
26079
26298
26080
26299
26081
26300
26082
26301
26083
26302
26084
26303
26085
26304
26086
26305
26087
26306
26088
26307
26089
26308
26090
26309
26091
26310
26092
26311
26093
26312
26094
26313
26095
26314
26096
26315
26097
26316
26098
26317
26099
26318
26100
26319
26101
26320
26102
26321
26103
26322
26104
26323
26105
26324
26106
26325
26107
26326
26108
26327
26109
26328
26110
26329
26111
26330
26112
26331
26113
26332
26114
26333
26115
26334
26116
26335
26117
26336
26118
26337
26119
26338
26120
26339
26121
26340
26122
26341
26123
26342
26124
26343
26125
26344
26126
26345
26127
26346
26128
26347
26129
26348
26130
26349
26131
26350
26132
26351
26133
26352
26134
26353
26135
26354
26136
26355
26137
26356
26138
26357
26139
26358
26140
26359
26141
26360
26142
26361
26143
26362
26144
26363
26145
26364
26146
26365
26147
26366
26148
26367
26149
26368
26150
26369
26151
26370
26152
26371
26153
26372
26154
26373
26155
26374
26156
26375
26157
26376
26158
26377
26159
26378
26160
26379
26161
26380
26162
26381
26163
26382
26164
26383
26165
26384
26166
26385
26167
26386
26168
26387
26169
26388
26170
26389
26171
26390
26172
26391
26173
26392
26174
26393
26175
26394
26176
26395
26177
26396
26178
26397
26179
26398
26180
26399
26181
26400
26182
26401
26183
26402
26184
26403
26185
26404
26186
26405
26187
26406
26188
26407
26189
26408
26190
26409
26191
26410
26192
26411
26193
26412
26194
26413
26195
26414
26196
26415
26197
26416
26198
26417
26199
26418
26200
26419
26201
26420
26202
26421
26203
26422
26204
26423
26205
26424
26206
26425
26207
26426
26208
26427
26209
26428
26210
26429
26211
26430
26212
26431
26213
26432
26214
26433
26215
26434
26216
26435
26217
26436
26218
26437
26219
26438
26220
26439
26221
26440
26222
26441
26223
26442
26224
26443
26225
26444
26226
26445
26227
26446
26228
26447
26229
26448
26230
26449
26231
26450
26232
26451
26233
26452
26234
26453
26235
26454
26236
26455
26237
26456
26238
26457
26239
26458
26240
26459
26241
26460
26242
26461
26243
26462
26244
26463
26245
26464
26246
26465
26247
26466
26248
26467
26249
26468
26250
26469
26251
26470
26252
26471
26253
26472
26254
26473
26255
26474
26256
26475
26257
26476
26258
26477
26259
26478
26260
26479
26261
26480
26262
26481
26263
26482
26264
26483
26265
26484
26266
26485
26267
26486
26268
26487
26269
26488
26270
26489
26271
26490
26272
26491
26273
26492
26274
26493
26275
26494
26276
26495
26277
26496
26278
26497
26279
26498
26499
26281
26500
26282
26501
26283
26502
26284
26503
26285
26504
26286
26505
26287
26506
26288
26507
26289
26508
26290
26509
26291
26510
26292
26511
26293
26512
26294
26513
26295
26514
26296
26515
26297
26516
26298
26517
26299
26518
26300
26519
26301
26520
26302
26521
26303
26522
26304
26523
26305
26524
26306
26525
26307
26526
26308
26527
26309
26528
26310
26529
26311
26530
26312
26531
26313
26532
26314
26533
26315
26534
26316
26535
26317
26536
26318
26537
26319
26538
26320
26539
26321
26540
26322
26541
26323
26542
26324
26543
26325
26544
26326
26545
26327
26546
26328
26547
26329
26548
26330
26549
26331
26550
26332
26551
26333
26552
26334
26553
26335
26554
26336
26555
26337
26556
26338
26557
26339
26558
26340
26559
26341
26560
26342
26561
26343
26562
26344
26563
26345
26564
26346
26565
26347
26566
26348
26567
26349
26568
26350
26569
26351
26570
26352
26571
26353
26572
26354
26573
26355
26574
26356
26575
26357
26576
26358
26577
26359
26578
26360
26579
26361
26580
26362
26581
26363
26582
26364
26583
26365
26584
26366
26585
26367
26586
26368
26587
26369
26588
26370
26589
26371
26590
26372
26591
26373
26592
26374
26593
26375
26594
26376
26595
26377
26596
26378
26597
26379
26598
26380
26599
26381
26600
26382
26601
26383
26602
26384
26603
26385
26604
26386
26605
26387
26606
26388
26607
26389
26608
26390
26609
26391
26610
26392
26611
26393
26612
26394
26613
26395
26614
26396
26615
26397
26616
26398
26617
26399
26618
26400
26619
26401
26620
26402
26621
26403
26622
26404
26623
26405
26624
26406
26625
26407
26626
26408
26627
26409
26628
26410
26629
26411
26630
26412
26631
26413
26632
26414
26633
26415
26634
26416
26635
26417
26636
26418
26637
26419
26638
26420
26639
26421
26640
26422
26641
26423
26642
26424
26643
26425
26644
26426
26645
26427
26646
26428
26647
26429
26648
26430
26649
26431
26650
26432
26651
26433
26652
26434
26653
26435
26654
26436
26655
26437
26656
26438
26657
26439
26658
26440
26659
26441
26660
26442
26661
26443
26662
26444
26663
26445
26664
26446
26665
26447
26666
26448
26667
26449
26668
26450
26669
26451
26670
26452
26671
26453
26672
26454
26673
26455
26674
26456
26675
26457
26676
26458
26677
26459
26678
26460
26679
26461
26680
26462
26681
26463
26682
26464
26683
26465
26684
26466
26685
26467
26686
26468
26687
26469
26688
26470
26689
26471
26690
26472
26691
26473
26692
26474
26693
26475
26694
26476
26695
26477
26696
26478
26697
26479
26698
26480
26699
26481
26700
26482
26701
26483
26702
26484
26703
26485
26704
26486
26705
26487
26706
26488
26707
26489
26708
26490
26709
26491
26710
26492
26711
26493
26712
26494
26713
26495
26714
26496
26715
26497
26716
26498
26717
26499
26718
26719
26501
26720
26502
26721
26503
26722
26504
26723
26505
26724
26506
26725
26507
26726
26508
26727
26509
26728
26510
26729
26511
26730
26512
26731
26513
26732
26514
26733
26515
26734
26516
26735
26517
26736
26518
26737
26519
26738
26520
26739
26521
26740
26522
26741
26523
26742
26524
26743
26525
26744
26526
26745
26527
26746
26528
26747
26529
26748
26530
26749
26531
26750
26532
26751
26533
26752
26534
26753
26535
26754
26536
26755
26537
26756
26538
26757
26539
26758
26540
26759
26541
26760
26542
26761
26543
26762
26544
26763
26545
26764
26546
26765
26547
26766
26548
26767
26549
26768
26550
26769
26551
26770
26552
26771
26553
26772
26554
26773
26555
26774
26556
26775
26557
26776
26558
26777
26559
26778
26560
26779
26561
26780
26562
26781
26563
26782
26564
26783
26565
26784
26566
26785
26567
26786
26568
26787
26569
26788
26570
26789
26571
26790
26572
26791
26573
26792
26574
26793
26575
26794
26576
26795
26577
26796
26578
26797
26579
26798
26580
26799
26581
26800
26582
26801
26583
26802
26584
26803
26585
26804
26586
26805
26587
26806
26588
26807
26589
26808
26590
26809
26591
26810
26592
26811
26593
26812
26594
26813
26595
26814
26596
26815
26597
26816
26598
26817
26599
26818
26600
26819
26601
26820
26602
26821
26603
26822
26604
26823
26605
26824
26606
26825
26607
26826
26608
26827
26609
26828
26610
26829
26611
26830
26612
26831
26613
26832
26614
26833
26615
26834
26616
26835
26617
26836
26618
26837
26619
26838
26620
26839
26621
26840
26622
26841
26623
26842
26624
26843
26625
26844
26626
26845
26627
26846
26628
26847
26629
26848
26630
26849
26631
26850
26632
26851
26633
26852
26634
26853
26635
26854
26636
26855
26637
26856
26638
26857
26639
26858
26640
26859
26641
26860
26642
26861
26643
26862
26644
26863
26645
26864
26646
26865
26647
26866
26648
26867
26649
26868
26650
26869
26651
26870
26652
26871
26653
26872
26654
26873
26655
26874
26656
26875
26657
26876
26658
26877
26659
26878
26660
26879
26661
26880
26662
26881
26663
26882
26664
26883
26665
26884
26666
26885
26667
26886
26668
26887
26669
26888
26670
26889
26671
26890
26672
26891
26673
26892
26674
26893
26675
26894
26676
26895
26677
26896
26678
26897
26679
26898
26680
26899
26681
26900
26682
26901
26683
26902
26684
26903
26685
26904
26686
26905
26687
26906
26688
26907
26689
26908
26690
26909
26691
26910
26692
26911
26693
26912
26694
26913
26695
26914
26696
26915
26697
26916
26698
26917
26699
26918
26700
26919
26701
26920
26702
26921
26703
26922
26704
26923
26705
26924
26706
26925
26707
26926
26708
26927
26709
26928
26710
26929
26711
26930
26712
26931
26713
26932
26714
26933
26715
26934
26716
26935
26717
26936
26718
26937
26719
26938
26939
26721
26940
26722
26941
26723
26942
26724
26943
26725
26944
26726
26945
26727
26946
26728
26947
26729
26948
26730
26949
26731
26950
26732
26951
26733
26952
26734
26953
26735
26954
26736
26955
26737
26956
26738
26957
26739
26958
26740
26959
26741
26960
26742
26961
26743
26962
26744
26963
26745
26964
26746
26965
26747
26966
26748
26967
26749
26968
26750
26969
26751
26970
26752
26971
26753
26972
26754
26973
26755
26974
26756
26975
26757
26976
26758
26977
26759
26978
26760
26979
26761
26980
26762
26981
26763
26982
26764
26983
26765
26984
26766
26985
26767
26986
26768
26987
26769
26988
26770
26989
26771
26990
26772
26991
26773
26992
26774
26993
26775
26994
26776
26995
26777
26996
26778
26997
26779
26998
26780
26999
26781
27000
26782
27001
26783
27002
26784
27003
26785
27004
26786
27005
26787
27006
26788
27007
26789
27008
26790
27009
26791
27010
26792
27011
26793
27012
26794
27013
26795
27014
26796
27015
26797
27016
26798
27017
26799
27018
26800
27019
26801
27020
26802
27021
26803
27022
26804
27023
26805
27024
26806
27025
26807
27026
26808
27027
26809
27028
26810
27029
26811
27030
26812
27031
26813
27032
26814
27033
26815
27034
26816
27035
26817
27036
26818
27037
26819
27038
26820
27039
26821
27040
26822
27041
26823
27042
26824
27043
26825
27044
26826
27045
26827
27046
26828
27047
26829
27048
26830
27049
26831
27050
26832
27051
26833
27052
26834
27053
26835
27054
26836
27055
26837
27056
26838
27057
26839
27058
26840
27059
26841
27060
26842
27061
26843
27062
26844
27063
26845
27064
26846
27065
26847
27066
26848
27067
26849
27068
26850
27069
26851
27070
26852
27071
26853
27072
26854
27073
26855
27074
26856
27075
26857
27076
26858
27077
26859
27078
26860
27079
26861
27080
26862
27081
26863
27082
26864
27083
26865
27084
26866
27085
26867
27086
26868
27087
26869
27088
26870
27089
26871
27090
26872
27091
26873
27092
26874
27093
26875
27094
26876
27095
26877
27096
26878
27097
26879
27098
26880
27099
26881
27100
26882
27101
26883
27102
26884
27103
26885
27104
26886
27105
26887
27106
26888
27107
26889
27108
26890
27109
26891
27110
26892
27111
26893
27112
26894
27113
26895
27114
26896
27115
26897
27116
26898
27117
26899
27118
26900
27119
26901
27120
26902
27121
26903
27122
26904
27123
26905
27124
26906
27125
26907
27126
26908
27127
26909
27128
26910
27129
26911
27130
26912
27131
26913
27132
26914
27133
26915
27134
26916
27135
26917
27136
26918
27137
26919
27138
26920
27139
26921
27140
26922
27141
26923
27142
26924
27143
26925
27144
26926
27145
26927
27146
26928
27147
26929
27148
26930
27149
26931
27150
26932
27151
26933
27152
26934
27153
26935
27154
26936
27155
26937
27156
26938
27157
26939
27158
27159
26941
27160
26942
27161
26943
27162
26944
27163
26945
27164
26946
27165
26947
27166
26948
27167
26949
27168
26950
27169
26951
27170
26952
27171
26953
27172
26954
27173
26955
27174
26956
27175
26957
27176
26958
27177
26959
27178
26960
27179
26961
27180
26962
27181
26963
27182
26964
27183
26965
27184
26966
27185
26967
27186
26968
27187
26969
27188
26970
27189
26971
27190
26972
27191
26973
27192
26974
27193
26975
27194
26976
27195
26977
27196
26978
27197
26979
27198
26980
27199
26981
27200
26982
27201
26983
27202
26984
27203
26985
27204
26986
27205
26987
27206
26988
27207
26989
27208
26990
27209
26991
27210
26992
27211
26993
27212
26994
27213
26995
27214
26996
27215
26997
27216
26998
27217
26999
27218
27000
27219
27001
27220
27002
27221
27003
27222
27004
27223
27005
27224
27006
27225
27007
27226
27008
27227
27009
27228
27010
27229
27011
27230
27012
27231
27013
27232
27014
27233
27015
27234
27016
27235
27017
27236
27018
27237
27019
27238
27020
27239
27021
27240
27022
27241
27023
27242
27024
27243
27025
27244
27026
27245
27027
27246
27028
27247
27029
27248
27030
27249
27031
27250
27032
27251
27033
27252
27034
27253
27035
27254
27036
27255
27037
27256
27038
27257
27039
27258
27040
27259
27041
27260
27042
27261
27043
27262
27044
27263
27045
27264
27046
27265
27047
27266
27048
27267
27049
27268
27050
27269
27051
27270
27052
27271
27053
27272
27054
27273
27055
27274
27056
27275
27057
27276
27058
27277
27059
27278
27060
27279
27061
27280
27062
27281
27063
27282
27064
27283
27065
27284
27066
27285
27067
27286
27068
27287
27069
27288
27070
27289
27071
27290
27072
27291
27073
27292
27074
27293
27075
27294
27076
27295
27077
27296
27078
27297
27079
27298
27080
27299
27081
27300
27082
27301
27083
27302
27084
27303
27085
27304
27086
27305
27087
27306
27088
27307
27089
27308
27090
27309
27091
27310
27092
27311
27093
27312
27094
27313
27095
27314
27096
27315
27097
27316
27098
27317
27099
27318
27100
27319
27101
27320
27102
27321
27103
27322
27104
27323
27105
27324
27106
27325
27107
27326
27108
27327
27109
27328
27110
27329
27111
27330
27112
27331
27113
27332
27114
27333
27115
27334
27116
27335
27117
27336
27118
27337
27119
27338
27120
27339
27121
27340
27122
27341
27123
27342
27124
27343
27125
27344
27126
27345
27127
27346
27128
27347
27129
27348
27130
27349
27131
27350
27132
27351
27133
27352
27134
27353
27135
27354
27136
27355
27137
27356
27138
27357
27139
27358
27140
27359
27141
27360
27142
27361
27143
27362
27144
27363
27145
27364
27146
27365
27147
27366
27148
27367
27149
27368
27150
27369
27151
27370
27152
27371
27153
27372
27154
27373
27155
27374
27156
27375
27157
27376
27158
27377
27159
27378
27379
27161
27380
27162
27381
27163
27382
27164
27383
27165
27384
27166
27385
27167
27386
27168
27387
27169
27388
27170
27389
27171
27390
27172
27391
27173
27392
27174
27393
27175
27394
27176
27395
27177
27396
27178
27397
27179
27398
27180
27399
27181
27400
27182
27401
27183
27402
27184
27403
27185
27404
27186
27405
27187
27406
27188
27407
27189
27408
27190
27409
27191
27410
27192
27411
27193
27412
27194
27413
27195
27414
27196
27415
27197
27416
27198
27417
27199
27418
27200
27419
27201
27420
27202
27421
27203
27422
27204
27423
27205
27424
27206
27425
27207
27426
27208
27427
27209
27428
27210
27429
27211
27430
27212
27431
27213
27432
27214
27433
27215
27434
27216
27435
27217
27436
27218
27437
27219
27438
27220
27439
27221
27440
27222
27441
27223
27442
27224
27443
27225
27444
27226
27445
27227
27446
27228
27447
27229
27448
27230
27449
27231
27450
27232
27451
27233
27452
27234
27453
27235
27454
27236
27455
27237
27456
27238
27457
27239
27458
27240
27459
27241
27460
27242
27461
27243
27462
27244
27463
27245
27464
27246
27465
27247
27466
27248
27467
27249
27468
27250
27469
27251
27470
27252
27471
27253
27472
27254
27473
27255
27474
27256
27475
27257
27476
27258
27477
27259
27478
27260
27479
27261
27480
27262
27481
27263
27482
27264
27483
27265
27484
27266
27485
27267
27486
27268
27487
27269
27488
27270
27489
27271
27490
27272
27491
27273
27492
27274
27493
27275
27494
27276
27495
27277
27496
27278
27497
27279
27498
27280
27499
27281
27500
27282
27501
27283
27502
27284
27503
27285
27504
27286
27505
27287
27506
27288
27507
27289
27508
27290
27509
27291
27510
27292
27511
27293
27512
27294
27513
27295
27514
27296
27515
27297
27516
27298
27517
27299
27518
27300
27519
27301
27520
27302
27521
27303
27522
27304
27523
27305
27524
27306
27525
27307
27526
27308
27527
27309
27528
27310
27529
27311
27530
27312
27531
27313
27532
27314
27533
27315
27534
27316
27535
27317
27536
27318
27537
27319
27538
27320
27539
27321
27540
27322
27541
27323
27542
27324
27543
27325
27544
27326
27545
27327
27546
27328
27547
27329
27548
27330
27549
27331
27550
27332
27551
27333
27552
27334
27553
27335
27554
27336
27555
27337
27556
27338
27557
27339
27558
27340
27559
27341
27560
27342
27561
27343
27562
27344
27563
27345
27564
27346
27565
27347
27566
27348
27567
27349
27568
27350
27569
27351
27570
27352
27571
27353
27572
27354
27573
27355
27574
27356
27575
27357
27576
27358
27577
27359
27578
27360
27579
27361
27580
27362
27581
27363
27582
27364
27583
27365
27584
27366
27585
27367
27586
27368
27587
27369
27588
27370
27589
27371
27590
27372
27591
27373
27592
27374
27593
27375
27594
27376
27595
27377
27596
27378
27597
27379
27598
27599
27381
27600
27382
27601
27383
27602
27384
27603
27385
27604
27386
27605
27387
27606
27388
27607
27389
27608
27390
27609
27391
27610
27392
27611
27393
27612
27394
27613
27395
27614
27396
27615
27397
27616
27398
27617
27399
27618
27400
27619
27401
27620
27402
27621
27403
27622
27404
27623
27405
27624
27406
27625
27407
27626
27408
27627
27409
27628
27410
27629
27411
27630
27412
27631
27413
27632
27414
27633
27415
27634
27416
27635
27417
27636
27418
27637
27419
27638
27420
27639
27421
27640
27422
27641
27423
27642
27424
27643
27425
27644
27426
27645
27427
27646
27428
27647
27429
27648
27430
27649
27431
27650
27432
27651
27433
27652
27434
27653
27435
27654
27436
27655
27437
27656
27438
27657
27439
27658
27440
27659
27441
27660
27442
27661
27443
27662
27444
27663
27445
27664
27446
27665
27447
27666
27448
27667
27449
27668
27450
27669
27451
27670
27452
27671
27453
27672
27454
27673
27455
27674
27456
27675
27457
27676
27458
27677
27459
27678
27460
27679
27461
27680
27462
27681
27463
27682
27464
27683
27465
27684
27466
27685
27467
27686
27468
27687
27469
27688
27470
27689
27471
27690
27472
27691
27473
27692
27474
27693
27475
27694
27476
27695
27477
27696
27478
27697
27479
27698
27480
27699
27481
27700
27482
27701
27483
27702
27484
27703
27485
27704
27486
27705
27487
27706
27488
27707
27489
27708
27490
27709
27491
27710
27492
27711
27493
27712
27494
27713
27495
27714
27496
27715
27497
27716
27498
27717
27499
27718
27500
27719
27501
27720
27502
27721
27503
27722
27504
27723
27505
27724
27506
27725
27507
27726
27508
27727
27509
27728
27510
27729
27511
27730
27512
27731
27513
27732
27514
27733
27515
27734
27516
27735
27517
27736
27518
27737
27519
27738
27520
27739
27521
27740
27522
27741
27523
27742
27524
27743
27525
27744
27526
27745
27527
27746
27528
27747
27529
27748
27530
27749
27531
27750
27532
27751
27533
27752
27534
27753
27535
27754
27536
27755
27537
27756
27538
27757
27539
27758
27540
27759
27541
27760
27542
27761
27543
27762
27544
27763
27545
27764
27546
27765
27547
27766
27548
27767
27549
27768
27550
27769
27551
27770
27552
27771
27553
27772
27554
27773
27555
27774
27556
27775
27557
27776
27558
27777
27559
27778
27560
27779
27561
27780
27562
27781
27563
27782
27564
27783
27565
27784
27566
27785
27567
27786
27568
27787
27569
27788
27570
27789
27571
27790
27572
27791
27573
27792
27574
27793
27575
27794
27576
27795
27577
27796
27578
27797
27579
27798
27580
27799
27581
27800
27582
27801
27583
27802
27584
27803
27585
27804
27586
27805
27587
27806
27588
27807
27589
27808
27590
27809
27591
27810
27592
27811
27593
27812
27594
27813
27595
27814
27596
27815
27597
27816
27598
27817
27599
27818
27819
27601
27820
27602
27821
27603
27822
27604
27823
27605
27824
27606
27825
27607
27826
27608
27827
27609
27828
27610
27829
27611
27830
27612
27831
27613
27832
27614
27833
27615
27834
27616
27835
27617
27836
27618
27837
27619
27838
27620
27839
27621
27840
27622
27841
27623
27842
27624
27843
27625
27844
27626
27845
27627
27846
27628
27847
27629
27848
27630
27849
27631
27850
27632
27851
27633
27852
27634
27853
27635
27854
27636
27855
27637
27856
27638
27857
27639
27858
27640
27859
27641
27860
27642
27861
27643
27862
27644
27863
27645
27864
27646
27865
27647
27866
27648
27867
27649
27868
27650
27869
27651
27870
27652
27871
27653
27872
27654
27873
27655
27874
27656
27875
27657
27876
27658
27877
27659
27878
27660
27879
27661
27880
27662
27881
27663
27882
27664
27883
27665
27884
27666
27885
27667
27886
27668
27887
27669
27888
27670
27889
27671
27890
27672
27891
27673
27892
27674
27893
27675
27894
27676
27895
27677
27896
27678
27897
27679
27898
27680
27899
27681
27900
27682
27901
27683
27902
27684
27903
27685
27904
27686
27905
27687
27906
27688
27907
27689
27908
27690
27909
27691
27910
27692
27911
27693
27912
27694
27913
27695
27914
27696
27915
27697
27916
27698
27917
27699
27918
27700
27919
27701
27920
27702
27921
27703
27922
27704
27923
27705
27924
27706
27925
27707
27926
27708
27927
27709
27928
27710
27929
27711
27930
27712
27931
27713
27932
27714
27933
27715
27934
27716
27935
27717
27936
27718
27937
27719
27938
27720
27939
27721
27940
27722
27941
27723
27942
27724
27943
27725
27944
27726
27945
27727
27946
27728
27947
27729
27948
27730
27949
27731
27950
27732
27951
27733
27952
27734
27953
27735
27954
27736
27955
27737
27956
27738
27957
27739
27958
27740
27959
27741
27960
27742
27961
27743
27962
27744
27963
27745
27964
27746
27965
27747
27966
27748
27967
27749
27968
27750
27969
27751
27970
27752
27971
27753
27972
27754
27973
27755
27974
27756
27975
27757
27976
27758
27977
27759
27978
27760
27979
27761
27980
27762
27981
27763
27982
27764
27983
27765
27984
27766
27985
27767
27986
27768
27987
27769
27988
27770
27989
27771
27990
27772
27991
27773
27992
27774
27993
27775
27994
27776
27995
27777
27996
27778
27997
27779
27998
27780
27999
27781
28000
27782
28001
27783
28002
27784
28003
27785
28004
27786
28005
27787
28006
27788
28007
27789
28008
27790
28009
27791
28010
27792
28011
27793
28012
27794
28013
27795
28014
27796
28015
27797
28016
27798
28017
27799
28018
27800
28019
27801
28020
27802
28021
27803
28022
27804
28023
27805
28024
27806
28025
27807
28026
27808
28027
27809
28028
27810
28029
27811
28030
27812
28031
27813
28032
27814
28033
27815
28034
27816
28035
27817
28036
27818
28037
27819
28038
28039
27821
28040
27822
28041
27823
28042
27824
28043
27825
28044
27826
28045
27827
28046
27828
28047
27829
28048
27830
28049
27831
28050
27832
28051
27833
28052
27834
28053
27835
28054
27836
28055
27837
28056
27838
28057
27839
28058
27840
28059
27841
28060
27842
28061
27843
28062
27844
28063
27845
28064
27846
28065
27847
28066
27848
28067
27849
28068
27850
28069
27851
28070
27852
28071
27853
28072
27854
28073
27855
28074
27856
28075
27857
28076
27858
28077
27859
28078
27860
28079
27861
28080
27862
28081
27863
28082
27864
28083
27865
28084
27866
28085
27867
28086
27868
28087
27869
28088
27870
28089
27871
28090
27872
28091
27873
28092
27874
28093
27875
28094
27876
28095
27877
28096
27878
28097
27879
28098
27880
28099
27881
28100
27882
28101
27883
28102
27884
28103
27885
28104
27886
28105
27887
28106
27888
28107
27889
28108
27890
28109
27891
28110
27892
28111
27893
28112
27894
28113
27895
28114
27896
28115
27897
28116
27898
28117
27899
28118
27900
28119
27901
28120
27902
28121
27903
28122
27904
28123
27905
28124
27906
28125
27907
28126
27908
28127
27909
28128
27910
28129
27911
28130
27912
28131
27913
28132
27914
28133
27915
28134
27916
28135
27917
28136
27918
28137
27919
28138
27920
28139
27921
28140
27922
28141
27923
28142
27924
28143
27925
28144
27926
28145
27927
28146
27928
28147
27929
28148
27930
28149
27931
28150
27932
28151
27933
28152
27934
28153
27935
28154
27936
28155
27937
28156
27938
28157
27939
28158
27940
28159
27941
28160
27942
28161
27943
28162
27944
28163
27945
28164
27946
28165
27947
28166
27948
28167
27949
28168
27950
28169
27951
28170
27952
28171
27953
28172
27954
28173
27955
28174
27956
28175
27957
28176
27958
28177
27959
28178
27960
28179
27961
28180
27962
28181
27963
28182
27964
28183
27965
28184
27966
28185
27967
28186
27968
28187
27969
28188
27970
28189
27971
28190
27972
28191
27973
28192
27974
28193
27975
28194
27976
28195
27977
28196
27978
28197
27979
28198
27980
28199
27981
28200
27982
28201
27983
28202
27984
28203
27985
28204
27986
28205
27987
28206
27988
28207
27989
28208
27990
28209
27991
28210
27992
28211
27993
28212
27994
28213
27995
28214
27996
28215
27997
28216
27998
28217
27999
28218
28000
28219
28001
28220
28002
28221
28003
28222
28004
28223
28005
28224
28006
28225
28007
28226
28008
28227
28009
28228
28010
28229
28011
28230
28012
28231
28013
28232
28014
28233
28015
28234
28016
28235
28017
28236
28018
28237
28019
28238
28020
28239
28021
28240
28022
28241
28023
28242
28024
28243
28025
28244
28026
28245
28027
28246
28028
28247
28029
28248
28030
28249
28031
28250
28032
28251
28033
28252
28034
28253
28035
28254
28036
28255
28037
28256
28038
28257
28039
28258
28259
28041
28260
28042
28261
28043
28262
28044
28263
28045
28264
28046
28265
28047
28266
28048
28267
28049
28268
28050
28269
28051
28270
28052
28271
28053
28272
28054
28273
28055
28274
28056
28275
28057
28276
28058
28277
28059
28278
28060
28279
28061
28280
28062
28281
28063
28282
28064
28283
28065
28284
28066
28285
28067
28286
28068
28287
28069
28288
28070
28289
28071
28290
28072
28291
28073
28292
28074
28293
28075
28294
28076
28295
28077
28296
28078
28297
28079
28298
28080
28299
28081
28300
28082
28301
28083
28302
28084
28303
28085
28304
28086
28305
28087
28306
28088
28307
28089
28308
28090
28309
28091
28310
28092
28311
28093
28312
28094
28313
28095
28314
28096
28315
28097
28316
28098
28317
28099
28318
28100
28319
28101
28320
28102
28321
28103
28322
28104
28323
28105
28324
28106
28325
28107
28326
28108
28327
28109
28328
28110
28329
28111
28330
28112
28331
28113
28332
28114
28333
28115
28334
28116
28335
28117
28336
28118
28337
28119
28338
28120
28339
28121
28340
28122
28341
28123
28342
28124
28343
28125
28344
28126
28345
28127
28346
28128
28347
28129
28348
28130
28349
28131
28350
28132
28351
28133
28352
28134
28353
28135
28354
28136
28355
28137
28356
28138
28357
28139
28358
28140
28359
28141
28360
28142
28361
28143
28362
28144
28363
28145
28364
28146
28365
28147
28366
28148
28367
28149
28368
28150
28369
28151
28370
28152
28371
28153
28372
28154
28373
28155
28374
28156
28375
28157
28376
28158
28377
28159
28378
28160
28379
28161
28380
28162
28381
28163
28382
28164
28383
28165
28384
28166
28385
28167
28386
28168
28387
28169
28388
28170
28389
28171
28390
28172
28391
28173
28392
28174
28393
28175
28394
28176
28395
28177
28396
28178
28397
28179
28398
28180
28399
28181
28400
28182
28401
28183
28402
28184
28403
28185
28404
28186
28405
28187
28406
28188
28407
28189
28408
28190
28409
28191
28410
28192
28411
28193
28412
28194
28413
28195
28414
28196
28415
28197
28416
28198
28417
28199
28418
28200
28419
28201
28420
28202
28421
28203
28422
28204
28423
28205
28424
28206
28425
28207
28426
28208
28427
28209
28428
28210
28429
28211
28430
28212
28431
28213
28432
28214
28433
28215
28434
28216
28435
28217
28436
28218
28437
28219
28438
28220
28439
28221
28440
28222
28441
28223
28442
28224
28443
28225
28444
28226
28445
28227
28446
28228
28447
28229
28448
28230
28449
28231
28450
28232
28451
28233
28452
28234
28453
28235
28454
28236
28455
28237
28456
28238
28457
28239
28458
28240
28459
28241
28460
28242
28461
28243
28462
28244
28463
28245
28464
28246
28465
28247
28466
28248
28467
28249
28468
28250
28469
28251
28470
28252
28471
28253
28472
28254
28473
28255
28474
28256
28475
28257
28476
28258
28477
28259
28478
28479
28261
28480
28262
28481
28263
28482
28264
28483
28265
28484
28266
28485
28267
28486
28268
28487
28269
28488
28270
28489
28271
28490
28272
28491
28273
28492
28274
28493
28275
28494
28276
28495
28277
28496
28278
28497
28279
28498
28280
28499
28281
28500
28282
28501
28283
28502
28284
28503
28285
28504
28286
28505
28287
28506
28288
28507
28289
28508
28290
28509
28291
28510
28292
28511
28293
28512
28294
28513
28295
28514
28296
28515
28297
28516
28298
28517
28299
28518
28300
28519
28301
28520
28302
28521
28303
28522
28304
28523
28305
28524
28306
28525
28307
28526
28308
28527
28309
28528
28310
28529
28311
28530
28312
28531
28313
28532
28314
28533
28315
28534
28316
28535
28317
28536
28318
28537
28319
28538
28320
28539
28321
28540
28322
28541
28323
28542
28324
28543
28325
28544
28326
28545
28327
28546
28328
28547
28329
28548
28330
28549
28331
28550
28332
28551
28333
28552
28334
28553
28335
28554
28336
28555
28337
28556
28338
28557
28339
28558
28340
28559
28341
28560
28342
28561
28343
28562
28344
28563
28345
28564
28346
28565
28347
28566
28348
28567
28349
28568
28350
28569
28351
28570
28352
28571
28353
28572
28354
28573
28355
28574
28356
28575
28357
28576
28358
28577
28359
28578
28360
28579
28361
28580
28362
28581
28363
28582
28364
28583
28365
28584
28366
28585
28367
28586
28368
28587
28369
28588
28370
28589
28371
28590
28372
28591
28373
28592
28374
28593
28375
28594
28376
28595
28377
28596
28378
28597
28379
28598
28380
28599
28381
28600
28382
28601
28383
28602
28384
28603
28385
28604
28386
28605
28387
28606
28388
28607
28389
28608
28390
28609
28391
28610
28392
28611
28393
28612
28394
28613
28395
28614
28396
28615
28397
28616
28398
28617
28399
28618
28400
28619
28401
28620
28402
28621
28403
28622
28404
28623
28405
28624
28406
28625
28407
28626
28408
28627
28409
28628
28410
28629
28411
28630
28412
28631
28413
28632
28414
28633
28415
28634
28416
28635
28417
28636
28418
28637
28419
28638
28420
28639
28421
28640
28422
28641
28423
28642
28424
28643
28425
28644
28426
28645
28427
28646
28428
28647
28429
28648
28430
28649
28431
28650
28432
28651
28433
28652
28434
28653
28435
28654
28436
28655
28437
28656
28438
28657
28439
28658
28440
28659
28441
28660
28442
28661
28443
28662
28444
28663
28445
28664
28446
28665
28447
28666
28448
28667
28449
28668
28450
28669
28451
28670
28452
28671
28453
28672
28454
28673
28455
28674
28456
28675
28457
28676
28458
28677
28459
28678
28460
28679
28461
28680
28462
28681
28463
28682
28464
28683
28465
28684
28466
28685
28467
28686
28468
28687
28469
28688
28470
28689
28471
28690
28472
28691
28473
28692
28474
28693
28475
28694
28476
28695
28477
28696
28478
28697
28479
28698
28699
28481
28700
28482
28701
28483
28702
28484
28703
28485
28704
28486
28705
28487
28706
28488
28707
28489
28708
28490
28709
28491
28710
28492
28711
28493
28712
28494
28713
28495
28714
28496
28715
28497
28716
28498
28717
28499
28718
28500
28719
28501
28720
28502
28721
28503
28722
28504
28723
28505
28724
28506
28725
28507
28726
28508
28727
28509
28728
28510
28729
28511
28730
28512
28731
28513
28732
28514
28733
28515
28734
28516
28735
28517
28736
28518
28737
28519
28738
28520
28739
28521
28740
28522
28741
28523
28742
28524
28743
28525
28744
28526
28745
28527
28746
28528
28747
28529
28748
28530
28749
28531
28750
28532
28751
28533
28752
28534
28753
28535
28754
28536
28755
28537
28756
28538
28757
28539
28758
28540
28759
28541
28760
28542
28761
28543
28762
28544
28763
28545
28764
28546
28765
28547
28766
28548
28767
28549
28768
28550
28769
28551
28770
28552
28771
28553
28772
28554
28773
28555
28774
28556
28775
28557
28776
28558
28777
28559
28778
28560
28779
28561
28780
28562
28781
28563
28782
28564
28783
28565
28784
28566
28785
28567
28786
28568
28787
28569
28788
28570
28789
28571
28790
28572
28791
28573
28792
28574
28793
28575
28794
28576
28795
28577
28796
28578
28797
28579
28798
28580
28799
28581
28800
28582
28801
28583
28802
28584
28803
28585
28804
28586
28805
28587
28806
28588
28807
28589
28808
28590
28809
28591
28810
28592
28811
28593
28812
28594
28813
28595
28814
28596
28815
28597
28816
28598
28817
28599
28818
28600
28819
28601
28820
28602
28821
28603
28822
28604
28823
28605
28824
28606
28825
28607
28826
28608
28827
28609
28828
28610
28829
28611
28830
28612
28831
28613
28832
28614
28833
28615
28834
28616
28835
28617
28836
28618
28837
28619
28838
28620
28839
28621
28840
28622
28841
28623
28842
28624
28843
28625
28844
28626
28845
28627
28846
28628
28847
28629
28848
28630
28849
28631
28850
28632
28851
28633
28852
28634
28853
28635
28854
28636
28855
28637
28856
28638
28857
28639
28858
28640
28859
28641
28860
28642
28861
28643
28862
28644
28863
28645
28864
28646
28865
28647
28866
28648
28867
28649
28868
28650
28869
28651
28870
28652
28871
28653
28872
28654
28873
28655
28874
28656
28875
28657
28876
28658
28877
28659
28878
28660
28879
28661
28880
28662
28881
28663
28882
28664
28883
28665
28884
28666
28885
28667
28886
28668
28887
28669
28888
28670
28889
28671
28890
28672
28891
28673
28892
28674
28893
28675
28894
28676
28895
28677
28896
28678
28897
28679
28898
28680
28899
28681
28900
28682
28901
28683
28902
28684
28903
28685
28904
28686
28905
28687
28906
28688
28907
28689
28908
28690
28909
28691
28910
28692
28911
28693
28912
28694
28913
28695
28914
28696
28915
28697
28916
28698
28917
28699
28918
28919
28701
28920
28702
28921
28703
28922
28704
28923
28705
28924
28706
28925
28707
28926
28708
28927
28709
28928
28710
28929
28711
28930
28712
28931
28713
28932
28714
28933
28715
28934
28716
28935
28717
28936
28718
28937
28719
28938
28720
28939
28721
28940
28722
28941
28723
28942
28724
28943
28725
28944
28726
28945
28727
28946
28728
28947
28729
28948
28730
28949
28731
28950
28732
28951
28733
28952
28734
28953
28735
28954
28736
28955
28737
28956
28738
28957
28739
28958
28740
28959
28741
28960
28742
28961
28743
28962
28744
28963
28745
28964
28746
28965
28747
28966
28748
28967
28749
28968
28750
28969
28751
28970
28752
28971
28753
28972
28754
28973
28755
28974
28756
28975
28757
28976
28758
28977
28759
28978
28760
28979
28761
28980
28762
28981
28763
28982
28764
28983
28765
28984
28766
28985
28767
28986
28768
28987
28769
28988
28770
28989
28771
28990
28772
28991
28773
28992
28774
28993
28775
28994
28776
28995
28777
28996
28778
28997
28779
28998
28780
28999
28781
29000
28782
29001
28783
29002
28784
29003
28785
29004
28786
29005
28787
29006
28788
29007
28789
29008
28790
29009
28791
29010
28792
29011
28793
29012
28794
29013
28795
29014
28796
29015
28797
29016
28798
29017
28799
29018
28800
29019
28801
29020
28802
29021
28803
29022
28804
29023
28805
29024
28806
29025
28807
29026
28808
29027
28809
29028
28810
29029
28811
29030
28812
29031
28813
29032
28814
29033
28815
29034
28816
29035
28817
29036
28818
29037
28819
29038
28820
29039
28821
29040
28822
29041
28823
29042
28824
29043
28825
29044
28826
29045
28827
29046
28828
29047
28829
29048
28830
29049
28831
29050
28832
29051
28833
29052
28834
29053
28835
29054
28836
29055
28837
29056
28838
29057
28839
29058
28840
29059
28841
29060
28842
29061
28843
29062
28844
29063
28845
29064
28846
29065
28847
29066
28848
29067
28849
29068
28850
29069
28851
29070
28852
29071
28853
29072
28854
29073
28855
29074
28856
29075
28857
29076
28858
29077
28859
29078
28860
29079
28861
29080
28862
29081
28863
29082
28864
29083
28865
29084
28866
29085
28867
29086
28868
29087
28869
29088
28870
29089
28871
29090
28872
29091
28873
29092
28874
29093
28875
29094
28876
29095
28877
29096
28878
29097
28879
29098
28880
29099
28881
29100
28882
29101
28883
29102
28884
29103
28885
29104
28886
29105
28887
29106
28888
29107
28889
29108
28890
29109
28891
29110
28892
29111
28893
29112
28894
29113
28895
29114
28896
29115
28897
29116
28898
29117
28899
29118
28900
29119
28901
29120
28902
29121
28903
29122
28904
29123
28905
29124
28906
29125
28907
29126
28908
29127
28909
29128
28910
29129
28911
29130
28912
29131
28913
29132
28914
29133
28915
29134
28916
29135
28917
29136
28918
29137
28919
29138
29139
28921
29140
28922
29141
28923
29142
28924
29143
28925
29144
28926
29145
28927
29146
28928
29147
28929
29148
28930
29149
28931
29150
28932
29151
28933
29152
28934
29153
28935
29154
28936
29155
28937
29156
28938
29157
28939
29158
28940
29159
28941
29160
28942
29161
28943
29162
28944
29163
28945
29164
28946
29165
28947
29166
28948
29167
28949
29168
28950
29169
28951
29170
28952
29171
28953
29172
28954
29173
28955
29174
28956
29175
28957
29176
28958
29177
28959
29178
28960
29179
28961
29180
28962
29181
28963
29182
28964
29183
28965
29184
28966
29185
28967
29186
28968
29187
28969
29188
28970
29189
28971
29190
28972
29191
28973
29192
28974
29193
28975
29194
28976
29195
28977
29196
28978
29197
28979
29198
28980
29199
28981
29200
28982
29201
28983
29202
28984
29203
28985
29204
28986
29205
28987
29206
28988
29207
28989
29208
28990
29209
28991
29210
28992
29211
28993
29212
28994
29213
28995
29214
28996
29215
28997
29216
28998
29217
28999
29218
29000
29219
29001
29220
29002
29221
29003
29222
29004
29223
29005
29224
29006
29225
29007
29226
29008
29227
29009
29228
29010
29229
29011
29230
29012
29231
29013
29232
29014
29233
29015
29234
29016
29235
29017
29236
29018
29237
29019
29238
29020
29239
29021
29240
29022
29241
29023
29242
29024
29243
29025
29244
29026
29245
29027
29246
29028
29247
29029
29248
29030
29249
29031
29250
29032
29251
29033
29252
29034
29253
29035
29254
29036
29255
29037
29256
29038
29257
29039
29258
29040
29259
29041
29260
29042
29261
29043
29262
29044
29263
29045
29264
29046
29265
29047
29266
29048
29267
29049
29268
29050
29269
29051
29270
29052
29271
29053
29272
29054
29273
29055
29274
29056
29275
29057
29276
29058
29277
29059
29278
29060
29279
29061
29280
29062
29281
29063
29282
29064
29283
29065
29284
29066
29285
29067
29286
29068
29287
29069
29288
29070
29289
29071
29290
29072
29291
29073
29292
29074
29293
29075
29294
29076
29295
29077
29296
29078
29297
29079
29298
29080
29299
29081
29300
29082
29301
29083
29302
29084
29303
29085
29304
29086
29305
29087
29306
29088
29307
29089
29308
29090
29309
29091
29310
29092
29311
29093
29312
29094
29313
29095
29314
29096
29315
29097
29316
29098
29317
29099
29318
29100
29319
29101
29320
29102
29321
29103
29322
29104
29323
29105
29324
29106
29325
29107
29326
29108
29327
29109
29328
29110
29329
29111
29330
29112
29331
29113
29332
29114
29333
29115
29334
29116
29335
29117
29336
29118
29337
29119
29338
29120
29339
29121
29340
29122
29341
29123
29342
29124
29343
29125
29344
29126
29345
29127
29346
29128
29347
29129
29348
29130
29349
29131
29350
29132
29351
29133
29352
29134
29353
29135
29354
29136
29355
29137
29356
29138
29357
29139
29358
29359
29141
29360
29142
29361
29143
29362
29144
29363
29145
29364
29146
29365
29147
29366
29148
29367
29149
29368
29150
29369
29151
29370
29152
29371
29153
29372
29154
29373
29155
29374
29156
29375
29157
29376
29158
29377
29159
29378
29160
29379
29161
29380
29162
29381
29163
29382
29164
29383
29165
29384
29166
29385
29167
29386
29168
29387
29169
29388
29170
29389
29171
29390
29172
29391
29173
29392
29174
29393
29175
29394
29176
29395
29177
29396
29178
29397
29179
29398
29180
29399
29181
29400
29182
29401
29183
29402
29184
29403
29185
29404
29186
29405
29187
29406
29188
29407
29189
29408
29190
29409
29191
29410
29192
29411
29193
29412
29194
29413
29195
29414
29196
29415
29197
29416
29198
29417
29199
29418
29200
29419
29201
29420
29202
29421
29203
29422
29204
29423
29205
29424
29206
29425
29207
29426
29208
29427
29209
29428
29210
29429
29211
29430
29212
29431
29213
29432
29214
29433
29215
29434
29216
29435
29217
29436
29218
29437
29219
29438
29220
29439
29221
29440
29222
29441
29223
29442
29224
29443
29225
29444
29226
29445
29227
29446
29228
29447
29229
29448
29230
29449
29231
29450
29232
29451
29233
29452
29234
29453
29235
29454
29236
29455
29237
29456
29238
29457
29239
29458
29240
29459
29241
29460
29242
29461
29243
29462
29244
29463
29245
29464
29246
29465
29247
29466
29248
29467
29249
29468
29250
29469
29251
29470
29252
29471
29253
29472
29254
29473
29255
29474
29256
29475
29257
29476
29258
29477
29259
29478
29260
29479
29261
29480
29262
29481
29263
29482
29264
29483
29265
29484
29266
29485
29267
29486
29268
29487
29269
29488
29270
29489
29271
29490
29272
29491
29273
29492
29274
29493
29275
29494
29276
29495
29277
29496
29278
29497
29279
29498
29280
29499
29281
29500
29282
29501
29283
29502
29284
29503
29285
29504
29286
29505
29287
29506
29288
29507
29289
29508
29290
29509
29291
29510
29292
29511
29293
29512
29294
29513
29295
29514
29296
29515
29297
29516
29298
29517
29299
29518
29300
29519
29301
29520
29302
29521
29303
29522
29304
29523
29305
29524
29306
29525
29307
29526
29308
29527
29309
29528
29310
29529
29311
29530
29312
29531
29313
29532
29314
29533
29315
29534
29316
29535
29317
29536
29318
29537
29319
29538
29320
29539
29321
29540
29322
29541
29323
29542
29324
29543
29325
29544
29326
29545
29327
29546
29328
29547
29329
29548
29330
29549
29331
29550
29332
29551
29333
29552
29334
29553
29335
29554
29336
29555
29337
29556
29338
29557
29339
29558
29340
29559
29341
29560
29342
29561
29343
29562
29344
29563
29345
29564
29346
29565
29347
29566
29348
29567
29349
29568
29350
29569
29351
29570
29352
29571
29353
29572
29354
29573
29355
29574
29356
29575
29357
29576
29358
29577
29359
29578
29579
29361
29580
29362
29581
29363
29582
29364
29583
29365
29584
29366
29585
29367
29586
29368
29587
29369
29588
29370
29589
29371
29590
29372
29591
29373
29592
29374
29593
29375
29594
29376
29595
29377
29596
29378
29597
29379
29598
29380
29599
29381
29600
29382
29601
29383
29602
29384
29603
29385
29604
29386
29605
29387
29606
29388
29607
29389
29608
29390
29609
29391
29610
29392
29611
29393
29612
29394
29613
29395
29614
29396
29615
29397
29616
29398
29617
29399
29618
29400
29619
29401
29620
29402
29621
29403
29622
29404
29623
29405
29624
29406
29625
29407
29626
29408
29627
29409
29628
29410
29629
29411
29630
29412
29631
29413
29632
29414
29633
29415
29634
29416
29635
29417
29636
29418
29637
29419
29638
29420
29639
29421
29640
29422
29641
29423
29642
29424
29643
29425
29644
29426
29645
29427
29646
29428
29647
29429
29648
29430
29649
29431
29650
29432
29651
29433
29652
29434
29653
29435
29654
29436
29655
29437
29656
29438
29657
29439
29658
29440
29659
29441
29660
29442
29661
29443
29662
29444
29663
29445
29664
29446
29665
29447
29666
29448
29667
29449
29668
29450
29669
29451
29670
29452
29671
29453
29672
29454
29673
29455
29674
29456
29675
29457
29676
29458
29677
29459
29678
29460
29679
29461
29680
29462
29681
29463
29682
29464
29683
29465
29684
29466
29685
29467
29686
29468
29687
29469
29688
29470
29689
29471
29690
29472
29691
29473
29692
29474
29693
29475
29694
29476
29695
29477
29696
29478
29697
29479
29698
29480
29699
29481
29700
29482
29701
29483
29702
29484
29703
29485
29704
29486
29705
29487
29706
29488
29707
29489
29708
29490
29709
29491
29710
29492
29711
29493
29712
29494
29713
29495
29714
29496
29715
29497
29716
29498
29717
29499
29718
29500
29719
29501
29720
29502
29721
29503
29722
29504
29723
29505
29724
29506
29725
29507
29726
29508
29727
29509
29728
29510
29729
29511
29730
29512
29731
29513
29732
29514
29733
29515
29734
29516
29735
29517
29736
29518
29737
29519
29738
29520
29739
29521
29740
29522
29741
29523
29742
29524
29743
29525
29744
29526
29745
29527
29746
29528
29747
29529
29748
29530
29749
29531
29750
29532
29751
29533
29752
29534
29753
29535
29754
29536
29755
29537
29756
29538
29757
29539
29758
29540
29759
29541
29760
29542
29761
29543
29762
29544
29763
29545
29764
29546
29765
29547
29766
29548
29767
29549
29768
29550
29769
29551
29770
29552
29771
29553
29772
29554
29773
29555
29774
29556
29775
29557
29776
29558
29777
29559
29778
29560
29779
29561
29780
29562
29781
29563
29782
29564
29783
29565
29784
29566
29785
29567
29786
29568
29787
29569
29788
29570
29789
29571
29790
29572
29791
29573
29792
29574
29793
29575
29794
29576
29795
29577
29796
29578
29797
29579
29798
29799
29581
29800
29582
29801
29583
29802
29584
29803
29585
29804
29586
29805
29587
29806
29588
29807
29589
29808
29590
29809
29591
29810
29592
29811
29593
29812
29594
29813
29595
29814
29596
29815
29597
29816
29598
29817
29599
29818
29600
29819
29601
29820
29602
29821
29603
29822
29604
29823
29605
29824
29606
29825
29607
29826
29608
29827
29609
29828
29610
29829
29611
29830
29612
29831
29613
29832
29614
29833
29615
29834
29616
29835
29617
29836
29618
29837
29619
29838
29620
29839
29621
29840
29622
29841
29623
29842
29624
29843
29625
29844
29626
29845
29627
29846
29628
29847
29629
29848
29630
29849
29631
29850
29632
29851
29633
29852
29634
29853
29635
29854
29636
29855
29637
29856
29638
29857
29639
29858
29640
29859
29641
29860
29642
29861
29643
29862
29644
29863
29645
29864
29646
29865
29647
29866
29648
29867
29649
29868
29650
29869
29651
29870
29652
29871
29653
29872
29654
29873
29655
29874
29656
29875
29657
29876
29658
29877
29659
29878
29660
29879
29661
29880
29662
29881
29663
29882
29664
29883
29665
29884
29666
29885
29667
29886
29668
29887
29669
29888
29670
29889
29671
29890
29672
29891
29673
29892
29674
29893
29675
29894
29676
29895
29677
29896
29678
29897
29679
29898
29680
29899
29681
29900
29682
29901
29683
29902
29684
29903
29685
29904
29686
29905
29687
29906
29688
29907
29689
29908
29690
29909
29691
29910
29692
29911
29693
29912
29694
29913
29695
29914
29696
29915
29697
29916
29698
29917
29699
29918
29700
29919
29701
29920
29702
29921
29703
29922
29704
29923
29705
29924
29706
29925
29707
29926
29708
29927
29709
29928
29710
29929
29711
29930
29712
29931
29713
29932
29714
29933
29715
29934
29716
29935
29717
29936
29718
29937
29719
29938
29720
29939
29721
29940
29722
29941
29723
29942
29724
29943
29725
29944
29726
29945
29727
29946
29728
29947
29729
29948
29730
29949
29731
29950
29732
29951
29733
29952
29734
29953
29735
29954
29736
29955
29737
29956
29738
29957
29739
29958
29740
29959
29741
29960
29742
29961
29743
29962
29744
29963
29745
29964
29746
29965
29747
29966
29748
29967
29749
29968
29750
29969
29751
29970
29752
29971
29753
29972
29754
29973
29755
29974
29756
29975
29757
29976
29758
29977
29759
29978
29760
29979
29761
29980
29762
29981
29763
29982
29764
29983
29765
29984
29766
29985
29767
29986
29768
29987
29769
29988
29770
29989
29771
29990
29772
29991
29773
29992
29774
29993
29775
29994
29776
29995
29777
29996
29778
29997
29779
29998
29780
29999
29781
30000
29782
30001
29783
30002
29784
30003
29785
30004
29786
30005
29787
30006
29788
30007
29789
30008
29790
30009
29791
30010
29792
30011
29793
30012
29794
30013
29795
30014
29796
30015
29797
30016
29798
30017
29799
30018
30019
29801
30020
29802
30021
29803
30022
29804
30023
29805
30024
29806
30025
29807
30026
29808
30027
29809
30028
29810
30029
29811
30030
29812
30031
29813
30032
29814
30033
29815
30034
29816
30035
29817
30036
29818
30037
29819
30038
29820
30039
29821
30040
29822
30041
29823
30042
29824
30043
29825
30044
29826
30045
29827
30046
29828
30047
29829
30048
29830
30049
29831
30050
29832
30051
29833
30052
29834
30053
29835
30054
29836
30055
29837
30056
29838
30057
29839
30058
29840
30059
29841
30060
29842
30061
29843
30062
29844
30063
29845
30064
29846
30065
29847
30066
29848
30067
29849
30068
29850
30069
29851
30070
29852
30071
29853
30072
29854
30073
29855
30074
29856
30075
29857
30076
29858
30077
29859
30078
29860
30079
29861
30080
29862
30081
29863
30082
29864
30083
29865
30084
29866
30085
29867
30086
29868
30087
29869
30088
29870
30089
29871
30090
29872
30091
29873
30092
29874
30093
29875
30094
29876
30095
29877
30096
29878
30097
29879
30098
29880
30099
29881
30100
29882
30101
29883
30102
29884
30103
29885
30104
29886
30105
29887
30106
29888
30107
29889
30108
29890
30109
29891
30110
29892
30111
29893
30112
29894
30113
29895
30114
29896
30115
29897
30116
29898
30117
29899
30118
29900
30119
29901
30120
29902
30121
29903
30122
29904
30123
29905
30124
29906
30125
29907
30126
29908
30127
29909
30128
29910
30129
29911
30130
29912
30131
29913
30132
29914
30133
29915
30134
29916
30135
29917
30136
29918
30137
29919
30138
29920
30139
29921
30140
29922
30141
29923
30142
29924
30143
29925
30144
29926
30145
29927
30146
29928
30147
29929
30148
29930
30149
29931
30150
29932
30151
29933
30152
29934
30153
29935
30154
29936
30155
29937
30156
29938
30157
29939
30158
29940
30159
29941
30160
29942
30161
29943
30162
29944
30163
29945
30164
29946
30165
29947
30166
29948
30167
29949
30168
29950
30169
29951
30170
29952
30171
29953
30172
29954
30173
29955
30174
29956
30175
29957
30176
29958
30177
29959
30178
29960
30179
29961
30180
29962
30181
29963
30182
29964
30183
29965
30184
29966
30185
29967
30186
29968
30187
29969
30188
29970
30189
29971
30190
29972
30191
29973
30192
29974
30193
29975
30194
29976
30195
29977
30196
29978
30197
29979
30198
29980
30199
29981
30200
29982
30201
29983
30202
29984
30203
29985
30204
29986
30205
29987
30206
29988
30207
29989
30208
29990
30209
29991
30210
29992
30211
29993
30212
29994
30213
29995
30214
29996
30215
29997
30216
29998
30217
29999
30218
30000
30219
30001
30220
30002
30221
30003
30222
30004
30223
30005
30224
30006
30225
30007
30226
30008
30227
30009
30228
30010
30229
30011
30230
30012
30231
30013
30232
30014
30233
30015
30234
30016
30235
30017
30236
30018
30237
30019
30238
30239
30021
30240
30022
30241
30023
30242
30024
30243
30025
30244
30026
30245
30027
30246
30028
30247
30029
30248
30030
30249
30031
30250
30032
30251
30033
30252
30034
30253
30035
30254
30036
30255
30037
30256
30038
30257
30039
30258
30040
30259
30041
30260
30042
30261
30043
30262
30044
30263
30045
30264
30046
30265
30047
30266
30048
30267
30049
30268
30050
30269
30051
30270
30052
30271
30053
30272
30054
30273
30055
30274
30056
30275
30057
30276
30058
30277
30059
30278
30060
30279
30061
30280
30062
30281
30063
30282
30064
30283
30065
30284
30066
30285
30067
30286
30068
30287
30069
30288
30070
30289
30071
30290
30072
30291
30073
30292
30074
30293
30075
30294
30076
30295
30077
30296
30078
30297
30079
30298
30080
30299
30081
30300
30082
30301
30083
30302
30084
30303
30085
30304
30086
30305
30087
30306
30088
30307
30089
30308
30090
30309
30091
30310
30092
30311
30093
30312
30094
30313
30095
30314
30096
30315
30097
30316
30098
30317
30099
30318
30100
30319
30101
30320
30102
30321
30103
30322
30104
30323
30105
30324
30106
30325
30107
30326
30108
30327
30109
30328
30110
30329
30111
30330
30112
30331
30113
30332
30114
30333
30115
30334
30116
30335
30117
30336
30118
30337
30119
30338
30120
30339
30121
30340
30122
30341
30123
30342
30124
30343
30125
30344
30126
30345
30127
30346
30128
30347
30129
30348
30130
30349
30131
30350
30132
30351
30133
30352
30134
30353
30135
30354
30136
30355
30137
30356
30138
30357
30139
30358
30140
30359
30141
30360
30142
30361
30143
30362
30144
30363
30145
30364
30146
30365
30147
30366
30148
30367
30149
30368
30150
30369
30151
30370
30152
30371
30153
30372
30154
30373
30155
30374
30156
30375
30157
30376
30158
30377
30159
30378
30160
30379
30161
30380
30162
30381
30163
30382
30164
30383
30165
30384
30166
30385
30167
30386
30168
30387
30169
30388
30170
30389
30171
30390
30172
30391
30173
30392
30174
30393
30175
30394
30176
30395
30177
30396
30178
30397
30179
30398
30180
30399
30181
30400
30182
30401
30183
30402
30184
30403
30185
30404
30186
30405
30187
30406
30188
30407
30189
30408
30190
30409
30191
30410
30192
30411
30193
30412
30194
30413
30195
30414
30196
30415
30197
30416
30198
30417
30199
30418
30200
30419
30201
30420
30202
30421
30203
30422
30204
30423
30205
30424
30206
30425
30207
30426
30208
30427
30209
30428
30210
30429
30211
30430
30212
30431
30213
30432
30214
30433
30215
30434
30216
30435
30217
30436
30218
30437
30219
30438
30220
30439
30221
30440
30222
30441
30223
30442
30224
30443
30225
30444
30226
30445
30227
30446
30228
30447
30229
30448
30230
30449
30231
30450
30232
30451
30233
30452
30234
30453
30235
30454
30236
30455
30237
30456
30238
30457
30239
30458
30459
30241
30460
30242
30461
30243
30462
30244
30463
30245
30464
30246
30465
30247
30466
30248
30467
30249
30468
30250
30469
30251
30470
30252
30471
30253
30472
30254
30473
30255
30474
30256
30475
30257
30476
30258
30477
30259
30478
30260
30479
30261
30480
30262
30481
30263
30482
30264
30483
30265
30484
30266
30485
30267
30486
30268
30487
30269
30488
30270
30489
30271
30490
30272
30491
30273
30492
30274
30493
30275
30494
30276
30495
30277
30496
30278
30497
30279
30498
30280
30499
30281
30500
30282
30501
30283
30502
30284
30503
30285
30504
30286
30505
30287
30506
30288
30507
30289
30508
30290
30509
30291
30510
30292
30511
30293
30512
30294
30513
30295
30514
30296
30515
30297
30516
30298
30517
30299
30518
30300
30519
30301
30520
30302
30521
30303
30522
30304
30523
30305
30524
30306
30525
30307
30526
30308
30527
30309
30528
30310
30529
30311
30530
30312
30531
30313
30532
30314
30533
30315
30534
30316
30535
30317
30536
30318
30537
30319
30538
30320
30539
30321
30540
30322
30541
30323
30542
30324
30543
30325
30544
30326
30545
30327
30546
30328
30547
30329
30548
30330
30549
30331
30550
30332
30551
30333
30552
30334
30553
30335
30554
30336
30555
30337
30556
30338
30557
30339
30558
30340
30559
30341
30560
30342
30561
30343
30562
30344
30563
30345
30564
30346
30565
30347
30566
30348
30567
30349
30568
30350
30569
30351
30570
30352
30571
30353
30572
30354
30573
30355
30574
30356
30575
30357
30576
30358
30577
30359
30578
30360
30579
30361
30580
30362
30581
30363
30582
30364
30583
30365
30584
30366
30585
30367
30586
30368
30587
30369
30588
30370
30589
30371
30590
30372
30591
30373
30592
30374
30593
30375
30594
30376
30595
30377
30596
30378
30597
30379
30598
30380
30599
30381
30600
30382
30601
30383
30602
30384
30603
30385
30604
30386
30605
30387
30606
30388
30607
30389
30608
30390
30609
30391
30610
30392
30611
30393
30612
30394
30613
30395
30614
30396
30615
30397
30616
30398
30617
30399
30618
30400
30619
30401
30620
30402
30621
30403
30622
30404
30623
30405
30624
30406
30625
30407
30626
30408
30627
30409
30628
30410
30629
30411
30630
30412
30631
30413
30632
30414
30633
30415
30634
30416
30635
30417
30636
30418
30637
30419
30638
30420
30639
30421
30640
30422
30641
30423
30642
30424
30643
30425
30644
30426
30645
30427
30646
30428
30647
30429
30648
30430
30649
30431
30650
30432
30651
30433
30652
30434
30653
30435
30654
30436
30655
30437
30656
30438
30657
30439
30658
30440
30659
30441
30660
30442
30661
30443
30662
30444
30663
30445
30664
30446
30665
30447
30666
30448
30667
30449
30668
30450
30669
30451
30670
30452
30671
30453
30672
30454
30673
30455
30674
30456
30675
30457
30676
30458
30677
30459
30678
30679
30461
30680
30462
30681
30463
30682
30464
30683
30465
30684
30466
30685
30467
30686
30468
30687
30469
30688
30470
30689
30471
30690
30472
30691
30473
30692
30474
30693
30475
30694
30476
30695
30477
30696
30478
30697
30479
30698
30480
30699
30481
30700
30482
30701
30483
30702
30484
30703
30485
30704
30486
30705
30487
30706
30488
30707
30489
30708
30490
30709
30491
30710
30492
30711
30493
30712
30494
30713
30495
30714
30496
30715
30497
30716
30498
30717
30499
30718
30500
30719
30501
30720
30502
30721
30503
30722
30504
30723
30505
30724
30506
30725
30507
30726
30508
30727
30509
30728
30510
30729
30511
30730
30512
30731
30513
30732
30514
30733
30515
30734
30516
30735
30517
30736
30518
30737
30519
30738
30520
30739
30521
30740
30522
30741
30523
30742
30524
30743
30525
30744
30526
30745
30527
30746
30528
30747
30529
30748
30530
30749
30531
30750
30532
30751
30533
30752
30534
30753
30535
30754
30536
30755
30537
30756
30538
30757
30539
30758
30540
30759
30541
30760
30542
30761
30543
30762
30544
30763
30545
30764
30546
30765
30547
30766
30548
30767
30549
30768
30550
30769
30551
30770
30552
30771
30553
30772
30554
30773
30555
30774
30556
30775
30557
30776
30558
30777
30559
30778
30560
30779
30561
30780
30562
30781
30563
30782
30564
30783
30565
30784
30566
30785
30567
30786
30568
30787
30569
30788
30570
30789
30571
30790
30572
30791
30573
30792
30574
30793
30575
30794
30576
30795
30577
30796
30578
30797
30579
30798
30580
30799
30581
30800
30582
30801
30583
30802
30584
30803
30585
30804
30586
30805
30587
30806
30588
30807
30589
30808
30590
30809
30591
30810
30592
30811
30593
30812
30594
30813
30595
30814
30596
30815
30597
30816
30598
30817
30599
30818
30600
30819
30601
30820
30602
30821
30603
30822
30604
30823
30605
30824
30606
30825
30607
30826
30608
30827
30609
30828
30610
30829
30611
30830
30612
30831
30613
30832
30614
30833
30615
30834
30616
30835
30617
30836
30618
30837
30619
30838
30620
30839
30621
30840
30622
30841
30623
30842
30624
30843
30625
30844
30626
30845
30627
30846
30628
30847
30629
30848
30630
30849
30631
30850
30632
30851
30633
30852
30634
30853
30635
30854
30636
30855
30637
30856
30638
30857
30639
30858
30640
30859
30641
30860
30642
30861
30643
30862
30644
30863
30645
30864
30646
30865
30647
30866
30648
30867
30649
30868
30650
30869
30651
30870
30652
30871
30653
30872
30654
30873
30655
30874
30656
30875
30657
30876
30658
30877
30659
30878
30660
30879
30661
30880
30662
30881
30663
30882
30664
30883
30665
30884
30666
30885
30667
30886
30668
30887
30669
30888
30670
30889
30671
30890
30672
30891
30673
30892
30674
30893
30675
30894
30676
30895
30677
30896
30678
30897
30679
30898
30899
30681
30900
30682
30901
30683
30902
30684
30903
30685
30904
30686
30905
30687
30906
30688
30907
30689
30908
30690
30909
30691
30910
30692
30911
30693
30912
30694
30913
30695
30914
30696
30915
30697
30916
30698
30917
30699
30918
30700
30919
30701
30920
30702
30921
30703
30922
30704
30923
30705
30924
30706
30925
30707
30926
30708
30927
30709
30928
30710
30929
30711
30930
30712
30931
30713
30932
30714
30933
30715
30934
30716
30935
30717
30936
30718
30937
30719
30938
30720
30939
30721
30940
30722
30941
30723
30942
30724
30943
30725
30944
30726
30945
30727
30946
30728
30947
30729
30948
30730
30949
30731
30950
30732
30951
30733
30952
30734
30953
30735
30954
30736
30955
30737
30956
30738
30957
30739
30958
30740
30959
30741
30960
30742
30961
30743
30962
30744
30963
30745
30964
30746
30965
30747
30966
30748
30967
30749
30968
30750
30969
30751
30970
30752
30971
30753
30972
30754
30973
30755
30974
30756
30975
30757
30976
30758
30977
30759
30978
30760
30979
30761
30980
30762
30981
30763
30982
30764
30983
30765
30984
30766
30985
30767
30986
30768
30987
30769
30988
30770
30989
30771
30990
30772
30991
30773
30992
30774
30993
30775
30994
30776
30995
30777
30996
30778
30997
30779
30998
30780
30999
30781
31000
30782
31001
30783
31002
30784
31003
30785
31004
30786
31005
30787
31006
30788
31007
30789
31008
30790
31009
30791
31010
30792
31011
30793
31012
30794
31013
30795
31014
30796
31015
30797
31016
30798
31017
30799
31018
30800
31019
30801
31020
30802
31021
30803
31022
30804
31023
30805
31024
30806
31025
30807
31026
30808
31027
30809
31028
30810
31029
30811
31030
30812
31031
30813
31032
30814
31033
30815
31034
30816
31035
30817
31036
30818
31037
30819
31038
30820
31039
30821
31040
30822
31041
30823
31042
30824
31043
30825
31044
30826
31045
30827
31046
30828
31047
30829
31048
30830
31049
30831
31050
30832
31051
30833
31052
30834
31053
30835
31054
30836
31055
30837
31056
30838
31057
30839
31058
30840
31059
30841
31060
30842
31061
30843
31062
30844
31063
30845
31064
30846
31065
30847
31066
30848
31067
30849
31068
30850
31069
30851
31070
30852
31071
30853
31072
30854
31073
30855
31074
30856
31075
30857
31076
30858
31077
30859
31078
30860
31079
30861
31080
30862
31081
30863
31082
30864
31083
30865
31084
30866
31085
30867
31086
30868
31087
30869
31088
30870
31089
30871
31090
30872
31091
30873
31092
30874
31093
30875
31094
30876
31095
30877
31096
30878
31097
30879
31098
30880
31099
30881
31100
30882
31101
30883
31102
30884
31103
30885
31104
30886
31105
30887
31106
30888
31107
30889
31108
30890
31109
30891
31110
30892
31111
30893
31112
30894
31113
30895
31114
30896
31115
30897
31116
30898
31117
30899
31118
31119
30901
31120
30902
31121
30903
31122
30904
31123
30905
31124
30906
31125
30907
31126
30908
31127
30909
31128
30910
31129
30911
31130
30912
31131
30913
31132
30914
31133
30915
31134
30916
31135
30917
31136
30918
31137
30919
31138
30920
31139
30921
31140
30922
31141
30923
31142
30924
31143
30925
31144
30926
31145
30927
31146
30928
31147
30929
31148
30930
31149
30931
31150
30932
31151
30933
31152
30934
31153
30935
31154
30936
31155
30937
31156
30938
31157
30939
31158
30940
31159
30941
31160
30942
31161
30943
31162
30944
31163
30945
31164
30946
31165
30947
31166
30948
31167
30949
31168
30950
31169
30951
31170
30952
31171
30953
31172
30954
31173
30955
31174
30956
31175
30957
31176
30958
31177
30959
31178
30960
31179
30961
31180
30962
31181
30963
31182
30964
31183
30965
31184
30966
31185
30967
31186
30968
31187
30969
31188
30970
31189
30971
31190
30972
31191
30973
31192
30974
31193
30975
31194
30976
31195
30977
31196
30978
31197
30979
31198
30980
31199
30981
31200
30982
31201
30983
31202
30984
31203
30985
31204
30986
31205
30987
31206
30988
31207
30989
31208
30990
31209
30991
31210
30992
31211
30993
31212
30994
31213
30995
31214
30996
31215
30997
31216
30998
31217
30999
31218
31000
31219
31001
31220
31002
31221
31003
31222
31004
31223
31005
31224
31006
31225
31007
31226
31008
31227
31009
31228
31010
31229
31011
31230
31012
31231
31013
31232
31014
31233
31015
31234
31016
31235
31017
31236
31018
31237
31019
31238
31020
31239
31021
31240
31022
31241
31023
31242
31024
31243
31025
31244
31026
31245
31027
31246
31028
31247
31029
31248
31030
31249
31031
31250
31032
31251
31033
31252
31034
31253
31035
31254
31036
31255
31037
31256
31038
31257
31039
31258
31040
31259
31041
31260
31042
31261
31043
31262
31044
31263
31045
31264
31046
31265
31047
31266
31048
31267
31049
31268
31050
31269
31051
31270
31052
31271
31053
31272
31054
31273
31055
31274
31056
31275
31057
31276
31058
31277
31059
31278
31060
31279
31061
31280
31062
31281
31063
31282
31064
31283
31065
31284
31066
31285
31067
31286
31068
31287
31069
31288
31070
31289
31071
31290
31072
31291
31073
31292
31074
31293
31075
31294
31076
31295
31077
31296
31078
31297
31079
31298
31080
31299
31081
31300
31082
31301
31083
31302
31084
31303
31085
31304
31086
31305
31087
31306
31088
31307
31089
31308
31090
31309
31091
31310
31092
31311
31093
31312
31094
31313
31095
31314
31096
31315
31097
31316
31098
31317
31099
31318
31100
31319
31101
31320
31102
31321
31103
31322
31104
31323
31105
31324
31106
31325
31107
31326
31108
31327
31109
31328
31110
31329
31111
31330
31112
31331
31113
31332
31114
31333
31115
31334
31116
31335
31117
31336
31118
31337
31119
31338
31339
31121
31340
31122
31341
31123
31342
31124
31343
31125
31344
31126
31345
31127
31346
31128
31347
31129
31348
31130
31349
31131
31350
31132
31351
31133
31352
31134
31353
31135
31354
31136
31355
31137
31356
31138
31357
31139
31358
31140
31359
31141
31360
31142
31361
31143
31362
31144
31363
31145
31364
31146
31365
31147
31366
31148
31367
31149
31368
31150
31369
31151
31370
31152
31371
31153
31372
31154
31373
31155
31374
31156
31375
31157
31376
31158
31377
31159
31378
31160
31379
31161
31380
31162
31381
31163
31382
31164
31383
31165
31384
31166
31385
31167
31386
31168
31387
31169
31388
31170
31389
31171
31390
31172
31391
31173
31392
31174
31393
31175
31394
31176
31395
31177
31396
31178
31397
31179
31398
31180
31399
31181
31400
31182
31401
31183
31402
31184
31403
31185
31404
31186
31405
31187
31406
31188
31407
31189
31408
31190
31409
31191
31410
31192
31411
31193
31412
31194
31413
31195
31414
31196
31415
31197
31416
31198
31417
31199
31418
31200
31419
31201
31420
31202
31421
31203
31422
31204
31423
31205
31424
31206
31425
31207
31426
31208
31427
31209
31428
31210
31429
31211
31430
31212
31431
31213
31432
31214
31433
31215
31434
31216
31435
31217
31436
31218
31437
31219
31438
31220
31439
31221
31440
31222
31441
31223
31442
31224
31443
31225
31444
31226
31445
31227
31446
31228
31447
31229
31448
31230
31449
31231
31450
31232
31451
31233
31452
31234
31453
31235
31454
31236
31455
31237
31456
31238
31457
31239
31458
31240
31459
31241
31460
31242
31461
31243
31462
31244
31463
31245
31464
31246
31465
31247
31466
31248
31467
31249
31468
31250
31469
31251
31470
31252
31471
31253
31472
31254
31473
31255
31474
31256
31475
31257
31476
31258
31477
31259
31478
31260
31479
31261
31480
31262
31481
31263
31482
31264
31483
31265
31484
31266
31485
31267
31486
31268
31487
31269
31488
31270
31489
31271
31490
31272
31491
31273
31492
31274
31493
31275
31494
31276
31495
31277
31496
31278
31497
31279
31498
31280
31499
31281
31500
31282
31501
31283
31502
31284
31503
31285
31504
31286
31505
31287
31506
31288
31507
31289
31508
31290
31509
31291
31510
31292
31511
31293
31512
31294
31513
31295
31514
31296
31515
31297
31516
31298
31517
31299
31518
31300
31519
31301
31520
31302
31521
31303
31522
31304
31523
31305
31524
31306
31525
31307
31526
31308
31527
31309
31528
31310
31529
31311
31530
31312
31531
31313
31532
31314
31533
31315
31534
31316
31535
31317
31536
31318
31537
31319
31538
31320
31539
31321
31540
31322
31541
31323
31542
31324
31543
31325
31544
31326
31545
31327
31546
31328
31547
31329
31548
31330
31549
31331
31550
31332
31551
31333
31552
31334
31553
31335
31554
31336
31555
31337
31556
31338
31557
31339
31558
31559
31341
31560
31342
31561
31343
31562
31344
31563
31345
31564
31346
31565
31347
31566
31348
31567
31349
31568
31350
31569
31351
31570
31352
31571
31353
31572
31354
31573
31355
31574
31356
31575
31357
31576
31358
31577
31359
31578
31360
31579
31361
31580
31362
31581
31363
31582
31364
31583
31365
31584
31366
31585
31367
31586
31368
31587
31369
31588
31370
31589
31371
31590
31372
31591
31373
31592
31374
31593
31375
31594
31376
31595
31377
31596
31378
31597
31379
31598
31380
31599
31381
31600
31382
31601
31383
31602
31384
31603
31385
31604
31386
31605
31387
31606
31388
31607
31389
31608
31390
31609
31391
31610
31392
31611
31393
31612
31394
31613
31395
31614
31396
31615
31397
31616
31398
31617
31399
31618
31400
31619
31401
31620
31402
31621
31403
31622
31404
31623
31405
31624
31406
31625
31407
31626
31408
31627
31409
31628
31410
31629
31411
31630
31412
31631
31413
31632
31414
31633
31415
31634
31416
31635
31417
31636
31418
31637
31419
31638
31420
31639
31421
31640
31422
31641
31423
31642
31424
31643
31425
31644
31426
31645
31427
31646
31428
31647
31429
31648
31430
31649
31431
31650
31432
31651
31433
31652
31434
31653
31435
31654
31436
31655
31437
31656
31438
31657
31439
31658
31440
31659
31441
31660
31442
31661
31443
31662
31444
31663
31445
31664
31446
31665
31447
31666
31448
31667
31449
31668
31450
31669
31451
31670
31452
31671
31453
31672
31454
31673
31455
31674
31456
31675
31457
31676
31458
31677
31459
31678
31460
31679
31461
31680
31462
31681
31463
31682
31464
31683
31465
31684
31466
31685
31467
31686
31468
31687
31469
31688
31470
31689
31471
31690
31472
31691
31473
31692
31474
31693
31475
31694
31476
31695
31477
31696
31478
31697
31479
31698
31480
31699
31481
31700
31482
31701
31483
31702
31484
31703
31485
31704
31486
31705
31487
31706
31488
31707
31489
31708
31490
31709
31491
31710
31492
31711
31493
31712
31494
31713
31495
31714
31496
31715
31497
31716
31498
31717
31499
31718
31500
31719
31501
31720
31502
31721
31503
31722
31504
31723
31505
31724
31506
31725
31507
31726
31508
31727
31509
31728
31510
31729
31511
31730
31512
31731
31513
31732
31514
31733
31515
31734
31516
31735
31517
31736
31518
31737
31519
31738
31520
31739
31521
31740
31522
31741
31523
31742
31524
31743
31525
31744
31526
31745
31527
31746
31528
31747
31529
31748
31530
31749
31531
31750
31532
31751
31533
31752
31534
31753
31535
31754
31536
31755
31537
31756
31538
31757
31539
31758
31540
31759
31541
31760
31542
31761
31543
31762
31544
31763
31545
31764
31546
31765
31547
31766
31548
31767
31549
31768
31550
31769
31551
31770
31552
31771
31553
31772
31554
31773
31555
31774
31556
31775
31557
31776
31558
31777
31559
31778
31779
31561
31780
31562
31781
31563
31782
31564
31783
31565
31784
31566
31785
31567
31786
31568
31787
31569
31788
31570
31789
31571
31790
31572
31791
31573
31792
31574
31793
31575
31794
31576
31795
31577
31796
31578
31797
31579
31798
31580
31799
31581
31800
31582
31801
31583
31802
31584
31803
31585
31804
31586
31805
31587
31806
31588
31807
31589
31808
31590
31809
31591
31810
31592
31811
31593
31812
31594
31813
31595
31814
31596
31815
31597
31816
31598
31817
31599
31818
31600
31819
31601
31820
31602
31821
31603
31822
31604
31823
31605
31824
31606
31825
31607
31826
31608
31827
31609
31828
31610
31829
31611
31830
31612
31831
31613
31832
31614
31833
31615
31834
31616
31835
31617
31836
31618
31837
31619
31838
31620
31839
31621
31840
31622
31841
31623
31842
31624
31843
31625
31844
31626
31845
31627
31846
31628
31847
31629
31848
31630
31849
31631
31850
31632
31851
31633
31852
31634
31853
31635
31854
31636
31855
31637
31856
31638
31857
31639
31858
31640
31859
31641
31860
31642
31861
31643
31862
31644
31863
31645
31864
31646
31865
31647
31866
31648
31867
31649
31868
31650
31869
31651
31870
31652
31871
31653
31872
31654
31873
31655
31874
31656
31875
31657
31876
31658
31877
31659
31878
31660
31879
31661
31880
31662
31881
31663
31882
31664
31883
31665
31884
31666
31885
31667
31886
31668
31887
31669
31888
31670
31889
31671
31890
31672
31891
31673
31892
31674
31893
31675
31894
31676
31895
31677
31896
31678
31897
31679
31898
31680
31899
31681
31900
31682
31901
31683
31902
31684
31903
31685
31904
31686
31905
31687
31906
31688
31907
31689
31908
31690
31909
31691
31910
31692
31911
31693
31912
31694
31913
31695
31914
31696
31915
31697
31916
31698
31917
31699
31918
31700
31919
31701
31920
31702
31921
31703
31922
31704
31923
31705
31924
31706
31925
31707
31926
31708
31927
31709
31928
31710
31929
31711
31930
31712
31931
31713
31932
31714
31933
31715
31934
31716
31935
31717
31936
31718
31937
31719
31938
31720
31939
31721
31940
31722
31941
31723
31942
31724
31943
31725
31944
31726
31945
31727
31946
31728
31947
31729
31948
31730
31949
31731
31950
31732
31951
31733
31952
31734
31953
31735
31954
31736
31955
31737
31956
31738
31957
31739
31958
31740
31959
31741
31960
31742
31961
31743
31962
31744
31963
31745
31964
31746
31965
31747
31966
31748
31967
31749
31968
31750
31969
31751
31970
31752
31971
31753
31972
31754
31973
31755
31974
31756
31975
31757
31976
31758
31977
31759
31978
31760
31979
31761
31980
31762
31981
31763
31982
31764
31983
31765
31984
31766
31985
31767
31986
31768
31987
31769
31988
31770
31989
31771
31990
31772
31991
31773
31992
31774
31993
31775
31994
31776
31995
31777
31996
31778
31997
31779
31998
31999
31781
31782
31783
31784
31785
31786
31787
31788
31789
31790
31791
31792
31793
31794
31795
31796
31797
31798
31799
31800
31801
31802
31803
31804
31805
31806
31807
31808
31809
31810
31811
31812
31813
31814
31815
31816
31817
31818
31819
31820
31821
31822
31823
31824
31825
31826
31827
31828
31829
31830
31831
31832
31833
31834
31835
31836
31837
31838
31839
31840
31841
31842
31843
31844
31845
31846
31847
31848
31849
31850
31851
31852
31853
31854
31855
31856
31857
31858
31859
31860
31861
31862
31863
31864
31865
31866
31867
31868
31869
31870
31871
31872
31873
31874
31875
31876
31877
31878
31879
31880
31881
31882
31883
31884
31885
31886
31887
31888
31889
31890
31891
31892
31893
31894
31895
31896
31897
31898
31899
31900
31901
31902
31903
31904
31905
31906
31907
31908
31909
31910
31911
31912
31913
31914
31915
31916
31917
31918
31919
31920
31921
31922
31923
31924
31925
31926
31927
31928
31929
31930
31931
31932
31933
31934
31935
31936
31937
31938
31939
31940
31941
31942
31943
31944
31945
31946
31947
31948
31949
31950
31951
31952
31953
31954
31955
31956
31957
31958
31959
31960
31961
31962
31963
31964
31965
31966
31967
31968
31969
31970
31971
31972
31973
31974
31975
31976
31977
31978
31979
31980
31981
31982
31983
31984
31985
31986
31987
31988
31989
31990
31991
31992
31993
31994
31995
31996
31997
31998
31999
32001
32100
32002
32101
32003
32102
32004
32103
32005
32104
32006
32105
32007
32106
32008
32107
32009
32108
32010
32109
32011
32110
32012
32111
32013
32112
32014
32113
32015
32114
32016
32115
32017
32116
32018
32117
32019
32118
32020
32119
32021
32120
32022
32121
32023
32122
32024
32123
32025
32124
32026
32125
32027
32126
32028
32127
32029
32128
32030
32129
32031
32130
32032
32131
32033
32132
32034
32133
32035
32134
32036
32135
32037
32136
32038
32137
32039
32138
32040
32139
32041
32140
32042
32141
32043
32142
32044
32143
32045
32144
32046
32145
32047
32146
32048
32147
32049
32148
32050
32149
32051
32150
32052
32151
32053
32152
32054
32153
32055
32154
32056
32155
32057
32156
32058
32157
32059
32158
32060
32159
32061
32160
32062
32161
32063
32162
32064
32163
32065
32164
32066
32165
32067
32166
32068
32167
32069
32168
32070
32169
32071
32170
32072
32171
32073
32172
32074
32173
32075
32174
32076
32175
32077
32176
32078
32177
32079
32178
32080
32179
32081
32180
32082
32181
32083
32182
32084
32183
32085
32184
32086
32185
32087
32186
32088
32187
32089
32188
32090
32189
32091
32190
32092
32191
32093
32192
32094
32193
32095
32194
32096
32195
32097
32196
32098
32197
32099
32198
32199
42000
32101
32200
32102
32201
32103
32202
32104
32203
32105
32204
32106
32205
32107
32206
32108
32207
32109
32208
32110
32209
32111
32210
32112
32211
32113
32212
32114
32213
32115
32214
32116
32215
32117
32216
32118
32217
32119
32218
32120
32219
32121
32220
32122
32221
32123
32222
32124
32223
32125
32224
32126
32225
32127
32226
32128
32227
32129
32228
32130
32229
32131
32230
32132
32231
32133
32232
32134
32233
32135
32234
32136
32235
32137
32236
32138
32237
32139
32238
32140
32239
32141
32240
32142
32241
32143
32242
32144
32243
32145
32244
32146
32245
32147
32246
32148
32247
32149
32248
32150
32249
32151
32250
32152
32251
32153
32252
32154
32253
32155
32254
32156
32255
32157
32256
32158
32257
32159
32258
32160
32259
32161
32260
32162
32261
32163
32262
32164
32263
32165
32264
32166
32265
32167
32266
32168
32267
32169
32268
32170
32269
32171
32270
32172
32271
32173
32272
32174
32273
32175
32274
32176
32275
32177
32276
32178
32277
32179
32278
32180
32279
32181
32280
32182
32281
32183
32282
32184
32283
32185
32284
32186
32285
32187
32286
32188
32287
32189
32288
32190
32289
32191
32290
32192
32291
32193
32292
32194
32293
32195
32294
32196
32295
32197
32296
32198
32297
32199
32298
32299
42220
32201
32300
32202
32301
32203
32302
32204
32303
32205
32304
32206
32305
32207
32306
32208
32307
32209
32308
32210
32309
32211
32310
32212
32311
32213
32312
32214
32313
32215
32314
32216
32315
32217
32316
32218
32317
32219
32318
32220
32319
32221
32320
32222
32321
32223
32322
32224
32323
32225
32324
32226
32325
32227
32326
32228
32327
32229
32328
32230
32329
32231
32330
32232
32331
32233
32332
32234
32333
32235
32334
32236
32335
32237
32336
32238
32337
32239
32338
32240
32339
32241
32340
32242
32341
32243
32342
32244
32343
32245
32344
32246
32345
32247
32346
32248
32347
32249
32348
32250
32349
32251
32350
32252
32351
32253
32352
32254
32353
32255
32354
32256
32355
32257
32356
32258
32357
32259
32358
32260
32359
32261
32360
32262
32361
32263
32362
32264
32363
32265
32364
32266
32365
32267
32366
32268
32367
32269
32368
32270
32369
32271
32370
32272
32371
32273
32372
32274
32373
32275
32374
32276
32375
32277
32376
32278
32377
32279
32378
32280
32379
32281
32380
32282
32381
32283
32382
32284
32383
32285
32384
32286
32385
32287
32386
32288
32387
32289
32388
32290
32389
32291
32390
32292
32391
32293
32392
32294
32393
32295
32394
32296
32395
32297
32396
32298
32397
32299
32398
32399
42440
32301
32400
32302
32401
32303
32402
32304
32403
32305
32404
32306
32405
32307
32406
32308
32407
32309
32408
32310
32409
32311
32410
32312
32411
32313
32412
32314
32413
32315
32414
32316
32415
32317
32416
32318
32417
32319
32418
32320
32419
32321
32420
32322
32421
32323
32422
32324
32423
32325
32424
32326
32425
32327
32426
32328
32427
32329
32428
32330
32429
32331
32430
32332
32431
32333
32432
32334
32433
32335
32434
32336
32435
32337
32436
32338
32437
32339
32438
32340
32439
32341
32440
32342
32441
32343
32442
32344
32443
32345
32444
32346
32445
32347
32446
32348
32447
32349
32448
32350
32449
32351
32450
32352
32451
32353
32452
32354
32453
32355
32454
32356
32455
32357
32456
32358
32457
32359
32458
32360
32459
32361
32460
32362
32461
32363
32462
32364
32463
32365
32464
32366
32465
32367
32466
32368
32467
32369
32468
32370
32469
32371
32470
32372
32471
32373
32472
32374
32473
32375
32474
32376
32475
32377
32476
32378
32477
32379
32478
32380
32479
32381
32480
32382
32481
32383
32482
32384
32483
32385
32484
32386
32485
32387
32486
32388
32487
32389
32488
32390
32489
32391
32490
32392
32491
32393
32492
32394
32493
32395
32494
32396
32495
32397
32496
32398
32497
32399
32498
32499
42660
32401
32500
32402
32501
32403
32502
32404
32503
32405
32504
32406
32505
32407
32506
32408
32507
32409
32508
32410
32509
32411
32510
32412
32511
32413
32512
32414
32513
32415
32514
32416
32515
32417
32516
32418
32517
32419
32518
32420
32519
32421
32520
32422
32521
32423
32522
32424
32523
32425
32524
32426
32525
32427
32526
32428
32527
32429
32528
32430
32529
32431
32530
32432
32531
32433
32532
32434
32533
32435
32534
32436
32535
32437
32536
32438
32537
32439
32538
32440
32539
32441
32540
32442
32541
32443
32542
32444
32543
32445
32544
32446
32545
32447
32546
32448
32547
32449
32548
32450
32549
32451
32550
32452
32551
32453
32552
32454
32553
32455
32554
32456
32555
32457
32556
32458
32557
32459
32558
32460
32559
32461
32560
32462
32561
32463
32562
32464
32563
32465
32564
32466
32565
32467
32566
32468
32567
32469
32568
32470
32569
32471
32570
32472
32571
32473
32572
32474
32573
32475
32574
32476
32575
32477
32576
32478
32577
32479
32578
32480
32579
32481
32580
32482
32581
32483
32582
32484
32583
32485
32584
32486
32585
32487
32586
32488
32587
32489
32588
32490
32589
32491
32590
32492
32591
32493
32592
32494
32593
32495
32594
32496
32595
32497
32596
32498
32597
32499
32598
32599
42880
32501
32600
32502
32601
32503
32602
32504
32603
32505
32604
32506
32605
32507
32606
32508
32607
32509
32608
32510
32609
32511
32610
32512
32611
32513
32612
32514
32613
32515
32614
32516
32615
32517
32616
32518
32617
32519
32618
32520
32619
32521
32620
32522
32621
32523
32622
32524
32623
32525
32624
32526
32625
32527
32626
32528
32627
32529
32628
32530
32629
32531
32630
32532
32631
32533
32632
32534
32633
32535
32634
32536
32635
32537
32636
32538
32637
32539
32638
32540
32639
32541
32640
32542
32641
32543
32642
32544
32643
32545
32644
32546
32645
32547
32646
32548
32647
32549
32648
32550
32649
32551
32650
32552
32651
32553
32652
32554
32653
32555
32654
32556
32655
32557
32656
32558
32657
32559
32658
32560
32659
32561
32660
32562
32661
32563
32662
32564
32663
32565
32664
32566
32665
32567
32666
32568
32667
32569
32668
32570
32669
32571
32670
32572
32671
32573
32672
32574
32673
32575
32674
32576
32675
32577
32676
32578
32677
32579
32678
32580
32679
32581
32680
32582
32681
32583
32682
32584
32683
32585
32684
32586
32685
32587
32686
32588
32687
32589
32688
32590
32689
32591
32690
32592
32691
32593
32692
32594
32693
32595
32694
32596
32695
32597
32696
32598
32697
32599
32698
32699
43100
32601
32700
32602
32701
32603
32702
32604
32703
32605
32704
32606
32705
32607
32706
32608
32707
32609
32708
32610
32709
32611
32710
32612
32711
32613
32712
32614
32713
32615
32714
32616
32715
32617
32716
32618
32717
32619
32718
32620
32719
32621
32720
32622
32721
32623
32722
32624
32723
32625
32724
32626
32725
32627
32726
32628
32727
32629
32728
32630
32729
32631
32730
32632
32731
32633
32732
32634
32733
32635
32734
32636
32735
32637
32736
32638
32737
32639
32738
32640
32739
32641
32740
32642
32741
32643
32742
32644
32743
32645
32744
32646
32745
32647
32746
32648
32747
32649
32748
32650
32749
32651
32750
32652
32751
32653
32752
32654
32753
32655
32754
32656
32755
32657
32756
32658
32757
32659
32758
32660
32759
32661
32760
32662
32761
32663
32762
32664
32763
32665
32764
32666
32765
32667
32766
32668
32767
32669
32768
32670
32769
32671
32770
32672
32771
32673
32772
32674
32773
32675
32774
32676
32775
32677
32776
32678
32777
32679
32778
32680
32779
32681
32780
32682
32781
32683
32782
32684
32783
32685
32784
32686
32785
32687
32786
32688
32787
32689
32788
32690
32789
32691
32790
32692
32791
32693
32792
32694
32793
32695
32794
32696
32795
32697
32796
32698
32797
32699
32798
32799
43320
32701
32800
32702
32801
32703
32802
32704
32803
32705
32804
32706
32805
32707
32806
32708
32807
32709
32808
32710
32809
32711
32810
32712
32811
32713
32812
32714
32813
32715
32814
32716
32815
32717
32816
32718
32817
32719
32818
32720
32819
32721
32820
32722
32821
32723
32822
32724
32823
32725
32824
32726
32825
32727
32826
32728
32827
32729
32828
32730
32829
32731
32830
32732
32831
32733
32832
32734
32833
32735
32834
32736
32835
32737
32836
32738
32837
32739
32838
32740
32839
32741
32840
32742
32841
32743
32842
32744
32843
32745
32844
32746
32845
32747
32846
32748
32847
32749
32848
32750
32849
32751
32850
32752
32851
32753
32852
32754
32853
32755
32854
32756
32855
32757
32856
32758
32857
32759
32858
32760
32859
32761
32860
32762
32861
32763
32862
32764
32863
32765
32864
32766
32865
32767
32866
32768
32867
32769
32868
32770
32869
32771
32870
32772
32871
32773
32872
32774
32873
32775
32874
32776
32875
32777
32876
32778
32877
32779
32878
32780
32879
32781
32880
32782
32881
32783
32882
32784
32883
32785
32884
32786
32885
32787
32886
32788
32887
32789
32888
32790
32889
32791
32890
32792
32891
32793
32892
32794
32893
32795
32894
32796
32895
32797
32896
32798
32897
32799
32898
32899
43540
32801
32900
32802
32901
32803
32902
32804
32903
32805
32904
32806
32905
32807
32906
32808
32907
32809
32908
32810
32909
32811
32910
32812
32911
32813
32912
32814
32913
32815
32914
32816
32915
32817
32916
32818
32917
32819
32918
32820
32919
32821
32920
32822
32921
32823
32922
32824
32923
32825
32924
32826
32925
32827
32926
32828
32927
32829
32928
32830
32929
32831
32930
32832
32931
32833
32932
32834
32933
32835
32934
32836
32935
32837
32936
32838
32937
32839
32938
32840
32939
32841
32940
32842
32941
32843
32942
32844
32943
32845
32944
32846
32945
32847
32946
32848
32947
32849
32948
32850
32949
32851
32950
32852
32951
32853
32952
32854
32953
32855
32954
32856
32955
32857
32956
32858
32957
32859
32958
32860
32959
32861
32960
32862
32961
32863
32962
32864
32963
32865
32964
32866
32965
32867
32966
32868
32967
32869
32968
32870
32969
32871
32970
32872
32971
32873
32972
32874
32973
32875
32974
32876
32975
32877
32976
32878
32977
32879
32978
32880
32979
32881
32980
32882
32981
32883
32982
32884
32983
32885
32984
32886
32985
32887
32986
32888
32987
32889
32988
32890
32989
32891
32990
32892
32991
32893
32992
32894
32993
32895
32994
32896
32995
32897
32996
32898
32997
32899
32998
32999
43760
32901
33000
32902
33001
32903
33002
32904
33003
32905
33004
32906
33005
32907
33006
32908
33007
32909
33008
32910
33009
32911
33010
32912
33011
32913
33012
32914
33013
32915
33014
32916
33015
32917
33016
32918
33017
32919
33018
32920
33019
32921
33020
32922
33021
32923
33022
32924
33023
32925
33024
32926
33025
32927
33026
32928
33027
32929
33028
32930
33029
32931
33030
32932
33031
32933
33032
32934
33033
32935
33034
32936
33035
32937
33036
32938
33037
32939
33038
32940
33039
32941
33040
32942
33041
32943
33042
32944
33043
32945
33044
32946
33045
32947
33046
32948
33047
32949
33048
32950
33049
32951
33050
32952
33051
32953
33052
32954
33053
32955
33054
32956
33055
32957
33056
32958
33057
32959
33058
32960
33059
32961
33060
32962
33061
32963
33062
32964
33063
32965
33064
32966
33065
32967
33066
32968
33067
32969
33068
32970
33069
32971
33070
32972
33071
32973
33072
32974
33073
32975
33074
32976
33075
32977
33076
32978
33077
32979
33078
32980
33079
32981
33080
32982
33081
32983
33082
32984
33083
32985
33084
32986
33085
32987
33086
32988
33087
32989
33088
32990
33089
32991
33090
32992
33091
32993
33092
32994
33093
32995
33094
32996
33095
32997
33096
32998
33097
32999
33098
33099
43980
33001
33100
33002
33101
33003
33102
33004
33103
33005
33104
33006
33105
33007
33106
33008
33107
33009
33108
33010
33109
33011
33110
33012
33111
33013
33112
33014
33113
33015
33114
33016
33115
33017
33116
33018
33117
33019
33118
33020
33119
33021
33120
33022
33121
33023
33122
33024
33123
33025
33124
33026
33125
33027
33126
33028
33127
33029
33128
33030
33129
33031
33130
33032
33131
33033
33132
33034
33133
33035
33134
33036
33135
33037
33136
33038
33137
33039
33138
33040
33139
33041
33140
33042
33141
33043
33142
33044
33143
33045
33144
33046
33145
33047
33146
33048
33147
33049
33148
33050
33149
33051
33150
33052
33151
33053
33152
33054
33153
33055
33154
33056
33155
33057
33156
33058
33157
33059
33158
33060
33159
33061
33160
33062
33161
33063
33162
33064
33163
33065
33164
33066
33165
33067
33166
33068
33167
33069
33168
33070
33169
33071
33170
33072
33171
33073
33172
33074
33173
33075
33174
33076
33175
33077
33176
33078
33177
33079
33178
33080
33179
33081
33180
33082
33181
33083
33182
33084
33183
33085
33184
33086
33185
33087
33186
33088
33187
33089
33188
33090
33189
33091
33190
33092
33191
33093
33192
33094
33193
33095
33194
33096
33195
33097
33196
33098
33197
33099
33198
33199
44200
33101
33200
33102
33201
33103
33202
33104
33203
33105
33204
33106
33205
33107
33206
33108
33207
33109
33208
33110
33209
33111
33210
33112
33211
33113
33212
33114
33213
33115
33214
33116
33215
33117
33216
33118
33217
33119
33218
33120
33219
33121
33220
33122
33221
33123
33222
33124
33223
33125
33224
33126
33225
33127
33226
33128
33227
33129
33228
33130
33229
33131
33230
33132
33231
33133
33232
33134
33233
33135
33234
33136
33235
33137
33236
33138
33237
33139
33238
33140
33239
33141
33240
33142
33241
33143
33242
33144
33243
33145
33244
33146
33245
33147
33246
33148
33247
33149
33248
33150
33249
33151
33250
33152
33251
33153
33252
33154
33253
33155
33254
33156
33255
33157
33256
33158
33257
33159
33258
33160
33259
33161
33260
33162
33261
33163
33262
33164
33263
33165
33264
33166
33265
33167
33266
33168
33267
33169
33268
33170
33269
33171
33270
33172
33271
33173
33272
33174
33273
33175
33274
33176
33275
33177
33276
33178
33277
33179
33278
33180
33279
33181
33280
33182
33281
33183
33282
33184
33283
33185
33284
33186
33285
33187
33286
33188
33287
33189
33288
33190
33289
33191
33290
33192
33291
33193
33292
33194
33293
33195
33294
33196
33295
33197
33296
33198
33297
33199
33298
33299
44420
33201
33300
33202
33301
33203
33302
33204
33303
33205
33304
33206
33305
33207
33306
33208
33307
33209
33308
33210
33309
33211
33310
33212
33311
33213
33312
33214
33313
33215
33314
33216
33315
33217
33316
33218
33317
33219
33318
33220
33319
33221
33320
33222
33321
33223
33322
33224
33323
33225
33324
33226
33325
33227
33326
33228
33327
33229
33328
33230
33329
33231
33330
33232
33331
33233
33332
33234
33333
33235
33334
33236
33335
33237
33336
33238
33337
33239
33338
33240
33339
33241
33340
33242
33341
33243
33342
33244
33343
33245
33344
33246
33345
33247
33346
33248
33347
33249
33348
33250
33349
33251
33350
33252
33351
33253
33352
33254
33353
33255
33354
33256
33355
33257
33356
33258
33357
33259
33358
33260
33359
33261
33360
33262
33361
33263
33362
33264
33363
33265
33364
33266
33365
33267
33366
33268
33367
33269
33368
33270
33369
33271
33370
33272
33371
33273
33372
33274
33373
33275
33374
33276
33375
33277
33376
33278
33377
33279
33378
33280
33379
33281
33380
33282
33381
33283
33382
33284
33383
33285
33384
33286
33385
33287
33386
33288
33387
33289
33388
33290
33389
33291
33390
33292
33391
33293
33392
33294
33393
33295
33394
33296
33395
33297
33396
33298
33397
33299
33398
33399
44640
33301
33400
33302
33401
33303
33402
33304
33403
33305
33404
33306
33405
33307
33406
33308
33407
33309
33408
33310
33409
33311
33410
33312
33411
33313
33412
33314
33413
33315
33414
33316
33415
33317
33416
33318
33417
33319
33418
33320
33419
33321
33420
33322
33421
33323
33422
33324
33423
33325
33424
33326
33425
33327
33426
33328
33427
33329
33428
33330
33429
33331
33430
33332
33431
33333
33432
33334
33433
33335
33434
33336
33435
33337
33436
33338
33437
33339
33438
33340
33439
33341
33440
33342
33441
33343
33442
33344
33443
33345
33444
33346
33445
33347
33446
33348
33447
33349
33448
33350
33449
33351
33450
33352
33451
33353
33452
33354
33453
33355
33454
33356
33455
33357
33456
33358
33457
33359
33458
33360
33459
33361
33460
33362
33461
33363
33462
33364
33463
33365
33464
33366
33465
33367
33466
33368
33467
33369
33468
33370
33469
33371
33470
33372
33471
33373
33472
33374
33473
33375
33474
33376
33475
33377
33476
33378
33477
33379
33478
33380
33479
33381
33480
33382
33481
33383
33482
33384
33483
33385
33484
33386
33485
33387
33486
33388
33487
33389
33488
33390
33489
33391
33490
33392
33491
33393
33492
33394
33493
33395
33494
33396
33495
33397
33496
33398
33497
33399
33498
33499
44860
33401
33500
33402
33501
33403
33502
33404
33503
33405
33504
33406
33505
33407
33506
33408
33507
33409
33508
33410
33509
33411
33510
33412
33511
33413
33512
33414
33513
33415
33514
33416
33515
33417
33516
33418
33517
33419
33518
33420
33519
33421
33520
33422
33521
33423
33522
33424
33523
33425
33524
33426
33525
33427
33526
33428
33527
33429
33528
33430
33529
33431
33530
33432
33531
33433
33532
33434
33533
33435
33534
33436
33535
33437
33536
33438
33537
33439
33538
33440
33539
33441
33540
33442
33541
33443
33542
33444
33543
33445
33544
33446
33545
33447
33546
33448
33547
33449
33548
33450
33549
33451
33550
33452
33551
33453
33552
33454
33553
33455
33554
33456
33555
33457
33556
33458
33557
33459
33558
33460
33559
33461
33560
33462
33561
33463
33562
33464
33563
33465
33564
33466
33565
33467
33566
33468
33567
33469
33568
33470
33569
33471
33570
33472
33571
33473
33572
33474
33573
33475
33574
33476
33575
33477
33576
33478
33577
33479
33578
33480
33579
33481
33580
33482
33581
33483
33582
33484
33583
33485
33584
33486
33585
33487
33586
33488
33587
33489
33588
33490
33589
33491
33590
33492
33591
33493
33592
33494
33593
33495
33594
33496
33595
33497
33596
33498
33597
33499
33598
33599
45080
33501
33600
33502
33601
33503
33602
33504
33603
33505
33604
33506
33605
33507
33606
33508
33607
33509
33608
33510
33609
33511
33610
33512
33611
33513
33612
33514
33613
33515
33614
33516
33615
33517
33616
33518
33617
33519
33618
33520
33619
33521
33620
33522
33621
33523
33622
33524
33623
33525
33624
33526
33625
33527
33626
33528
33627
33529
33628
33530
33629
33531
33630
33532
33631
33533
33632
33534
33633
33535
33634
33536
33635
33537
33636
33538
33637
33539
33638
33540
33639
33541
33640
33542
33641
33543
33642
33544
33643
33545
33644
33546
33645
33547
33646
33548
33647
33549
33648
33550
33649
33551
33650
33552
33651
33553
33652
33554
33653
33555
33654
33556
33655
33557
33656
33558
33657
33559
33658
33560
33659
33561
33660
33562
33661
33563
33662
33564
33663
33565
33664
33566
33665
33567
33666
33568
33667
33569
33668
33570
33669
33571
33670
33572
33671
33573
33672
33574
33673
33575
33674
33576
33675
33577
33676
33578
33677
33579
33678
33580
33679
33581
33680
33582
33681
33583
33682
33584
33683
33585
33684
33586
33685
33587
33686
33588
33687
33589
33688
33590
33689
33591
33690
33592
33691
33593
33692
33594
33693
33595
33694
33596
33695
33597
33696
33598
33697
33599
33698
33699
45300
33601
33700
33602
33701
33603
33702
33604
33703
33605
33704
33606
33705
33607
33706
33608
33707
33609
33708
33610
33709
33611
33710
33612
33711
33613
33712
33614
33713
33615
33714
33616
33715
33617
33716
33618
33717
33619
33718
33620
33719
33621
33720
33622
33721
33623
33722
33624
33723
33625
33724
33626
33725
33627
33726
33628
33727
33629
33728
33630
33729
33631
33730
33632
33731
33633
33732
33634
33733
33635
33734
33636
33735
33637
33736
33638
33737
33639
33738
33640
33739
33641
33740
33642
33741
33643
33742
33644
33743
33645
33744
33646
33745
33647
33746
33648
33747
33649
33748
33650
33749
33651
33750
33652
33751
33653
33752
33654
33753
33655
33754
33656
33755
33657
33756
33658
33757
33659
33758
33660
33759
33661
33760
33662
33761
33663
33762
33664
33763
33665
33764
33666
33765
33667
33766
33668
33767
33669
33768
33670
33769
33671
33770
33672
33771
33673
33772
33674
33773
33675
33774
33676
33775
33677
33776
33678
33777
33679
33778
33680
33779
33681
33780
33682
33781
33683
33782
33684
33783
33685
33784
33686
33785
33687
33786
33688
33787
33689
33788
33690
33789
33691
33790
33692
33791
33693
33792
33694
33793
33695
33794
33696
33795
33697
33796
33698
33797
33699
33798
33799
45520
33701
33800
33702
33801
33703
33802
33704
33803
33705
33804
33706
33805
33707
33806
33708
33807
33709
33808
33710
33809
33711
33810
33712
33811
33713
33812
33714
33813
33715
33814
33716
33815
33717
33816
33718
33817
33719
33818
33720
33819
33721
33820
33722
33821
33723
33822
33724
33823
33725
33824
33726
33825
33727
33826
33728
33827
33729
33828
33730
33829
33731
33830
33732
33831
33733
33832
33734
33833
33735
33834
33736
33835
33737
33836
33738
33837
33739
33838
33740
33839
33741
33840
33742
33841
33743
33842
33744
33843
33745
33844
33746
33845
33747
33846
33748
33847
33749
33848
33750
33849
33751
33850
33752
33851
33753
33852
33754
33853
33755
33854
33756
33855
33757
33856
33758
33857
33759
33858
33760
33859
33761
33860
33762
33861
33763
33862
33764
33863
33765
33864
33766
33865
33767
33866
33768
33867
33769
33868
33770
33869
33771
33870
33772
33871
33773
33872
33774
33873
33775
33874
33776
33875
33777
33876
33778
33877
33779
33878
33780
33879
33781
33880
33782
33881
33783
33882
33784
33883
33785
33884
33786
33885
33787
33886
33788
33887
33789
33888
33790
33889
33791
33890
33792
33891
33793
33892
33794
33893
33795
33894
33796
33895
33797
33896
33798
33897
33799
33898
33899
45740
33801
33900
33802
33901
33803
33902
33804
33903
33805
33904
33806
33905
33807
33906
33808
33907
33809
33908
33810
33909
33811
33910
33812
33911
33813
33912
33814
33913
33815
33914
33816
33915
33817
33916
33818
33917
33819
33918
33820
33919
33821
33920
33822
33921
33823
33922
33824
33923
33825
33924
33826
33925
33827
33926
33828
33927
33829
33928
33830
33929
33831
33930
33832
33931
33833
33932
33834
33933
33835
33934
33836
33935
33837
33936
33838
33937
33839
33938
33840
33939
33841
33940
33842
33941
33843
33942
33844
33943
33845
33944
33846
33945
33847
33946
33848
33947
33849
33948
33850
33949
33851
33950
33852
33951
33853
33952
33854
33953
33855
33954
33856
33955
33857
33956
33858
33957
33859
33958
33860
33959
33861
33960
33862
33961
33863
33962
33864
33963
33865
33964
33866
33965
33867
33966
33868
33967
33869
33968
33870
33969
33871
33970
33872
33971
33873
33972
33874
33973
33875
33974
33876
33975
33877
33976
33878
33977
33879
33978
33880
33979
33881
33980
33882
33981
33883
33982
33884
33983
33885
33984
33886
33985
33887
33986
33888
33987
33889
33988
33890
33989
33891
33990
33892
33991
33893
33992
33894
33993
33895
33994
33896
33995
33897
33996
33898
33997
33899
33998
33999
45960
33901
34000
33902
34001
33903
34002
33904
34003
33905
34004
33906
34005
33907
34006
33908
34007
33909
34008
33910
34009
33911
34010
33912
34011
33913
34012
33914
34013
33915
34014
33916
34015
33917
34016
33918
34017
33919
34018
33920
34019
33921
34020
33922
34021
33923
34022
33924
34023
33925
34024
33926
34025
33927
34026
33928
34027
33929
34028
33930
34029
33931
34030
33932
34031
33933
34032
33934
34033
33935
34034
33936
34035
33937
34036
33938
34037
33939
34038
33940
34039
33941
34040
33942
34041
33943
34042
33944
34043
33945
34044
33946
34045
33947
34046
33948
34047
33949
34048
33950
34049
33951
34050
33952
34051
33953
34052
33954
34053
33955
34054
33956
34055
33957
34056
33958
34057
33959
34058
33960
34059
33961
34060
33962
34061
33963
34062
33964
34063
33965
34064
33966
34065
33967
34066
33968
34067
33969
34068
33970
34069
33971
34070
33972
34071
33973
34072
33974
34073
33975
34074
33976
34075
33977
34076
33978
34077
33979
34078
33980
34079
33981
34080
33982
34081
33983
34082
33984
34083
33985
34084
33986
34085
33987
34086
33988
34087
33989
34088
33990
34089
33991
34090
33992
34091
33993
34092
33994
34093
33995
34094
33996
34095
33997
34096
33998
34097
33999
34098
34099
46180
34001
34100
34002
34101
34003
34102
34004
34103
34005
34104
34006
34105
34007
34106
34008
34107
34009
34108
34010
34109
34011
34110
34012
34111
34013
34112
34014
34113
34015
34114
34016
34115
34017
34116
34018
34117
34019
34118
34020
34119
34021
34120
34022
34121
34023
34122
34024
34123
34025
34124
34026
34125
34027
34126
34028
34127
34029
34128
34030
34129
34031
34130
34032
34131
34033
34132
34034
34133
34035
34134
34036
34135
34037
34136
34038
34137
34039
34138
34040
34139
34041
34140
34042
34141
34043
34142
34044
34143
34045
34144
34046
34145
34047
34146
34048
34147
34049
34148
34050
34149
34051
34150
34052
34151
34053
34152
34054
34153
34055
34154
34056
34155
34057
34156
34058
34157
34059
34158
34060
34159
34061
34160
34062
34161
34063
34162
34064
34163
34065
34164
34066
34165
34067
34166
34068
34167
34069
34168
34070
34169
34071
34170
34072
34171
34073
34172
34074
34173
34075
34174
34076
34175
34077
34176
34078
34177
34079
34178
34080
34179
34081
34180
34082
34181
34083
34182
34084
34183
34085
34184
34086
34185
34087
34186
34088
34187
34089
34188
34090
34189
34091
34190
34092
34191
34093
34192
34094
34193
34095
34194
34096
34195
34097
34196
34098
34197
34099
34198
34199
46400
34101
34200
34102
34201
34103
34202
34104
34203
34105
34204
34106
34205
34107
34206
34108
34207
34109
34208
34110
34209
34111
34210
34112
34211
34113
34212
34114
34213
34115
34214
34116
34215
34117
34216
34118
34217
34119
34218
34120
34219
34121
34220
34122
34221
34123
34222
34124
34223
34125
34224
34126
34225
34127
34226
34128
34227
34129
34228
34130
34229
34131
34230
34132
34231
34133
34232
34134
34233
34135
34234
34136
34235
34137
34236
34138
34237
34139
34238
34140
34239
34141
34240
34142
34241
34143
34242
34144
34243
34145
34244
34146
34245
34147
34246
34148
34247
34149
34248
34150
34249
34151
34250
34152
34251
34153
34252
34154
34253
34155
34254
34156
34255
34157
34256
34158
34257
34159
34258
34160
34259
34161
34260
34162
34261
34163
34262
34164
34263
34165
34264
34166
34265
34167
34266
34168
34267
34169
34268
34170
34269
34171
34270
34172
34271
34173
34272
34174
34273
34175
34274
34176
34275
34177
34276
34178
34277
34179
34278
34180
34279
34181
34280
34182
34281
34183
34282
34184
34283
34185
34284
34186
34285
34187
34286
34188
34287
34189
34288
34190
34289
34191
34290
34192
34291
34193
34292
34194
34293
34195
34294
34196
34295
34197
34296
34198
34297
34199
34298
34299
46620
34201
34300
34202
34301
34203
34302
34204
34303
34205
34304
34206
34305
34207
34306
34208
34307
34209
34308
34210
34309
34211
34310
34212
34311
34213
34312
34214
34313
34215
34314
34216
34315
34217
34316
34218
34317
34219
34318
34220
34319
34221
34320
34222
34321
34223
34322
34224
34323
34225
34324
34226
34325
34227
34326
34228
34327
34229
34328
34230
34329
34231
34330
34232
34331
34233
34332
34234
34333
34235
34334
34236
34335
34237
34336
34238
34337
34239
34338
34240
34339
34241
34340
34242
34341
34243
34342
34244
34343
34245
34344
34246
34345
34247
34346
34248
34347
34249
34348
34250
34349
34251
34350
34252
34351
34253
34352
34254
34353
34255
34354
34256
34355
34257
34356
34258
34357
34259
34358
34260
34359
34261
34360
34262
34361
34263
34362
34264
34363
34265
34364
34266
34365
34267
34366
34268
34367
34269
34368
34270
34369
34271
34370
34272
34371
34273
34372
34274
34373
34275
34374
34276
34375
34277
34376
34278
34377
34279
34378
34280
34379
34281
34380
34282
34381
34283
34382
34284
34383
34285
34384
34286
34385
34287
34386
34288
34387
34289
34388
34290
34389
34291
34390
34292
34391
34293
34392
34294
34393
34295
34394
34296
34395
34297
34396
34298
34397
34299
34398
34399
46840
34301
34400
34302
34401
34303
34402
34304
34403
34305
34404
34306
34405
34307
34406
34308
34407
34309
34408
34310
34409
34311
34410
34312
34411
34313
34412
34314
34413
34315
34414
34316
34415
34317
34416
34318
34417
34319
34418
34320
34419
34321
34420
34322
34421
34323
34422
34324
34423
34325
34424
34326
34425
34327
34426
34328
34427
34329
34428
34330
34429
34331
34430
34332
34431
34333
34432
34334
34433
34335
34434
34336
34435
34337
34436
34338
34437
34339
34438
34340
34439
34341
34440
34342
34441
34343
34442
34344
34443
34345
34444
34346
34445
34347
34446
34348
34447
34349
34448
34350
34449
34351
34450
34352
34451
34353
34452
34354
34453
34355
34454
34356
34455
34357
34456
34358
34457
34359
34458
34360
34459
34361
34460
34362
34461
34363
34462
34364
34463
34365
34464
34366
34465
34367
34466
34368
34467
34369
34468
34370
34469
34371
34470
34372
34471
34373
34472
34374
34473
34375
34474
34376
34475
34377
34476
34378
34477
34379
34478
34380
34479
34381
34480
34382
34481
34383
34482
34384
34483
34385
34484
34386
34485
34387
34486
34388
34487
34389
34488
34390
34489
34391
34490
34392
34491
34393
34492
34394
34493
34395
34494
34396
34495
34397
34496
34398
34497
34399
34498
34499
47060
34401
34500
34402
34501
34403
34502
34404
34503
34405
34504
34406
34505
34407
34506
34408
34507
34409
34508
34410
34509
34411
34510
34412
34511
34413
34512
34414
34513
34415
34514
34416
34515
34417
34516
34418
34517
34419
34518
34420
34519
34421
34520
34422
34521
34423
34522
34424
34523
34425
34524
34426
34525
34427
34526
34428
34527
34429
34528
34430
34529
34431
34530
34432
34531
34433
34532
34434
34533
34435
34534
34436
34535
34437
34536
34438
34537
34439
34538
34440
34539
34441
34540
34442
34541
34443
34542
34444
34543
34445
34544
34446
34545
34447
34546
34448
34547
34449
34548
34450
34549
34451
34550
34452
34551
34453
34552
34454
34553
34455
34554
34456
34555
34457
34556
34458
34557
34459
34558
34460
34559
34461
34560
34462
34561
34463
34562
34464
34563
34465
34564
34466
34565
34467
34566
34468
34567
34469
34568
34470
34569
34471
34570
34472
34571
34473
34572
34474
34573
34475
34574
34476
34575
34477
34576
34478
34577
34479
34578
34480
34579
34481
34580
34482
34581
34483
34582
34484
34583
34485
34584
34486
34585
34487
34586
34488
34587
34489
34588
34490
34589
34491
34590
34492
34591
34493
34592
34494
34593
34495
34594
34496
34595
34497
34596
34498
34597
34499
34598
34599
47280
34501
34600
34502
34601
34503
34602
34504
34603
34505
34604
34506
34605
34507
34606
34508
34607
34509
34608
34510
34609
34511
34610
34512
34611
34513
34612
34514
34613
34515
34614
34516
34615
34517
34616
34518
34617
34519
34618
34520
34619
34521
34620
34522
34621
34523
34622
34524
34623
34525
34624
34526
34625
34527
34626
34528
34627
34529
34628
34530
34629
34531
34630
34532
34631
34533
34632
34534
34633
34535
34634
34536
34635
34537
34636
34538
34637
34539
34638
34540
34639
34541
34640
34542
34641
34543
34642
34544
34643
34545
34644
34546
34645
34547
34646
34548
34647
34549
34648
34550
34649
34551
34650
34552
34651
34553
34652
34554
34653
34555
34654
34556
34655
34557
34656
34558
34657
34559
34658
34560
34659
34561
34660
34562
34661
34563
34662
34564
34663
34565
34664
34566
34665
34567
34666
34568
34667
34569
34668
34570
34669
34571
34670
34572
34671
34573
34672
34574
34673
34575
34674
34576
34675
34577
34676
34578
34677
34579
34678
34580
34679
34581
34680
34582
34681
34583
34682
34584
34683
34585
34684
34586
34685
34587
34686
34588
34687
34589
34688
34590
34689
34591
34690
34592
34691
34593
34692
34594
34693
34595
34694
34596
34695
34597
34696
34598
34697
34599
34698
34699
47500
34601
34700
34602
34701
34603
34702
34604
34703
34605
34704
34606
34705
34607
34706
34608
34707
34609
34708
34610
34709
34611
34710
34612
34711
34613
34712
34614
34713
34615
34714
34616
34715
34617
34716
34618
34717
34619
34718
34620
34719
34621
34720
34622
34721
34623
34722
34624
34723
34625
34724
34626
34725
34627
34726
34628
34727
34629
34728
34630
34729
34631
34730
34632
34731
34633
34732
34634
34733
34635
34734
34636
34735
34637
34736
34638
34737
34639
34738
34640
34739
34641
34740
34642
34741
34643
34742
34644
34743
34645
34744
34646
34745
34647
34746
34648
34747
34649
34748
34650
34749
34651
34750
34652
34751
34653
34752
34654
34753
34655
34754
34656
34755
34657
34756
34658
34757
34659
34758
34660
34759
34661
34760
34662
34761
34663
34762
34664
34763
34665
34764
34666
34765
34667
34766
34668
34767
34669
34768
34670
34769
34671
34770
34672
34771
34673
34772
34674
34773
34675
34774
34676
34775
34677
34776
34678
34777
34679
34778
34680
34779
34681
34780
34682
34781
34683
34782
34684
34783
34685
34784
34686
34785
34687
34786
34688
34787
34689
34788
34690
34789
34691
34790
34692
34791
34693
34792
34694
34793
34695
34794
34696
34795
34697
34796
34698
34797
34699
34798
34799
47720
34701
34800
34702
34801
34703
34802
34704
34803
34705
34804
34706
34805
34707
34806
34708
34807
34709
34808
34710
34809
34711
34810
34712
34811
34713
34812
34714
34813
34715
34814
34716
34815
34717
34816
34718
34817
34719
34818
34720
34819
34721
34820
34722
34821
34723
34822
34724
34823
34725
34824
34726
34825
34727
34826
34728
34827
34729
34828
34730
34829
34731
34830
34732
34831
34733
34832
34734
34833
34735
34834
34736
34835
34737
34836
34738
34837
34739
34838
34740
34839
34741
34840
34742
34841
34743
34842
34744
34843
34745
34844
34746
34845
34747
34846
34748
34847
34749
34848
34750
34849
34751
34850
34752
34851
34753
34852
34754
34853
34755
34854
34756
34855
34757
34856
34758
34857
34759
34858
34760
34859
34761
34860
34762
34861
34763
34862
34764
34863
34765
34864
34766
34865
34767
34866
34768
34867
34769
34868
34770
34869
34771
34870
34772
34871
34773
34872
34774
34873
34775
34874
34776
34875
34777
34876
34778
34877
34779
34878
34780
34879
34781
34880
34782
34881
34783
34882
34784
34883
34785
34884
34786
34885
34787
34886
34788
34887
34789
34888
34790
34889
34791
34890
34792
34891
34793
34892
34794
34893
34795
34894
34796
34895
34797
34896
34798
34897
34799
34898
34899
47940
34801
34900
34802
34901
34803
34902
34804
34903
34805
34904
34806
34905
34807
34906
34808
34907
34809
34908
34810
34909
34811
34910
34812
34911
34813
34912
34814
34913
34815
34914
34816
34915
34817
34916
34818
34917
34819
34918
34820
34919
34821
34920
34822
34921
34823
34922
34824
34923
34825
34924
34826
34925
34827
34926
34828
34927
34829
34928
34830
34929
34831
34930
34832
34931
34833
34932
34834
34933
34835
34934
34836
34935
34837
34936
34838
34937
34839
34938
34840
34939
34841
34940
34842
34941
34843
34942
34844
34943
34845
34944
34846
34945
34847
34946
34848
34947
34849
34948
34850
34949
34851
34950
34852
34951
34853
34952
34854
34953
34855
34954
34856
34955
34857
34956
34858
34957
34859
34958
34860
34959
34861
34960
34862
34961
34863
34962
34864
34963
34865
34964
34866
34965
34867
34966
34868
34967
34869
34968
34870
34969
34871
34970
34872
34971
34873
34972
34874
34973
34875
34974
34876
34975
34877
34976
34878
34977
34879
34978
34880
34979
34881
34980
34882
34981
34883
34982
34884
34983
34885
34984
34886
34985
34887
34986
34888
34987
34889
34988
34890
34989
34891
34990
34892
34991
34893
34992
34894
34993
34895
34994
34896
34995
34897
34996
34898
34997
34899
34998
34999
48160
34901
35000
34902
35001
34903
35002
34904
35003
34905
35004
34906
35005
34907
35006
34908
35007
34909
35008
34910
35009
34911
35010
34912
35011
34913
35012
34914
35013
34915
35014
34916
35015
34917
35016
34918
35017
34919
35018
34920
35019
34921
35020
34922
35021
34923
35022
34924
35023
34925
35024
34926
35025
34927
35026
34928
35027
34929
35028
34930
35029
34931
35030
34932
35031
34933
35032
34934
35033
34935
35034
34936
35035
34937
35036
34938
35037
34939
35038
34940
35039
34941
35040
34942
35041
34943
35042
34944
35043
34945
35044
34946
35045
34947
35046
34948
35047
34949
35048
34950
35049
34951
35050
34952
35051
34953
35052
34954
35053
34955
35054
34956
35055
34957
35056
34958
35057
34959
35058
34960
35059
34961
35060
34962
35061
34963
35062
34964
35063
34965
35064
34966
35065
34967
35066
34968
35067
34969
35068
34970
35069
34971
35070
34972
35071
34973
35072
34974
35073
34975
35074
34976
35075
34977
35076
34978
35077
34979
35078
34980
35079
34981
35080
34982
35081
34983
35082
34984
35083
34985
35084
34986
35085
34987
35086
34988
35087
34989
35088
34990
35089
34991
35090
34992
35091
34993
35092
34994
35093
34995
35094
34996
35095
34997
35096
34998
35097
34999
35098
35099
48380
35001
35100
35002
35101
35003
35102
35004
35103
35005
35104
35006
35105
35007
35106
35008
35107
35009
35108
35010
35109
35011
35110
35012
35111
35013
35112
35014
35113
35015
35114
35016
35115
35017
35116
35018
35117
35019
35118
35020
35119
35021
35120
35022
35121
35023
35122
35024
35123
35025
35124
35026
35125
35027
35126
35028
35127
35029
35128
35030
35129
35031
35130
35032
35131
35033
35132
35034
35133
35035
35134
35036
35135
35037
35136
35038
35137
35039
35138
35040
35139
35041
35140
35042
35141
35043
35142
35044
35143
35045
35144
35046
35145
35047
35146
35048
35147
35049
35148
35050
35149
35051
35150
35052
35151
35053
35152
35054
35153
35055
35154
35056
35155
35057
35156
35058
35157
35059
35158
35060
35159
35061
35160
35062
35161
35063
35162
35064
35163
35065
35164
35066
35165
35067
35166
35068
35167
35069
35168
35070
35169
35071
35170
35072
35171
35073
35172
35074
35173
35075
35174
35076
35175
35077
35176
35078
35177
35079
35178
35080
35179
35081
35180
35082
35181
35083
35182
35084
35183
35085
35184
35086
35185
35087
35186
35088
35187
35089
35188
35090
35189
35091
35190
35092
35191
35093
35192
35094
35193
35095
35194
35096
35195
35097
35196
35098
35197
35099
35198
35199
48600
35101
35200
35102
35201
35103
35202
35104
35203
35105
35204
35106
35205
35107
35206
35108
35207
35109
35208
35110
35209
35111
35210
35112
35211
35113
35212
35114
35213
35115
35214
35116
35215
35117
35216
35118
35217
35119
35218
35120
35219
35121
35220
35122
35221
35123
35222
35124
35223
35125
35224
35126
35225
35127
35226
35128
35227
35129
35228
35130
35229
35131
35230
35132
35231
35133
35232
35134
35233
35135
35234
35136
35235
35137
35236
35138
35237
35139
35238
35140
35239
35141
35240
35142
35241
35143
35242
35144
35243
35145
35244
35146
35245
35147
35246
35148
35247
35149
35248
35150
35249
35151
35250
35152
35251
35153
35252
35154
35253
35155
35254
35156
35255
35157
35256
35158
35257
35159
35258
35160
35259
35161
35260
35162
35261
35163
35262
35164
35263
35165
35264
35166
35265
35167
35266
35168
35267
35169
35268
35170
35269
35171
35270
35172
35271
35173
35272
35174
35273
35175
35274
35176
35275
35177
35276
35178
35277
35179
35278
35180
35279
35181
35280
35182
35281
35183
35282
35184
35283
35185
35284
35186
35285
35187
35286
35188
35287
35189
35288
35190
35289
35191
35290
35192
35291
35193
35292
35194
35293
35195
35294
35196
35295
35197
35296
35198
35297
35199
35298
35299
48820
35201
35300
35202
35301
35203
35302
35204
35303
35205
35304
35206
35305
35207
35306
35208
35307
35209
35308
35210
35309
35211
35310
35212
35311
35213
35312
35214
35313
35215
35314
35216
35315
35217
35316
35218
35317
35219
35318
35220
35319
35221
35320
35222
35321
35223
35322
35224
35323
35225
35324
35226
35325
35227
35326
35228
35327
35229
35328
35230
35329
35231
35330
35232
35331
35233
35332
35234
35333
35235
35334
35236
35335
35237
35336
35238
35337
35239
35338
35240
35339
35241
35340
35242
35341
35243
35342
35244
35343
35245
35344
35246
35345
35247
35346
35248
35347
35249
35348
35250
35349
35251
35350
35252
35351
35253
35352
35254
35353
35255
35354
35256
35355
35257
35356
35258
35357
35259
35358
35260
35359
35261
35360
35262
35361
35263
35362
35264
35363
35265
35364
35266
35365
35267
35366
35268
35367
35269
35368
35270
35369
35271
35370
35272
35371
35273
35372
35274
35373
35275
35374
35276
35375
35277
35376
35278
35377
35279
35378
35280
35379
35281
35380
35282
35381
35283
35382
35284
35383
35285
35384
35286
35385
35287
35386
35288
35387
35289
35388
35290
35389
35291
35390
35292
35391
35293
35392
35294
35393
35295
35394
35296
35395
35297
35396
35298
35397
35299
35398
35399
49040
35301
35400
35302
35401
35303
35402
35304
35403
35305
35404
35306
35405
35307
35406
35308
35407
35309
35408
35310
35409
35311
35410
35312
35411
35313
35412
35314
35413
35315
35414
35316
35415
35317
35416
35318
35417
35319
35418
35320
35419
35321
35420
35322
35421
35323
35422
35324
35423
35325
35424
35326
35425
35327
35426
35328
35427
35329
35428
35330
35429
35331
35430
35332
35431
35333
35432
35334
35433
35335
35434
35336
35435
35337
35436
35338
35437
35339
35438
35340
35439
35341
35440
35342
35441
35343
35442
35344
35443
35345
35444
35346
35445
35347
35446
35348
35447
35349
35448
35350
35449
35351
35450
35352
35451
35353
35452
35354
35453
35355
35454
35356
35455
35357
35456
35358
35457
35359
35458
35360
35459
35361
35460
35362
35461
35363
35462
35364
35463
35365
35464
35366
35465
35367
35466
35368
35467
35369
35468
35370
35469
35371
35470
35372
35471
35373
35472
35374
35473
35375
35474
35376
35475
35377
35476
35378
35477
35379
35478
35380
35479
35381
35480
35382
35481
35383
35482
35384
35483
35385
35484
35386
35485
35387
35486
35388
35487
35389
35488
35390
35489
35391
35490
35392
35491
35393
35492
35394
35493
35395
35494
35396
35495
35397
35496
35398
35497
35399
35498
35499
49260
35401
35500
35402
35501
35403
35502
35404
35503
35405
35504
35406
35505
35407
35506
35408
35507
35409
35508
35410
35509
35411
35510
35412
35511
35413
35512
35414
35513
35415
35514
35416
35515
35417
35516
35418
35517
35419
35518
35420
35519
35421
35520
35422
35521
35423
35522
35424
35523
35425
35524
35426
35525
35427
35526
35428
35527
35429
35528
35430
35529
35431
35530
35432
35531
35433
35532
35434
35533
35435
35534
35436
35535
35437
35536
35438
35537
35439
35538
35440
35539
35441
35540
35442
35541
35443
35542
35444
35543
35445
35544
35446
35545
35447
35546
35448
35547
35449
35548
35450
35549
35451
35550
35452
35551
35453
35552
35454
35553
35455
35554
35456
35555
35457
35556
35458
35557
35459
35558
35460
35559
35461
35560
35462
35561
35463
35562
35464
35563
35465
35564
35466
35565
35467
35566
35468
35567
35469
35568
35470
35569
35471
35570
35472
35571
35473
35572
35474
35573
35475
35574
35476
35575
35477
35576
35478
35577
35479
35578
35480
35579
35481
35580
35482
35581
35483
35582
35484
35583
35485
35584
35486
35585
35487
35586
35488
35587
35489
35588
35490
35589
35491
35590
35492
35591
35493
35592
35494
35593
35495
35594
35496
35595
35497
35596
35498
35597
35499
35598
35599
49480
35501
35600
35502
35601
35503
35602
35504
35603
35505
35604
35506
35605
35507
35606
35508
35607
35509
35608
35510
35609
35511
35610
35512
35611
35513
35612
35514
35613
35515
35614
35516
35615
35517
35616
35518
35617
35519
35618
35520
35619
35521
35620
35522
35621
35523
35622
35524
35623
35525
35624
35526
35625
35527
35626
35528
35627
35529
35628
35530
35629
35531
35630
35532
35631
35533
35632
35534
35633
35535
35634
35536
35635
35537
35636
35538
35637
35539
35638
35540
35639
35541
35640
35542
35641
35543
35642
35544
35643
35545
35644
35546
35645
35547
35646
35548
35647
35549
35648
35550
35649
35551
35650
35552
35651
35553
35652
35554
35653
35555
35654
35556
35655
35557
35656
35558
35657
35559
35658
35560
35659
35561
35660
35562
35661
35563
35662
35564
35663
35565
35664
35566
35665
35567
35666
35568
35667
35569
35668
35570
35669
35571
35670
35572
35671
35573
35672
35574
35673
35575
35674
35576
35675
35577
35676
35578
35677
35579
35678
35580
35679
35581
35680
35582
35681
35583
35682
35584
35683
35585
35684
35586
35685
35587
35686
35588
35687
35589
35688
35590
35689
35591
35690
35592
35691
35593
35692
35594
35693
35595
35694
35596
35695
35597
35696
35598
35697
35599
35698
35699
49700
35601
35700
35602
35701
35603
35702
35604
35703
35605
35704
35606
35705
35607
35706
35608
35707
35609
35708
35610
35709
35611
35710
35612
35711
35613
35712
35614
35713
35615
35714
35616
35715
35617
35716
35618
35717
35619
35718
35620
35719
35621
35720
35622
35721
35623
35722
35624
35723
35625
35724
35626
35725
35627
35726
35628
35727
35629
35728
35630
35729
35631
35730
35632
35731
35633
35732
35634
35733
35635
35734
35636
35735
35637
35736
35638
35737
35639
35738
35640
35739
35641
35740
35642
35741
35643
35742
35644
35743
35645
35744
35646
35745
35647
35746
35648
35747
35649
35748
35650
35749
35651
35750
35652
35751
35653
35752
35654
35753
35655
35754
35656
35755
35657
35756
35658
35757
35659
35758
35660
35759
35661
35760
35662
35761
35663
35762
35664
35763
35665
35764
35666
35765
35667
35766
35668
35767
35669
35768
35670
35769
35671
35770
35672
35771
35673
35772
35674
35773
35675
35774
35676
35775
35677
35776
35678
35777
35679
35778
35680
35779
35681
35780
35682
35781
35683
35782
35684
35783
35685
35784
35686
35785
35687
35786
35688
35787
35689
35788
35690
35789
35691
35790
35692
35791
35693
35792
35694
35793
35695
35794
35696
35795
35697
35796
35698
35797
35699
35798
35799
49920
35701
35800
35702
35801
35703
35802
35704
35803
35705
35804
35706
35805
35707
35806
35708
35807
35709
35808
35710
35809
35711
35810
35712
35811
35713
35812
35714
35813
35715
35814
35716
35815
35717
35816
35718
35817
35719
35818
35720
35819
35721
35820
35722
35821
35723
35822
35724
35823
35725
35824
35726
35825
35727
35826
35728
35827
35729
35828
35730
35829
35731
35830
35732
35831
35733
35832
35734
35833
35735
35834
35736
35835
35737
35836
35738
35837
35739
35838
35740
35839
35741
35840
35742
35841
35743
35842
35744
35843
35745
35844
35746
35845
35747
35846
35748
35847
35749
35848
35750
35849
35751
35850
35752
35851
35753
35852
35754
35853
35755
35854
35756
35855
35757
35856
35758
35857
35759
35858
35760
35859
35761
35860
35762
35861
35763
35862
35764
35863
35765
35864
35766
35865
35767
35866
35768
35867
35769
35868
35770
35869
35771
35870
35772
35871
35773
35872
35774
35873
35775
35874
35776
35875
35777
35876
35778
35877
35779
35878
35780
35879
35781
35880
35782
35881
35783
35882
35784
35883
35785
35884
35786
35885
35787
35886
35788
35887
35789
35888
35790
35889
35791
35890
35792
35891
35793
35892
35794
35893
35795
35894
35796
35895
35797
35896
35798
35897
35799
35898
35899
50140
35801
35900
35802
35901
35803
35902
35804
35903
35805
35904
35806
35905
35807
35906
35808
35907
35809
35908
35810
35909
35811
35910
35812
35911
35813
35912
35814
35913
35815
35914
35816
35915
35817
35916
35818
35917
35819
35918
35820
35919
35821
35920
35822
35921
35823
35922
35824
35923
35825
35924
35826
35925
35827
35926
35828
35927
35829
35928
35830
35929
35831
35930
35832
35931
35833
35932
35834
35933
35835
35934
35836
35935
35837
35936
35838
35937
35839
35938
35840
35939
35841
35940
35842
35941
35843
35942
35844
35943
35845
35944
35846
35945
35847
35946
35848
35947
35849
35948
35850
35949
35851
35950
35852
35951
35853
35952
35854
35953
35855
35954
35856
35955
35857
35956
35858
35957
35859
35958
35860
35959
35861
35960
35862
35961
35863
35962
35864
35963
35865
35964
35866
35965
35867
35966
35868
35967
35869
35968
35870
35969
35871
35970
35872
35971
35873
35972
35874
35973
35875
35974
35876
35975
35877
35976
35878
35977
35879
35978
35880
35979
35881
35980
35882
35981
35883
35982
35884
35983
35885
35984
35886
35985
35887
35986
35888
35987
35889
35988
35890
35989
35891
35990
35892
35991
35893
35992
35894
35993
35895
35994
35896
35995
35897
35996
35898
35997
35899
35998
35999
50360
35901
36000
35902
36001
35903
36002
35904
36003
35905
36004
35906
36005
35907
36006
35908
36007
35909
36008
35910
36009
35911
36010
35912
36011
35913
36012
35914
36013
35915
36014
35916
36015
35917
36016
35918
36017
35919
36018
35920
36019
35921
36020
35922
36021
35923
36022
35924
36023
35925
36024
35926
36025
35927
36026
35928
36027
35929
36028
35930
36029
35931
36030
35932
36031
35933
36032
35934
36033
35935
36034
35936
36035
35937
36036
35938
36037
35939
36038
35940
36039
35941
36040
35942
36041
35943
36042
35944
36043
35945
36044
35946
36045
35947
36046
35948
36047
35949
36048
35950
36049
35951
36050
35952
36051
35953
36052
35954
36053
35955
36054
35956
36055
35957
36056
35958
36057
35959
36058
35960
36059
35961
36060
35962
36061
35963
36062
35964
36063
35965
36064
35966
36065
35967
36066
35968
36067
35969
36068
35970
36069
35971
36070
35972
36071
35973
36072
35974
36073
35975
36074
35976
36075
35977
36076
35978
36077
35979
36078
35980
36079
35981
36080
35982
36081
35983
36082
35984
36083
35985
36084
35986
36085
35987
36086
35988
36087
35989
36088
35990
36089
35991
36090
35992
36091
35993
36092
35994
36093
35995
36094
35996
36095
35997
36096
35998
36097
35999
36098
36099
50580
36001
36100
36002
36101
36003
36102
36004
36103
36005
36104
36006
36105
36007
36106
36008
36107
36009
36108
36010
36109
36011
36110
36012
36111
36013
36112
36014
36113
36015
36114
36016
36115
36017
36116
36018
36117
36019
36118
36020
36119
36021
36120
36022
36121
36023
36122
36024
36123
36025
36124
36026
36125
36027
36126
36028
36127
36029
36128
36030
36129
36031
36130
36032
36131
36033
36132
36034
36133
36035
36134
36036
36135
36037
36136
36038
36137
36039
36138
36040
36139
36041
36140
36042
36141
36043
36142
36044
36143
36045
36144
36046
36145
36047
36146
36048
36147
36049
36148
36050
36149
36051
36150
36052
36151
36053
36152
36054
36153
36055
36154
36056
36155
36057
36156
36058
36157
36059
36158
36060
36159
36061
36160
36062
36161
36063
36162
36064
36163
36065
36164
36066
36165
36067
36166
36068
36167
36069
36168
36070
36169
36071
36170
36072
36171
36073
36172
36074
36173
36075
36174
36076
36175
36077
36176
36078
36177
36079
36178
36080
36179
36081
36180
36082
36181
36083
36182
36084
36183
36085
36184
36086
36185
36087
36186
36088
36187
36089
36188
36090
36189
36091
36190
36092
36191
36093
36192
36094
36193
36095
36194
36096
36195
36097
36196
36098
36197
36099
36198
36199
50800
36101
36200
36102
36201
36103
36202
36104
36203
36105
36204
36106
36205
36107
36206
36108
36207
36109
36208
36110
36209
36111
36210
36112
36211
36113
36212
36114
36213
36115
36214
36116
36215
36117
36216
36118
36217
36119
36218
36120
36219
36121
36220
36122
36221
36123
36222
36124
36223
36125
36224
36126
36225
36127
36226
36128
36227
36129
36228
36130
36229
36131
36230
36132
36231
36133
36232
36134
36233
36135
36234
36136
36235
36137
36236
36138
36237
36139
36238
36140
36239
36141
36240
36142
36241
36143
36242
36144
36243
36145
36244
36146
36245
36147
36246
36148
36247
36149
36248
36150
36249
36151
36250
36152
36251
36153
36252
36154
36253
36155
36254
36156
36255
36157
36256
36158
36257
36159
36258
36160
36259
36161
36260
36162
36261
36163
36262
36164
36263
36165
36264
36166
36265
36167
36266
36168
36267
36169
36268
36170
36269
36171
36270
36172
36271
36173
36272
36174
36273
36175
36274
36176
36275
36177
36276
36178
36277
36179
36278
36180
36279
36181
36280
36182
36281
36183
36282
36184
36283
36185
36284
36186
36285
36187
36286
36188
36287
36189
36288
36190
36289
36191
36290
36192
36291
36193
36292
36194
36293
36195
36294
36196
36295
36197
36296
36198
36297
36199
36298
36299
51020
36201
36300
36202
36301
36203
36302
36204
36303
36205
36304
36206
36305
36207
36306
36208
36307
36209
36308
36210
36309
36211
36310
36212
36311
36213
36312
36214
36313
36215
36314
36216
36315
36217
36316
36218
36317
36219
36318
36220
36319
36221
36320
36222
36321
36223
36322
36224
36323
36225
36324
36226
36325
36227
36326
36228
36327
36229
36328
36230
36329
36231
36330
36232
36331
36233
36332
36234
36333
36235
36334
36236
36335
36237
36336
36238
36337
36239
36338
36240
36339
36241
36340
36242
36341
36243
36342
36244
36343
36245
36344
36246
36345
36247
36346
36248
36347
36249
36348
36250
36349
36251
36350
36252
36351
36253
36352
36254
36353
36255
36354
36256
36355
36257
36356
36258
36357
36259
36358
36260
36359
36261
36360
36262
36361
36263
36362
36264
36363
36265
36364
36266
36365
36267
36366
36268
36367
36269
36368
36270
36369
36271
36370
36272
36371
36273
36372
36274
36373
36275
36374
36276
36375
36277
36376
36278
36377
36279
36378
36280
36379
36281
36380
36282
36381
36283
36382
36284
36383
36285
36384
36286
36385
36287
36386
36288
36387
36289
36388
36290
36389
36291
36390
36292
36391
36293
36392
36294
36393
36295
36394
36296
36395
36297
36396
36298
36397
36299
36398
36399
51240
36301
36400
36302
36401
36303
36402
36304
36403
36305
36404
36306
36405
36307
36406
36308
36407
36309
36408
36310
36409
36311
36410
36312
36411
36313
36412
36314
36413
36315
36414
36316
36415
36317
36416
36318
36417
36319
36418
36320
36419
36321
36420
36322
36421
36323
36422
36324
36423
36325
36424
36326
36425
36327
36426
36328
36427
36329
36428
36330
36429
36331
36430
36332
36431
36333
36432
36334
36433
36335
36434
36336
36435
36337
36436
36338
36437
36339
36438
36340
36439
36341
36440
36342
36441
36343
36442
36344
36443
36345
36444
36346
36445
36347
36446
36348
36447
36349
36448
36350
36449
36351
36450
36352
36451
36353
36452
36354
36453
36355
36454
36356
36455
36357
36456
36358
36457
36359
36458
36360
36459
36361
36460
36362
36461
36363
36462
36364
36463
36365
36464
36366
36465
36367
36466
36368
36467
36369
36468
36370
36469
36371
36470
36372
36471
36373
36472
36374
36473
36375
36474
36376
36475
36377
36476
36378
36477
36379
36478
36380
36479
36381
36480
36382
36481
36383
36482
36384
36483
36385
36484
36386
36485
36387
36486
36388
36487
36389
36488
36390
36489
36391
36490
36392
36491
36393
36492
36394
36493
36395
36494
36396
36495
36397
36496
36398
36497
36399
36498
36499
51460
36401
36500
36402
36501
36403
36502
36404
36503
36405
36504
36406
36505
36407
36506
36408
36507
36409
36508
36410
36509
36411
36510
36412
36511
36413
36512
36414
36513
36415
36514
36416
36515
36417
36516
36418
36517
36419
36518
36420
36519
36421
36520
36422
36521
36423
36522
36424
36523
36425
36524
36426
36525
36427
36526
36428
36527
36429
36528
36430
36529
36431
36530
36432
36531
36433
36532
36434
36533
36435
36534
36436
36535
36437
36536
36438
36537
36439
36538
36440
36539
36441
36540
36442
36541
36443
36542
36444
36543
36445
36544
36446
36545
36447
36546
36448
36547
36449
36548
36450
36549
36451
36550
36452
36551
36453
36552
36454
36553
36455
36554
36456
36555
36457
36556
36458
36557
36459
36558
36460
36559
36461
36560
36462
36561
36463
36562
36464
36563
36465
36564
36466
36565
36467
36566
36468
36567
36469
36568
36470
36569
36471
36570
36472
36571
36473
36572
36474
36573
36475
36574
36476
36575
36477
36576
36478
36577
36479
36578
36480
36579
36481
36580
36482
36581
36483
36582
36484
36583
36485
36584
36486
36585
36487
36586
36488
36587
36489
36588
36490
36589
36491
36590
36492
36591
36493
36592
36494
36593
36495
36594
36496
36595
36497
36596
36498
36597
36499
36598
36599
51680
36501
36600
36502
36601
36503
36602
36504
36603
36505
36604
36506
36605
36507
36606
36508
36607
36509
36608
36510
36609
36511
36610
36512
36611
36513
36612
36514
36613
36515
36614
36516
36615
36517
36616
36518
36617
36519
36618
36520
36619
36521
36620
36522
36621
36523
36622
36524
36623
36525
36624
36526
36625
36527
36626
36528
36627
36529
36628
36530
36629
36531
36630
36532
36631
36533
36632
36534
36633
36535
36634
36536
36635
36537
36636
36538
36637
36539
36638
36540
36639
36541
36640
36542
36641
36543
36642
36544
36643
36545
36644
36546
36645
36547
36646
36548
36647
36549
36648
36550
36649
36551
36650
36552
36651
36553
36652
36554
36653
36555
36654
36556
36655
36557
36656
36558
36657
36559
36658
36560
36659
36561
36660
36562
36661
36563
36662
36564
36663
36565
36664
36566
36665
36567
36666
36568
36667
36569
36668
36570
36669
36571
36670
36572
36671
36573
36672
36574
36673
36575
36674
36576
36675
36577
36676
36578
36677
36579
36678
36580
36679
36581
36680
36582
36681
36583
36682
36584
36683
36585
36684
36586
36685
36587
36686
36588
36687
36589
36688
36590
36689
36591
36690
36592
36691
36593
36692
36594
36693
36595
36694
36596
36695
36597
36696
36598
36697
36599
36698
36699
51900
36601
36700
36602
36701
36603
36702
36604
36703
36605
36704
36606
36705
36607
36706
36608
36707
36609
36708
36610
36709
36611
36710
36612
36711
36613
36712
36614
36713
36615
36714
36616
36715
36617
36716
36618
36717
36619
36718
36620
36719
36621
36720
36622
36721
36623
36722
36624
36723
36625
36724
36626
36725
36627
36726
36628
36727
36629
36728
36630
36729
36631
36730
36632
36731
36633
36732
36634
36733
36635
36734
36636
36735
36637
36736
36638
36737
36639
36738
36640
36739
36641
36740
36642
36741
36643
36742
36644
36743
36645
36744
36646
36745
36647
36746
36648
36747
36649
36748
36650
36749
36651
36750
36652
36751
36653
36752
36654
36753
36655
36754
36656
36755
36657
36756
36658
36757
36659
36758
36660
36759
36661
36760
36662
36761
36663
36762
36664
36763
36665
36764
36666
36765
36667
36766
36668
36767
36669
36768
36670
36769
36671
36770
36672
36771
36673
36772
36674
36773
36675
36774
36676
36775
36677
36776
36678
36777
36679
36778
36680
36779
36681
36780
36682
36781
36683
36782
36684
36783
36685
36784
36686
36785
36687
36786
36688
36787
36689
36788
36690
36789
36691
36790
36692
36791
36693
36792
36694
36793
36695
36794
36696
36795
36697
36796
36698
36797
36699
36798
36799
52120
36701
36800
36702
36801
36703
36802
36704
36803
36705
36804
36706
36805
36707
36806
36708
36807
36709
36808
36710
36809
36711
36810
36712
36811
36713
36812
36714
36813
36715
36814
36716
36815
36717
36816
36718
36817
36719
36818
36720
36819
36721
36820
36722
36821
36723
36822
36724
36823
36725
36824
36726
36825
36727
36826
36728
36827
36729
36828
36730
36829
36731
36830
36732
36831
36733
36832
36734
36833
36735
36834
36736
36835
36737
36836
36738
36837
36739
36838
36740
36839
36741
36840
36742
36841
36743
36842
36744
36843
36745
36844
36746
36845
36747
36846
36748
36847
36749
36848
36750
36849
36751
36850
36752
36851
36753
36852
36754
36853
36755
36854
36756
36855
36757
36856
36758
36857
36759
36858
36760
36859
36761
36860
36762
36861
36763
36862
36764
36863
36765
36864
36766
36865
36767
36866
36768
36867
36769
36868
36770
36869
36771
36870
36772
36871
36773
36872
36774
36873
36775
36874
36776
36875
36777
36876
36778
36877
36779
36878
36780
36879
36781
36880
36782
36881
36783
36882
36784
36883
36785
36884
36786
36885
36787
36886
36788
36887
36789
36888
36790
36889
36791
36890
36792
36891
36793
36892
36794
36893
36795
36894
36796
36895
36797
36896
36798
36897
36799
36898
36899
52340
36801
36900
36802
36901
36803
36902
36804
36903
36805
36904
36806
36905
36807
36906
36808
36907
36809
36908
36810
36909
36811
36910
36812
36911
36813
36912
36814
36913
36815
36914
36816
36915
36817
36916
36818
36917
36819
36918
36820
36919
36821
36920
36822
36921
36823
36922
36824
36923
36825
36924
36826
36925
36827
36926
36828
36927
36829
36928
36830
36929
36831
36930
36832
36931
36833
36932
36834
36933
36835
36934
36836
36935
36837
36936
36838
36937
36839
36938
36840
36939
36841
36940
36842
36941
36843
36942
36844
36943
36845
36944
36846
36945
36847
36946
36848
36947
36849
36948
36850
36949
36851
36950
36852
36951
36853
36952
36854
36953
36855
36954
36856
36955
36857
36956
36858
36957
36859
36958
36860
36959
36861
36960
36862
36961
36863
36962
36864
36963
36865
36964
36866
36965
36867
36966
36868
36967
36869
36968
36870
36969
36871
36970
36872
36971
36873
36972
36874
36973
36875
36974
36876
36975
36877
36976
36878
36977
36879
36978
36880
36979
36881
36980
36882
36981
36883
36982
36884
36983
36885
36984
36886
36985
36887
36986
36888
36987
36889
36988
36890
36989
36891
36990
36892
36991
36893
36992
36894
36993
36895
36994
36896
36995
36897
36996
36898
36997
36899
36998
36999
52560
36901
37000
36902
37001
36903
37002
36904
37003
36905
37004
36906
37005
36907
37006
36908
37007
36909
37008
36910
37009
36911
37010
36912
37011
36913
37012
36914
37013
36915
37014
36916
37015
36917
37016
36918
37017
36919
37018
36920
37019
36921
37020
36922
37021
36923
37022
36924
37023
36925
37024
36926
37025
36927
37026
36928
37027
36929
37028
36930
37029
36931
37030
36932
37031
36933
37032
36934
37033
36935
37034
36936
37035
36937
37036
36938
37037
36939
37038
36940
37039
36941
37040
36942
37041
36943
37042
36944
37043
36945
37044
36946
37045
36947
37046
36948
37047
36949
37048
36950
37049
36951
37050
36952
37051
36953
37052
36954
37053
36955
37054
36956
37055
36957
37056
36958
37057
36959
37058
36960
37059
36961
37060
36962
37061
36963
37062
36964
37063
36965
37064
36966
37065
36967
37066
36968
37067
36969
37068
36970
37069
36971
37070
36972
37071
36973
37072
36974
37073
36975
37074
36976
37075
36977
37076
36978
37077
36979
37078
36980
37079
36981
37080
36982
37081
36983
37082
36984
37083
36985
37084
36986
37085
36987
37086
36988
37087
36989
37088
36990
37089
36991
37090
36992
37091
36993
37092
36994
37093
36995
37094
36996
37095
36997
37096
36998
37097
36999
37098
37099
52780
37001
37100
37002
37101
37003
37102
37004
37103
37005
37104
37006
37105
37007
37106
37008
37107
37009
37108
37010
37109
37011
37110
37012
37111
37013
37112
37014
37113
37015
37114
37016
37115
37017
37116
37018
37117
37019
37118
37020
37119
37021
37120
37022
37121
37023
37122
37024
37123
37025
37124
37026
37125
37027
37126
37028
37127
37029
37128
37030
37129
37031
37130
37032
37131
37033
37132
37034
37133
37035
37134
37036
37135
37037
37136
37038
37137
37039
37138
37040
37139
37041
37140
37042
37141
37043
37142
37044
37143
37045
37144
37046
37145
37047
37146
37048
37147
37049
37148
37050
37149
37051
37150
37052
37151
37053
37152
37054
37153
37055
37154
37056
37155
37057
37156
37058
37157
37059
37158
37060
37159
37061
37160
37062
37161
37063
37162
37064
37163
37065
37164
37066
37165
37067
37166
37068
37167
37069
37168
37070
37169
37071
37170
37072
37171
37073
37172
37074
37173
37075
37174
37076
37175
37077
37176
37078
37177
37079
37178
37080
37179
37081
37180
37082
37181
37083
37182
37084
37183
37085
37184
37086
37185
37087
37186
37088
37187
37089
37188
37090
37189
37091
37190
37092
37191
37093
37192
37094
37193
37095
37194
37096
37195
37097
37196
37098
37197
37099
37198
37199
53000
37101
37200
37102
37201
37103
37202
37104
37203
37105
37204
37106
37205
37107
37206
37108
37207
37109
37208
37110
37209
37111
37210
37112
37211
37113
37212
37114
37213
37115
37214
37116
37215
37117
37216
37118
37217
37119
37218
37120
37219
37121
37220
37122
37221
37123
37222
37124
37223
37125
37224
37126
37225
37127
37226
37128
37227
37129
37228
37130
37229
37131
37230
37132
37231
37133
37232
37134
37233
37135
37234
37136
37235
37137
37236
37138
37237
37139
37238
37140
37239
37141
37240
37142
37241
37143
37242
37144
37243
37145
37244
37146
37245
37147
37246
37148
37247
37149
37248
37150
37249
37151
37250
37152
37251
37153
37252
37154
37253
37155
37254
37156
37255
37157
37256
37158
37257
37159
37258
37160
37259
37161
37260
37162
37261
37163
37262
37164
37263
37165
37264
37166
37265
37167
37266
37168
37267
37169
37268
37170
37269
37171
37270
37172
37271
37173
37272
37174
37273
37175
37274
37176
37275
37177
37276
37178
37277
37179
37278
37180
37279
37181
37280
37182
37281
37183
37282
37184
37283
37185
37284
37186
37285
37187
37286
37188
37287
37189
37288
37190
37289
37191
37290
37192
37291
37193
37292
37194
37293
37195
37294
37196
37295
37197
37296
37198
37297
37199
37298
37299
53220
37201
37300
37202
37301
37203
37302
37204
37303
37205
37304
37206
37305
37207
37306
37208
37307
37209
37308
37210
37309
37211
37310
37212
37311
37213
37312
37214
37313
37215
37314
37216
37315
37217
37316
37218
37317
37219
37318
37220
37319
37221
37320
37222
37321
37223
37322
37224
37323
37225
37324
37226
37325
37227
37326
37228
37327
37229
37328
37230
37329
37231
37330
37232
37331
37233
37332
37234
37333
37235
37334
37236
37335
37237
37336
37238
37337
37239
37338
37240
37339
37241
37340
37242
37341
37243
37342
37244
37343
37245
37344
37246
37345
37247
37346
37248
37347
37249
37348
37250
37349
37251
37350
37252
37351
37253
37352
37254
37353
37255
37354
37256
37355
37257
37356
37258
37357
37259
37358
37260
37359
37261
37360
37262
37361
37263
37362
37264
37363
37265
37364
37266
37365
37267
37366
37268
37367
37269
37368
37270
37369
37271
37370
37272
37371
37273
37372
37274
37373
37275
37374
37276
37375
37277
37376
37278
37377
37279
37378
37280
37379
37281
37380
37282
37381
37283
37382
37284
37383
37285
37384
37286
37385
37287
37386
37288
37387
37289
37388
37290
37389
37291
37390
37292
37391
37293
37392
37294
37393
37295
37394
37296
37395
37297
37396
37298
37397
37299
37398
37399
53440
37301
37400
37302
37401
37303
37402
37304
37403
37305
37404
37306
37405
37307
37406
37308
37407
37309
37408
37310
37409
37311
37410
37312
37411
37313
37412
37314
37413
37315
37414
37316
37415
37317
37416
37318
37417
37319
37418
37320
37419
37321
37420
37322
37421
37323
37422
37324
37423
37325
37424
37326
37425
37327
37426
37328
37427
37329
37428
37330
37429
37331
37430
37332
37431
37333
37432
37334
37433
37335
37434
37336
37435
37337
37436
37338
37437
37339
37438
37340
37439
37341
37440
37342
37441
37343
37442
37344
37443
37345
37444
37346
37445
37347
37446
37348
37447
37349
37448
37350
37449
37351
37450
37352
37451
37353
37452
37354
37453
37355
37454
37356
37455
37357
37456
37358
37457
37359
37458
37360
37459
37361
37460
37362
37461
37363
37462
37364
37463
37365
37464
37366
37465
37367
37466
37368
37467
37369
37468
37370
37469
37371
37470
37372
37471
37373
37472
37374
37473
37375
37474
37376
37475
37377
37476
37378
37477
37379
37478
37380
37479
37381
37480
37382
37481
37383
37482
37384
37483
37385
37484
37386
37485
37387
37486
37388
37487
37389
37488
37390
37489
37391
37490
37392
37491
37393
37492
37394
37493
37395
37494
37396
37495
37397
37496
37398
37497
37399
37498
37499
53660
37401
37500
37402
37501
37403
37502
37404
37503
37405
37504
37406
37505
37407
37506
37408
37507
37409
37508
37410
37509
37411
37510
37412
37511
37413
37512
37414
37513
37415
37514
37416
37515
37417
37516
37418
37517
37419
37518
37420
37519
37421
37520
37422
37521
37423
37522
37424
37523
37425
37524
37426
37525
37427
37526
37428
37527
37429
37528
37430
37529
37431
37530
37432
37531
37433
37532
37434
37533
37435
37534
37436
37535
37437
37536
37438
37537
37439
37538
37440
37539
37441
37540
37442
37541
37443
37542
37444
37543
37445
37544
37446
37545
37447
37546
37448
37547
37449
37548
37450
37549
37451
37550
37452
37551
37453
37552
37454
37553
37455
37554
37456
37555
37457
37556
37458
37557
37459
37558
37460
37559
37461
37560
37462
37561
37463
37562
37464
37563
37465
37564
37466
37565
37467
37566
37468
37567
37469
37568
37470
37569
37471
37570
37472
37571
37473
37572
37474
37573
37475
37574
37476
37575
37477
37576
37478
37577
37479
37578
37480
37579
37481
37580
37482
37581
37483
37582
37484
37583
37485
37584
37486
37585
37487
37586
37488
37587
37489
37588
37490
37589
37491
37590
37492
37591
37493
37592
37494
37593
37495
37594
37496
37595
37497
37596
37498
37597
37499
37598
37599
53880
37501
37600
37502
37601
37503
37602
37504
37603
37505
37604
37506
37605
37507
37606
37508
37607
37509
37608
37510
37609
37511
37610
37512
37611
37513
37612
37514
37613
37515
37614
37516
37615
37517
37616
37518
37617
37519
37618
37520
37619
37521
37620
37522
37621
37523
37622
37524
37623
37525
37624
37526
37625
37527
37626
37528
37627
37529
37628
37530
37629
37531
37630
37532
37631
37533
37632
37534
37633
37535
37634
37536
37635
37537
37636
37538
37637
37539
37638
37540
37639
37541
37640
37542
37641
37543
37642
37544
37643
37545
37644
37546
37645
37547
37646
37548
37647
37549
37648
37550
37649
37551
37650
37552
37651
37553
37652
37554
37653
37555
37654
37556
37655
37557
37656
37558
37657
37559
37658
37560
37659
37561
37660
37562
37661
37563
37662
37564
37663
37565
37664
37566
37665
37567
37666
37568
37667
37569
37668
37570
37669
37571
37670
37572
37671
37573
37672
37574
37673
37575
37674
37576
37675
37577
37676
37578
37677
37579
37678
37580
37679
37581
37680
37582
37681
37583
37682
37584
37683
37585
37684
37586
37685
37587
37686
37588
37687
37589
37688
37590
37689
37591
37690
37592
37691
37593
37692
37594
37693
37595
37694
37596
37695
37597
37696
37598
37697
37599
37698
37699
54100
37601
37700
37602
37701
37603
37702
37604
37703
37605
37704
37606
37705
37607
37706
37608
37707
37609
37708
37610
37709
37611
37710
37612
37711
37613
37712
37614
37713
37615
37714
37616
37715
37617
37716
37618
37717
37619
37718
37620
37719
37621
37720
37622
37721
37623
37722
37624
37723
37625
37724
37626
37725
37627
37726
37628
37727
37629
37728
37630
37729
37631
37730
37632
37731
37633
37732
37634
37733
37635
37734
37636
37735
37637
37736
37638
37737
37639
37738
37640
37739
37641
37740
37642
37741
37643
37742
37644
37743
37645
37744
37646
37745
37647
37746
37648
37747
37649
37748
37650
37749
37651
37750
37652
37751
37653
37752
37654
37753
37655
37754
37656
37755
37657
37756
37658
37757
37659
37758
37660
37759
37661
37760
37662
37761
37663
37762
37664
37763
37665
37764
37666
37765
37667
37766
37668
37767
37669
37768
37670
37769
37671
37770
37672
37771
37673
37772
37674
37773
37675
37774
37676
37775
37677
37776
37678
37777
37679
37778
37680
37779
37681
37780
37682
37781
37683
37782
37684
37783
37685
37784
37686
37785
37687
37786
37688
37787
37689
37788
37690
37789
37691
37790
37692
37791
37693
37792
37694
37793
37695
37794
37696
37795
37697
37796
37698
37797
37699
37798
37799
54320
37701
37800
37702
37801
37703
37802
37704
37803
37705
37804
37706
37805
37707
37806
37708
37807
37709
37808
37710
37809
37711
37810
37712
37811
37713
37812
37714
37813
37715
37814
37716
37815
37717
37816
37718
37817
37719
37818
37720
37819
37721
37820
37722
37821
37723
37822
37724
37823
37725
37824
37726
37825
37727
37826
37728
37827
37729
37828
37730
37829
37731
37830
37732
37831
37733
37832
37734
37833
37735
37834
37736
37835
37737
37836
37738
37837
37739
37838
37740
37839
37741
37840
37742
37841
37743
37842
37744
37843
37745
37844
37746
37845
37747
37846
37748
37847
37749
37848
37750
37849
37751
37850
37752
37851
37753
37852
37754
37853
37755
37854
37756
37855
37757
37856
37758
37857
37759
37858
37760
37859
37761
37860
37762
37861
37763
37862
37764
37863
37765
37864
37766
37865
37767
37866
37768
37867
37769
37868
37770
37869
37771
37870
37772
37871
37773
37872
37774
37873
37775
37874
37776
37875
37777
37876
37778
37877
37779
37878
37780
37879
37781
37880
37782
37881
37783
37882
37784
37883
37785
37884
37786
37885
37787
37886
37788
37887
37789
37888
37790
37889
37791
37890
37792
37891
37793
37892
37794
37893
37795
37894
37796
37895
37797
37896
37798
37897
37799
37898
37899
54540
37801
37900
37802
37901
37803
37902
37804
37903
37805
37904
37806
37905
37807
37906
37808
37907
37809
37908
37810
37909
37811
37910
37812
37911
37813
37912
37814
37913
37815
37914
37816
37915
37817
37916
37818
37917
37819
37918
37820
37919
37821
37920
37822
37921
37823
37922
37824
37923
37825
37924
37826
37925
37827
37926
37828
37927
37829
37928
37830
37929
37831
37930
37832
37931
37833
37932
37834
37933
37835
37934
37836
37935
37837
37936
37838
37937
37839
37938
37840
37939
37841
37940
37842
37941
37843
37942
37844
37943
37845
37944
37846
37945
37847
37946
37848
37947
37849
37948
37850
37949
37851
37950
37852
37951
37853
37952
37854
37953
37855
37954
37856
37955
37857
37956
37858
37957
37859
37958
37860
37959
37861
37960
37862
37961
37863
37962
37864
37963
37865
37964
37866
37965
37867
37966
37868
37967
37869
37968
37870
37969
37871
37970
37872
37971
37873
37972
37874
37973
37875
37974
37876
37975
37877
37976
37878
37977
37879
37978
37880
37979
37881
37980
37882
37981
37883
37982
37884
37983
37885
37984
37886
37985
37887
37986
37888
37987
37889
37988
37890
37989
37891
37990
37892
37991
37893
37992
37894
37993
37895
37994
37896
37995
37897
37996
37898
37997
37899
37998
37999
54760
37901
38000
37902
38001
37903
38002
37904
38003
37905
38004
37906
38005
37907
38006
37908
38007
37909
38008
37910
38009
37911
38010
37912
38011
37913
38012
37914
38013
37915
38014
37916
38015
37917
38016
37918
38017
37919
38018
37920
38019
37921
38020
37922
38021
37923
38022
37924
38023
37925
38024
37926
38025
37927
38026
37928
38027
37929
38028
37930
38029
37931
38030
37932
38031
37933
38032
37934
38033
37935
38034
37936
38035
37937
38036
37938
38037
37939
38038
37940
38039
37941
38040
37942
38041
37943
38042
37944
38043
37945
38044
37946
38045
37947
38046
37948
38047
37949
38048
37950
38049
37951
38050
37952
38051
37953
38052
37954
38053
37955
38054
37956
38055
37957
38056
37958
38057
37959
38058
37960
38059
37961
38060
37962
38061
37963
38062
37964
38063
37965
38064
37966
38065
37967
38066
37968
38067
37969
38068
37970
38069
37971
38070
37972
38071
37973
38072
37974
38073
37975
38074
37976
38075
37977
38076
37978
38077
37979
38078
37980
38079
37981
38080
37982
38081
37983
38082
37984
38083
37985
38084
37986
38085
37987
38086
37988
38087
37989
38088
37990
38089
37991
38090
37992
38091
37993
38092
37994
38093
37995
38094
37996
38095
37997
38096
37998
38097
37999
38098
38099
54980
38001
38100
38002
38101
38003
38102
38004
38103
38005
38104
38006
38105
38007
38106
38008
38107
38009
38108
38010
38109
38011
38110
38012
38111
38013
38112
38014
38113
38015
38114
38016
38115
38017
38116
38018
38117
38019
38118
38020
38119
38021
38120
38022
38121
38023
38122
38024
38123
38025
38124
38026
38125
38027
38126
38028
38127
38029
38128
38030
38129
38031
38130
38032
38131
38033
38132
38034
38133
38035
38134
38036
38135
38037
38136
38038
38137
38039
38138
38040
38139
38041
38140
38042
38141
38043
38142
38044
38143
38045
38144
38046
38145
38047
38146
38048
38147
38049
38148
38050
38149
38051
38150
38052
38151
38053
38152
38054
38153
38055
38154
38056
38155
38057
38156
38058
38157
38059
38158
38060
38159
38061
38160
38062
38161
38063
38162
38064
38163
38065
38164
38066
38165
38067
38166
38068
38167
38069
38168
38070
38169
38071
38170
38072
38171
38073
38172
38074
38173
38075
38174
38076
38175
38077
38176
38078
38177
38079
38178
38080
38179
38081
38180
38082
38181
38083
38182
38084
38183
38085
38184
38086
38185
38087
38186
38088
38187
38089
38188
38090
38189
38091
38190
38092
38191
38093
38192
38094
38193
38095
38194
38096
38195
38097
38196
38098
38197
38099
38198
38199
55200
38101
38200
38102
38201
38103
38202
38104
38203
38105
38204
38106
38205
38107
38206
38108
38207
38109
38208
38110
38209
38111
38210
38112
38211
38113
38212
38114
38213
38115
38214
38116
38215
38117
38216
38118
38217
38119
38218
38120
38219
38121
38220
38122
38221
38123
38222
38124
38223
38125
38224
38126
38225
38127
38226
38128
38227
38129
38228
38130
38229
38131
38230
38132
38231
38133
38232
38134
38233
38135
38234
38136
38235
38137
38236
38138
38237
38139
38238
38140
38239
38141
38240
38142
38241
38143
38242
38144
38243
38145
38244
38146
38245
38147
38246
38148
38247
38149
38248
38150
38249
38151
38250
38152
38251
38153
38252
38154
38253
38155
38254
38156
38255
38157
38256
38158
38257
38159
38258
38160
38259
38161
38260
38162
38261
38163
38262
38164
38263
38165
38264
38166
38265
38167
38266
38168
38267
38169
38268
38170
38269
38171
38270
38172
38271
38173
38272
38174
38273
38175
38274
38176
38275
38177
38276
38178
38277
38179
38278
38180
38279
38181
38280
38182
38281
38183
38282
38184
38283
38185
38284
38186
38285
38187
38286
38188
38287
38189
38288
38190
38289
38191
38290
38192
38291
38193
38292
38194
38293
38195
38294
38196
38295
38197
38296
38198
38297
38199
38298
38299
55420
38201
38300
38202
38301
38203
38302
38204
38303
38205
38304
38206
38305
38207
38306
38208
38307
38209
38308
38210
38309
38211
38310
38212
38311
38213
38312
38214
38313
38215
38314
38216
38315
38217
38316
38218
38317
38219
38318
38220
38319
38221
38320
38222
38321
38223
38322
38224
38323
38225
38324
38226
38325
38227
38326
38228
38327
38229
38328
38230
38329
38231
38330
38232
38331
38233
38332
38234
38333
38235
38334
38236
38335
38237
38336
38238
38337
38239
38338
38240
38339
38241
38340
38242
38341
38243
38342
38244
38343
38245
38344
38246
38345
38247
38346
38248
38347
38249
38348
38250
38349
38251
38350
38252
38351
38253
38352
38254
38353
38255
38354
38256
38355
38257
38356
38258
38357
38259
38358
38260
38359
38261
38360
38262
38361
38263
38362
38264
38363
38265
38364
38266
38365
38267
38366
38268
38367
38269
38368
38270
38369
38271
38370
38272
38371
38273
38372
38274
38373
38275
38374
38276
38375
38277
38376
38278
38377
38279
38378
38280
38379
38281
38380
38282
38381
38283
38382
38284
38383
38285
38384
38286
38385
38287
38386
38288
38387
38289
38388
38290
38389
38291
38390
38292
38391
38293
38392
38294
38393
38295
38394
38296
38395
38297
38396
38298
38397
38299
38398
38399
55640
38301
38400
38302
38401
38303
38402
38304
38403
38305
38404
38306
38405
38307
38406
38308
38407
38309
38408
38310
38409
38311
38410
38312
38411
38313
38412
38314
38413
38315
38414
38316
38415
38317
38416
38318
38417
38319
38418
38320
38419
38321
38420
38322
38421
38323
38422
38324
38423
38325
38424
38326
38425
38327
38426
38328
38427
38329
38428
38330
38429
38331
38430
38332
38431
38333
38432
38334
38433
38335
38434
38336
38435
38337
38436
38338
38437
38339
38438
38340
38439
38341
38440
38342
38441
38343
38442
38344
38443
38345
38444
38346
38445
38347
38446
38348
38447
38349
38448
38350
38449
38351
38450
38352
38451
38353
38452
38354
38453
38355
38454
38356
38455
38357
38456
38358
38457
38359
38458
38360
38459
38361
38460
38362
38461
38363
38462
38364
38463
38365
38464
38366
38465
38367
38466
38368
38467
38369
38468
38370
38469
38371
38470
38372
38471
38373
38472
38374
38473
38375
38474
38376
38475
38377
38476
38378
38477
38379
38478
38380
38479
38381
38480
38382
38481
38383
38482
38384
38483
38385
38484
38386
38485
38387
38486
38388
38487
38389
38488
38390
38489
38391
38490
38392
38491
38393
38492
38394
38493
38395
38494
38396
38495
38397
38496
38398
38497
38399
38498
38499
55860
38401
38500
38402
38501
38403
38502
38404
38503
38405
38504
38406
38505
38407
38506
38408
38507
38409
38508
38410
38509
38411
38510
38412
38511
38413
38512
38414
38513
38415
38514
38416
38515
38417
38516
38418
38517
38419
38518
38420
38519
38421
38520
38422
38521
38423
38522
38424
38523
38425
38524
38426
38525
38427
38526
38428
38527
38429
38528
38430
38529
38431
38530
38432
38531
38433
38532
38434
38533
38435
38534
38436
38535
38437
38536
38438
38537
38439
38538
38440
38539
38441
38540
38442
38541
38443
38542
38444
38543
38445
38544
38446
38545
38447
38546
38448
38547
38449
38548
38450
38549
38451
38550
38452
38551
38453
38552
38454
38553
38455
38554
38456
38555
38457
38556
38458
38557
38459
38558
38460
38559
38461
38560
38462
38561
38463
38562
38464
38563
38465
38564
38466
38565
38467
38566
38468
38567
38469
38568
38470
38569
38471
38570
38472
38571
38473
38572
38474
38573
38475
38574
38476
38575
38477
38576
38478
38577
38479
38578
38480
38579
38481
38580
38482
38581
38483
38582
38484
38583
38485
38584
38486
38585
38487
38586
38488
38587
38489
38588
38490
38589
38491
38590
38492
38591
38493
38592
38494
38593
38495
38594
38496
38595
38497
38596
38498
38597
38499
38598
38599
56080
38501
38600
38502
38601
38503
38602
38504
38603
38505
38604
38506
38605
38507
38606
38508
38607
38509
38608
38510
38609
38511
38610
38512
38611
38513
38612
38514
38613
38515
38614
38516
38615
38517
38616
38518
38617
38519
38618
38520
38619
38521
38620
38522
38621
38523
38622
38524
38623
38525
38624
38526
38625
38527
38626
38528
38627
38529
38628
38530
38629
38531
38630
38532
38631
38533
38632
38534
38633
38535
38634
38536
38635
38537
38636
38538
38637
38539
38638
38540
38639
38541
38640
38542
38641
38543
38642
38544
38643
38545
38644
38546
38645
38547
38646
38548
38647
38549
38648
38550
38649
38551
38650
38552
38651
38553
38652
38554
38653
38555
38654
38556
38655
38557
38656
38558
38657
38559
38658
38560
38659
38561
38660
38562
38661
38563
38662
38564
38663
38565
38664
38566
38665
38567
38666
38568
38667
38569
38668
38570
38669
38571
38670
38572
38671
38573
38672
38574
38673
38575
38674
38576
38675
38577
38676
38578
38677
38579
38678
38580
38679
38581
38680
38582
38681
38583
38682
38584
38683
38585
38684
38586
38685
38587
38686
38588
38687
38589
38688
38590
38689
38591
38690
38592
38691
38593
38692
38594
38693
38595
38694
38596
38695
38597
38696
38598
38697
38599
38698
38699
56300
38601
38700
38602
38701
38603
38702
38604
38703
38605
38704
38606
38705
38607
38706
38608
38707
38609
38708
38610
38709
38611
38710
38612
38711
38613
38712
38614
38713
38615
38714
38616
38715
38617
38716
38618
38717
38619
38718
38620
38719
38621
38720
38622
38721
38623
38722
38624
38723
38625
38724
38626
38725
38627
38726
38628
38727
38629
38728
38630
38729
38631
38730
38632
38731
38633
38732
38634
38733
38635
38734
38636
38735
38637
38736
38638
38737
38639
38738
38640
38739
38641
38740
38642
38741
38643
38742
38644
38743
38645
38744
38646
38745
38647
38746
38648
38747
38649
38748
38650
38749
38651
38750
38652
38751
38653
38752
38654
38753
38655
38754
38656
38755
38657
38756
38658
38757
38659
38758
38660
38759
38661
38760
38662
38761
38663
38762
38664
38763
38665
38764
38666
38765
38667
38766
38668
38767
38669
38768
38670
38769
38671
38770
38672
38771
38673
38772
38674
38773
38675
38774
38676
38775
38677
38776
38678
38777
38679
38778
38680
38779
38681
38780
38682
38781
38683
38782
38684
38783
38685
38784
38686
38785
38687
38786
38688
38787
38689
38788
38690
38789
38691
38790
38692
38791
38693
38792
38694
38793
38695
38794
38696
38795
38697
38796
38698
38797
38699
38798
38799
56520
38701
38800
38702
38801
38703
38802
38704
38803
38705
38804
38706
38805
38707
38806
38708
38807
38709
38808
38710
38809
38711
38810
38712
38811
38713
38812
38714
38813
38715
38814
38716
38815
38717
38816
38718
38817
38719
38818
38720
38819
38721
38820
38722
38821
38723
38822
38724
38823
38725
38824
38726
38825
38727
38826
38728
38827
38729
38828
38730
38829
38731
38830
38732
38831
38733
38832
38734
38833
38735
38834
38736
38835
38737
38836
38738
38837
38739
38838
38740
38839
38741
38840
38742
38841
38743
38842
38744
38843
38745
38844
38746
38845
38747
38846
38748
38847
38749
38848
38750
38849
38751
38850
38752
38851
38753
38852
38754
38853
38755
38854
38756
38855
38757
38856
38758
38857
38759
38858
38760
38859
38761
38860
38762
38861
38763
38862
38764
38863
38765
38864
38766
38865
38767
38866
38768
38867
38769
38868
38770
38869
38771
38870
38772
38871
38773
38872
38774
38873
38775
38874
38776
38875
38777
38876
38778
38877
38779
38878
38780
38879
38781
38880
38782
38881
38783
38882
38784
38883
38785
38884
38786
38885
38787
38886
38788
38887
38789
38888
38790
38889
38791
38890
38792
38891
38793
38892
38794
38893
38795
38894
38796
38895
38797
38896
38798
38897
38799
38898
38899
56740
38801
38900
38802
38901
38803
38902
38804
38903
38805
38904
38806
38905
38807
38906
38808
38907
38809
38908
38810
38909
38811
38910
38812
38911
38813
38912
38814
38913
38815
38914
38816
38915
38817
38916
38818
38917
38819
38918
38820
38919
38821
38920
38822
38921
38823
38922
38824
38923
38825
38924
38826
38925
38827
38926
38828
38927
38829
38928
38830
38929
38831
38930
38832
38931
38833
38932
38834
38933
38835
38934
38836
38935
38837
38936
38838
38937
38839
38938
38840
38939
38841
38940
38842
38941
38843
38942
38844
38943
38845
38944
38846
38945
38847
38946
38848
38947
38849
38948
38850
38949
38851
38950
38852
38951
38853
38952
38854
38953
38855
38954
38856
38955
38857
38956
38858
38957
38859
38958
38860
38959
38861
38960
38862
38961
38863
38962
38864
38963
38865
38964
38866
38965
38867
38966
38868
38967
38869
38968
38870
38969
38871
38970
38872
38971
38873
38972
38874
38973
38875
38974
38876
38975
38877
38976
38878
38977
38879
38978
38880
38979
38881
38980
38882
38981
38883
38982
38884
38983
38885
38984
38886
38985
38887
38986
38888
38987
38889
38988
38890
38989
38891
38990
38892
38991
38893
38992
38894
38993
38895
38994
38896
38995
38897
38996
38898
38997
38899
38998
38999
56960
38901
39000
38902
39001
38903
39002
38904
39003
38905
39004
38906
39005
38907
39006
38908
39007
38909
39008
38910
39009
38911
39010
38912
39011
38913
39012
38914
39013
38915
39014
38916
39015
38917
39016
38918
39017
38919
39018
38920
39019
38921
39020
38922
39021
38923
39022
38924
39023
38925
39024
38926
39025
38927
39026
38928
39027
38929
39028
38930
39029
38931
39030
38932
39031
38933
39032
38934
39033
38935
39034
38936
39035
38937
39036
38938
39037
38939
39038
38940
39039
38941
39040
38942
39041
38943
39042
38944
39043
38945
39044
38946
39045
38947
39046
38948
39047
38949
39048
38950
39049
38951
39050
38952
39051
38953
39052
38954
39053
38955
39054
38956
39055
38957
39056
38958
39057
38959
39058
38960
39059
38961
39060
38962
39061
38963
39062
38964
39063
38965
39064
38966
39065
38967
39066
38968
39067
38969
39068
38970
39069
38971
39070
38972
39071
38973
39072
38974
39073
38975
39074
38976
39075
38977
39076
38978
39077
38979
39078
38980
39079
38981
39080
38982
39081
38983
39082
38984
39083
38985
39084
38986
39085
38987
39086
38988
39087
38989
39088
38990
39089
38991
39090
38992
39091
38993
39092
38994
39093
38995
39094
38996
39095
38997
39096
38998
39097
38999
39098
39099
57180
39001
39100
39002
39101
39003
39102
39004
39103
39005
39104
39006
39105
39007
39106
39008
39107
39009
39108
39010
39109
39011
39110
39012
39111
39013
39112
39014
39113
39015
39114
39016
39115
39017
39116
39018
39117
39019
39118
39020
39119
39021
39120
39022
39121
39023
39122
39024
39123
39025
39124
39026
39125
39027
39126
39028
39127
39029
39128
39030
39129
39031
39130
39032
39131
39033
39132
39034
39133
39035
39134
39036
39135
39037
39136
39038
39137
39039
39138
39040
39139
39041
39140
39042
39141
39043
39142
39044
39143
39045
39144
39046
39145
39047
39146
39048
39147
39049
39148
39050
39149
39051
39150
39052
39151
39053
39152
39054
39153
39055
39154
39056
39155
39057
39156
39058
39157
39059
39158
39060
39159
39061
39160
39062
39161
39063
39162
39064
39163
39065
39164
39066
39165
39067
39166
39068
39167
39069
39168
39070
39169
39071
39170
39072
39171
39073
39172
39074
39173
39075
39174
39076
39175
39077
39176
39078
39177
39079
39178
39080
39179
39081
39180
39082
39181
39083
39182
39084
39183
39085
39184
39086
39185
39087
39186
39088
39187
39089
39188
39090
39189
39091
39190
39092
39191
39093
39192
39094
39193
39095
39194
39096
39195
39097
39196
39098
39197
39099
39198
39199
57400
39101
39200
39102
39201
39103
39202
39104
39203
39105
39204
39106
39205
39107
39206
39108
39207
39109
39208
39110
39209
39111
39210
39112
39211
39113
39212
39114
39213
39115
39214
39116
39215
39117
39216
39118
39217
39119
39218
39120
39219
39121
39220
39122
39221
39123
39222
39124
39223
39125
39224
39126
39225
39127
39226
39128
39227
39129
39228
39130
39229
39131
39230
39132
39231
39133
39232
39134
39233
39135
39234
39136
39235
39137
39236
39138
39237
39139
39238
39140
39239
39141
39240
39142
39241
39143
39242
39144
39243
39145
39244
39146
39245
39147
39246
39148
39247
39149
39248
39150
39249
39151
39250
39152
39251
39153
39252
39154
39253
39155
39254
39156
39255
39157
39256
39158
39257
39159
39258
39160
39259
39161
39260
39162
39261
39163
39262
39164
39263
39165
39264
39166
39265
39167
39266
39168
39267
39169
39268
39170
39269
39171
39270
39172
39271
39173
39272
39174
39273
39175
39274
39176
39275
39177
39276
39178
39277
39179
39278
39180
39279
39181
39280
39182
39281
39183
39282
39184
39283
39185
39284
39186
39285
39187
39286
39188
39287
39189
39288
39190
39289
39191
39290
39192
39291
39193
39292
39194
39293
39195
39294
39196
39295
39197
39296
39198
39297
39199
39298
39299
57620
39201
39300
39202
39301
39203
39302
39204
39303
39205
39304
39206
39305
39207
39306
39208
39307
39209
39308
39210
39309
39211
39310
39212
39311
39213
39312
39214
39313
39215
39314
39216
39315
39217
39316
39218
39317
39219
39318
39220
39319
39221
39320
39222
39321
39223
39322
39224
39323
39225
39324
39226
39325
39227
39326
39228
39327
39229
39328
39230
39329
39231
39330
39232
39331
39233
39332
39234
39333
39235
39334
39236
39335
39237
39336
39238
39337
39239
39338
39240
39339
39241
39340
39242
39341
39243
39342
39244
39343
39245
39344
39246
39345
39247
39346
39248
39347
39249
39348
39250
39349
39251
39350
39252
39351
39253
39352
39254
39353
39255
39354
39256
39355
39257
39356
39258
39357
39259
39358
39260
39359
39261
39360
39262
39361
39263
39362
39264
39363
39265
39364
39266
39365
39267
39366
39268
39367
39269
39368
39270
39369
39271
39370
39272
39371
39273
39372
39274
39373
39275
39374
39276
39375
39277
39376
39278
39377
39279
39378
39280
39379
39281
39380
39282
39381
39283
39382
39284
39383
39285
39384
39286
39385
39287
39386
39288
39387
39289
39388
39290
39389
39291
39390
39292
39391
39293
39392
39294
39393
39295
39394
39296
39395
39297
39396
39298
39397
39299
39398
39399
57840
39301
39400
39302
39401
39303
39402
39304
39403
39305
39404
39306
39405
39307
39406
39308
39407
39309
39408
39310
39409
39311
39410
39312
39411
39313
39412
39314
39413
39315
39414
39316
39415
39317
39416
39318
39417
39319
39418
39320
39419
39321
39420
39322
39421
39323
39422
39324
39423
39325
39424
39326
39425
39327
39426
39328
39427
39329
39428
39330
39429
39331
39430
39332
39431
39333
39432
39334
39433
39335
39434
39336
39435
39337
39436
39338
39437
39339
39438
39340
39439
39341
39440
39342
39441
39343
39442
39344
39443
39345
39444
39346
39445
39347
39446
39348
39447
39349
39448
39350
39449
39351
39450
39352
39451
39353
39452
39354
39453
39355
39454
39356
39455
39357
39456
39358
39457
39359
39458
39360
39459
39361
39460
39362
39461
39363
39462
39364
39463
39365
39464
39366
39465
39367
39466
39368
39467
39369
39468
39370
39469
39371
39470
39372
39471
39373
39472
39374
39473
39375
39474
39376
39475
39377
39476
39378
39477
39379
39478
39380
39479
39381
39480
39382
39481
39383
39482
39384
39483
39385
39484
39386
39485
39387
39486
39388
39487
39389
39488
39390
39489
39391
39490
39392
39491
39393
39492
39394
39493
39395
39494
39396
39495
39397
39496
39398
39497
39399
39498
39499
58060
39401
39500
39402
39501
39403
39502
39404
39503
39405
39504
39406
39505
39407
39506
39408
39507
39409
39508
39410
39509
39411
39510
39412
39511
39413
39512
39414
39513
39415
39514
39416
39515
39417
39516
39418
39517
39419
39518
39420
39519
39421
39520
39422
39521
39423
39522
39424
39523
39425
39524
39426
39525
39427
39526
39428
39527
39429
39528
39430
39529
39431
39530
39432
39531
39433
39532
39434
39533
39435
39534
39436
39535
39437
39536
39438
39537
39439
39538
39440
39539
39441
39540
39442
39541
39443
39542
39444
39543
39445
39544
39446
39545
39447
39546
39448
39547
39449
39548
39450
39549
39451
39550
39452
39551
39453
39552
39454
39553
39455
39554
39456
39555
39457
39556
39458
39557
39459
39558
39460
39559
39461
39560
39462
39561
39463
39562
39464
39563
39465
39564
39466
39565
39467
39566
39468
39567
39469
39568
39470
39569
39471
39570
39472
39571
39473
39572
39474
39573
39475
39574
39476
39575
39477
39576
39478
39577
39479
39578
39480
39579
39481
39580
39482
39581
39483
39582
39484
39583
39485
39584
39486
39585
39487
39586
39488
39587
39489
39588
39490
39589
39491
39590
39492
39591
39493
39592
39494
39593
39495
39594
39496
39595
39497
39596
39498
39597
39499
39598
39599
58280
39501
39600
39502
39601
39503
39602
39504
39603
39505
39604
39506
39605
39507
39606
39508
39607
39509
39608
39510
39609
39511
39610
39512
39611
39513
39612
39514
39613
39515
39614
39516
39615
39517
39616
39518
39617
39519
39618
39520
39619
39521
39620
39522
39621
39523
39622
39524
39623
39525
39624
39526
39625
39527
39626
39528
39627
39529
39628
39530
39629
39531
39630
39532
39631
39533
39632
39534
39633
39535
39634
39536
39635
39537
39636
39538
39637
39539
39638
39540
39639
39541
39640
39542
39641
39543
39642
39544
39643
39545
39644
39546
39645
39547
39646
39548
39647
39549
39648
39550
39649
39551
39650
39552
39651
39553
39652
39554
39653
39555
39654
39556
39655
39557
39656
39558
39657
39559
39658
39560
39659
39561
39660
39562
39661
39563
39662
39564
39663
39565
39664
39566
39665
39567
39666
39568
39667
39569
39668
39570
39669
39571
39670
39572
39671
39573
39672
39574
39673
39575
39674
39576
39675
39577
39676
39578
39677
39579
39678
39580
39679
39581
39680
39582
39681
39583
39682
39584
39683
39585
39684
39586
39685
39587
39686
39588
39687
39589
39688
39590
39689
39591
39690
39592
39691
39593
39692
39594
39693
39595
39694
39596
39695
39597
39696
39598
39697
39599
39698
39699
58500
39601
39700
39602
39701
39603
39702
39604
39703
39605
39704
39606
39705
39607
39706
39608
39707
39609
39708
39610
39709
39611
39710
39612
39711
39613
39712
39614
39713
39615
39714
39616
39715
39617
39716
39618
39717
39619
39718
39620
39719
39621
39720
39622
39721
39623
39722
39624
39723
39625
39724
39626
39725
39627
39726
39628
39727
39629
39728
39630
39729
39631
39730
39632
39731
39633
39732
39634
39733
39635
39734
39636
39735
39637
39736
39638
39737
39639
39738
39640
39739
39641
39740
39642
39741
39643
39742
39644
39743
39645
39744
39646
39745
39647
39746
39648
39747
39649
39748
39650
39749
39651
39750
39652
39751
39653
39752
39654
39753
39655
39754
39656
39755
39657
39756
39658
39757
39659
39758
39660
39759
39661
39760
39662
39761
39663
39762
39664
39763
39665
39764
39666
39765
39667
39766
39668
39767
39669
39768
39670
39769
39671
39770
39672
39771
39673
39772
39674
39773
39675
39774
39676
39775
39677
39776
39678
39777
39679
39778
39680
39779
39681
39780
39682
39781
39683
39782
39684
39783
39685
39784
39686
39785
39687
39786
39688
39787
39689
39788
39690
39789
39691
39790
39692
39791
39693
39792
39694
39793
39695
39794
39696
39795
39697
39796
39698
39797
39699
39798
39799
58720
39701
39800
39702
39801
39703
39802
39704
39803
39705
39804
39706
39805
39707
39806
39708
39807
39709
39808
39710
39809
39711
39810
39712
39811
39713
39812
39714
39813
39715
39814
39716
39815
39717
39816
39718
39817
39719
39818
39720
39819
39721
39820
39722
39821
39723
39822
39724
39823
39725
39824
39726
39825
39727
39826
39728
39827
39729
39828
39730
39829
39731
39830
39732
39831
39733
39832
39734
39833
39735
39834
39736
39835
39737
39836
39738
39837
39739
39838
39740
39839
39741
39840
39742
39841
39743
39842
39744
39843
39745
39844
39746
39845
39747
39846
39748
39847
39749
39848
39750
39849
39751
39850
39752
39851
39753
39852
39754
39853
39755
39854
39756
39855
39757
39856
39758
39857
39759
39858
39760
39859
39761
39860
39762
39861
39763
39862
39764
39863
39765
39864
39766
39865
39767
39866
39768
39867
39769
39868
39770
39869
39771
39870
39772
39871
39773
39872
39774
39873
39775
39874
39776
39875
39777
39876
39778
39877
39779
39878
39780
39879
39781
39880
39782
39881
39783
39882
39784
39883
39785
39884
39786
39885
39787
39886
39788
39887
39789
39888
39790
39889
39791
39890
39792
39891
39793
39892
39794
39893
39795
39894
39796
39895
39797
39896
39798
39897
39799
39898
39899
58940
39801
39900
39802
39901
39803
39902
39804
39903
39805
39904
39806
39905
39807
39906
39808
39907
39809
39908
39810
39909
39811
39910
39812
39911
39813
39912
39814
39913
39815
39914
39816
39915
39817
39916
39818
39917
39819
39918
39820
39919
39821
39920
39822
39921
39823
39922
39824
39923
39825
39924
39826
39925
39827
39926
39828
39927
39829
39928
39830
39929
39831
39930
39832
39931
39833
39932
39834
39933
39835
39934
39836
39935
39837
39936
39838
39937
39839
39938
39840
39939
39841
39940
39842
39941
39843
39942
39844
39943
39845
39944
39846
39945
39847
39946
39848
39947
39849
39948
39850
39949
39851
39950
39852
39951
39853
39952
39854
39953
39855
39954
39856
39955
39857
39956
39858
39957
39859
39958
39860
39959
39861
39960
39862
39961
39863
39962
39864
39963
39865
39964
39866
39965
39867
39966
39868
39967
39869
39968
39870
39969
39871
39970
39872
39971
39873
39972
39874
39973
39875
39974
39876
39975
39877
39976
39878
39977
39879
39978
39880
39979
39881
39980
39882
39981
39883
39982
39884
39983
39885
39984
39886
39985
39887
39986
39888
39987
39889
39988
39890
39989
39891
39990
39892
39991
39893
39992
39894
39993
39895
39994
39896
39995
39897
39996
39898
39997
39899
39998
39999
59160
39901
40000
39902
40001
39903
40002
39904
40003
39905
40004
39906
40005
39907
40006
39908
40007
39909
40008
39910
40009
39911
40010
39912
40011
39913
40012
39914
40013
39915
40014
39916
40015
39917
40016
39918
40017
39919
40018
39920
40019
39921
40020
39922
40021
39923
40022
39924
40023
39925
40024
39926
40025
39927
40026
39928
40027
39929
40028
39930
40029
39931
40030
39932
40031
39933
40032
39934
40033
39935
40034
39936
40035
39937
40036
39938
40037
39939
40038
39940
40039
39941
40040
39942
40041
39943
40042
39944
40043
39945
40044
39946
40045
39947
40046
39948
40047
39949
40048
39950
40049
39951
40050
39952
40051
39953
40052
39954
40053
39955
40054
39956
40055
39957
40056
39958
40057
39959
40058
39960
40059
39961
40060
39962
40061
39963
40062
39964
40063
39965
40064
39966
40065
39967
40066
39968
40067
39969
40068
39970
40069
39971
40070
39972
40071
39973
40072
39974
40073
39975
40074
39976
40075
39977
40076
39978
40077
39979
40078
39980
40079
39981
40080
39982
40081
39983
40082
39984
40083
39985
40084
39986
40085
39987
40086
39988
40087
39989
40088
39990
40089
39991
40090
39992
40091
39993
40092
39994
40093
39995
40094
39996
40095
39997
40096
39998
40097
39999
40098
40099
59380
40001
40100
40002
40101
40003
40102
40004
40103
40005
40104
40006
40105
40007
40106
40008
40107
40009
40108
40010
40109
40011
40110
40012
40111
40013
40112
40014
40113
40015
40114
40016
40115
40017
40116
40018
40117
40019
40118
40020
40119
40021
40120
40022
40121
40023
40122
40024
40123
40025
40124
40026
40125
40027
40126
40028
40127
40029
40128
40030
40129
40031
40130
40032
40131
40033
40132
40034
40133
40035
40134
40036
40135
40037
40136
40038
40137
40039
40138
40040
40139
40041
40140
40042
40141
40043
40142
40044
40143
40045
40144
40046
40145
40047
40146
40048
40147
40049
40148
40050
40149
40051
40150
40052
40151
40053
40152
40054
40153
40055
40154
40056
40155
40057
40156
40058
40157
40059
40158
40060
40159
40061
40160
40062
40161
40063
40162
40064
40163
40065
40164
40066
40165
40067
40166
40068
40167
40069
40168
40070
40169
40071
40170
40072
40171
40073
40172
40074
40173
40075
40174
40076
40175
40077
40176
40078
40177
40079
40178
40080
40179
40081
40180
40082
40181
40083
40182
40084
40183
40085
40184
40086
40185
40087
40186
40088
40187
40089
40188
40090
40189
40091
40190
40092
40191
40093
40192
40094
40193
40095
40194
40096
40195
40097
40196
40098
40197
40099
40198
40199
59600
40101
40200
40102
40201
40103
40202
40104
40203
40105
40204
40106
40205
40107
40206
40108
40207
40109
40208
40110
40209
40111
40210
40112
40211
40113
40212
40114
40213
40115
40214
40116
40215
40117
40216
40118
40217
40119
40218
40120
40219
40121
40220
40122
40221
40123
40222
40124
40223
40125
40224
40126
40225
40127
40226
40128
40227
40129
40228
40130
40229
40131
40230
40132
40231
40133
40232
40134
40233
40135
40234
40136
40235
40137
40236
40138
40237
40139
40238
40140
40239
40141
40240
40142
40241
40143
40242
40144
40243
40145
40244
40146
40245
40147
40246
40148
40247
40149
40248
40150
40249
40151
40250
40152
40251
40153
40252
40154
40253
40155
40254
40156
40255
40157
40256
40158
40257
40159
40258
40160
40259
40161
40260
40162
40261
40163
40262
40164
40263
40165
40264
40166
40265
40167
40266
40168
40267
40169
40268
40170
40269
40171
40270
40172
40271
40173
40272
40174
40273
40175
40274
40176
40275
40177
40276
40178
40277
40179
40278
40180
40279
40181
40280
40182
40281
40183
40282
40184
40283
40185
40284
40186
40285
40187
40286
40188
40287
40189
40288
40190
40289
40191
40290
40192
40291
40193
40292
40194
40293
40195
40294
40196
40295
40197
40296
40198
40297
40199
40298
40299
59820
40201
40300
40202
40301
40203
40302
40204
40303
40205
40304
40206
40305
40207
40306
40208
40307
40209
40308
40210
40309
40211
40310
40212
40311
40213
40312
40214
40313
40215
40314
40216
40315
40217
40316
40218
40317
40219
40318
40220
40319
40221
40320
40222
40321
40223
40322
40224
40323
40225
40324
40226
40325
40227
40326
40228
40327
40229
40328
40230
40329
40231
40330
40232
40331
40233
40332
40234
40333
40235
40334
40236
40335
40237
40336
40238
40337
40239
40338
40240
40339
40241
40340
40242
40341
40243
40342
40244
40343
40245
40344
40246
40345
40247
40346
40248
40347
40249
40348
40250
40349
40251
40350
40252
40351
40253
40352
40254
40353
40255
40354
40256
40355
40257
40356
40258
40357
40259
40358
40260
40359
40261
40360
40262
40361
40263
40362
40264
40363
40265
40364
40266
40365
40267
40366
40268
40367
40269
40368
40270
40369
40271
40370
40272
40371
40273
40372
40274
40373
40275
40374
40276
40375
40277
40376
40278
40377
40279
40378
40280
40379
40281
40380
40282
40381
40283
40382
40284
40383
40285
40384
40286
40385
40287
40386
40288
40387
40289
40388
40290
40389
40291
40390
40292
40391
40293
40392
40294
40393
40295
40394
40296
40395
40297
40396
40298
40397
40299
40398
40399
60040
40301
40400
40302
40401
40303
40402
40304
40403
40305
40404
40306
40405
40307
40406
40308
40407
40309
40408
40310
40409
40311
40410
40312
40411
40313
40412
40314
40413
40315
40414
40316
40415
40317
40416
40318
40417
40319
40418
40320
40419
40321
40420
40322
40421
40323
40422
40324
40423
40325
40424
40326
40425
40327
40426
40328
40427
40329
40428
40330
40429
40331
40430
40332
40431
40333
40432
40334
40433
40335
40434
40336
40435
40337
40436
40338
40437
40339
40438
40340
40439
40341
40440
40342
40441
40343
40442
40344
40443
40345
40444
40346
40445
40347
40446
40348
40447
40349
40448
40350
40449
40351
40450
40352
40451
40353
40452
40354
40453
40355
40454
40356
40455
40357
40456
40358
40457
40359
40458
40360
40459
40361
40460
40362
40461
40363
40462
40364
40463
40365
40464
40366
40465
40367
40466
40368
40467
40369
40468
40370
40469
40371
40470
40372
40471
40373
40472
40374
40473
40375
40474
40376
40475
40377
40476
40378
40477
40379
40478
40380
40479
40381
40480
40382
40481
40383
40482
40384
40483
40385
40484
40386
40485
40387
40486
40388
40487
40389
40488
40390
40489
40391
40490
40392
40491
40393
40492
40394
40493
40395
40494
40396
40495
40397
40496
40398
40497
40399
40498
40499
60260
40401
40500
40402
40501
40403
40502
40404
40503
40405
40504
40406
40505
40407
40506
40408
40507
40409
40508
40410
40509
40411
40510
40412
40511
40413
40512
40414
40513
40415
40514
40416
40515
40417
40516
40418
40517
40419
40518
40420
40519
40421
40520
40422
40521
40423
40522
40424
40523
40425
40524
40426
40525
40427
40526
40428
40527
40429
40528
40430
40529
40431
40530
40432
40531
40433
40532
40434
40533
40435
40534
40436
40535
40437
40536
40438
40537
40439
40538
40440
40539
40441
40540
40442
40541
40443
40542
40444
40543
40445
40544
40446
40545
40447
40546
40448
40547
40449
40548
40450
40549
40451
40550
40452
40551
40453
40552
40454
40553
40455
40554
40456
40555
40457
40556
40458
40557
40459
40558
40460
40559
40461
40560
40462
40561
40463
40562
40464
40563
40465
40564
40466
40565
40467
40566
40468
40567
40469
40568
40470
40569
40471
40570
40472
40571
40473
40572
40474
40573
40475
40574
40476
40575
40477
40576
40478
40577
40479
40578
40480
40579
40481
40580
40482
40581
40483
40582
40484
40583
40485
40584
40486
40585
40487
40586
40488
40587
40489
40588
40490
40589
40491
40590
40492
40591
40493
40592
40494
40593
40495
40594
40496
40595
40497
40596
40498
40597
40499
40598
40599
60480
40501
40600
40502
40601
40503
40602
40504
40603
40505
40604
40506
40605
40507
40606
40508
40607
40509
40608
40510
40609
40511
40610
40512
40611
40513
40612
40514
40613
40515
40614
40516
40615
40517
40616
40518
40617
40519
40618
40520
40619
40521
40620
40522
40621
40523
40622
40524
40623
40525
40624
40526
40625
40527
40626
40528
40627
40529
40628
40530
40629
40531
40630
40532
40631
40533
40632
40534
40633
40535
40634
40536
40635
40537
40636
40538
40637
40539
40638
40540
40639
40541
40640
40542
40641
40543
40642
40544
40643
40545
40644
40546
40645
40547
40646
40548
40647
40549
40648
40550
40649
40551
40650
40552
40651
40553
40652
40554
40653
40555
40654
40556
40655
40557
40656
40558
40657
40559
40658
40560
40659
40561
40660
40562
40661
40563
40662
40564
40663
40565
40664
40566
40665
40567
40666
40568
40667
40569
40668
40570
40669
40571
40670
40572
40671
40573
40672
40574
40673
40575
40674
40576
40675
40577
40676
40578
40677
40579
40678
40580
40679
40581
40680
40582
40681
40583
40682
40584
40683
40585
40684
40586
40685
40587
40686
40588
40687
40589
40688
40590
40689
40591
40690
40592
40691
40593
40692
40594
40693
40595
40694
40596
40695
40597
40696
40598
40697
40599
40698
40699
60700
40601
40700
40602
40701
40603
40702
40604
40703
40605
40704
40606
40705
40607
40706
40608
40707
40609
40708
40610
40709
40611
40710
40612
40711
40613
40712
40614
40713
40615
40714
40616
40715
40617
40716
40618
40717
40619
40718
40620
40719
40621
40720
40622
40721
40623
40722
40624
40723
40625
40724
40626
40725
40627
40726
40628
40727
40629
40728
40630
40729
40631
40730
40632
40731
40633
40732
40634
40733
40635
40734
40636
40735
40637
40736
40638
40737
40639
40738
40640
40739
40641
40740
40642
40741
40643
40742
40644
40743
40645
40744
40646
40745
40647
40746
40648
40747
40649
40748
40650
40749
40651
40750
40652
40751
40653
40752
40654
40753
40655
40754
40656
40755
40657
40756
40658
40757
40659
40758
40660
40759
40661
40760
40662
40761
40663
40762
40664
40763
40665
40764
40666
40765
40667
40766
40668
40767
40669
40768
40670
40769
40671
40770
40672
40771
40673
40772
40674
40773
40675
40774
40676
40775
40677
40776
40678
40777
40679
40778
40680
40779
40681
40780
40682
40781
40683
40782
40684
40783
40685
40784
40686
40785
40687
40786
40688
40787
40689
40788
40690
40789
40691
40790
40692
40791
40693
40792
40694
40793
40695
40794
40696
40795
40697
40796
40698
40797
40699
40798
40799
60920
40701
40800
40702
40801
40703
40802
40704
40803
40705
40804
40706
40805
40707
40806
40708
40807
40709
40808
40710
40809
40711
40810
40712
40811
40713
40812
40714
40813
40715
40814
40716
40815
40717
40816
40718
40817
40719
40818
40720
40819
40721
40820
40722
40821
40723
40822
40724
40823
40725
40824
40726
40825
40727
40826
40728
40827
40729
40828
40730
40829
40731
40830
40732
40831
40733
40832
40734
40833
40735
40834
40736
40835
40737
40836
40738
40837
40739
40838
40740
40839
40741
40840
40742
40841
40743
40842
40744
40843
40745
40844
40746
40845
40747
40846
40748
40847
40749
40848
40750
40849
40751
40850
40752
40851
40753
40852
40754
40853
40755
40854
40756
40855
40757
40856
40758
40857
40759
40858
40760
40859
40761
40860
40762
40861
40763
40862
40764
40863
40765
40864
40766
40865
40767
40866
40768
40867
40769
40868
40770
40869
40771
40870
40772
40871
40773
40872
40774
40873
40775
40874
40776
40875
40777
40876
40778
40877
40779
40878
40780
40879
40781
40880
40782
40881
40783
40882
40784
40883
40785
40884
40786
40885
40787
40886
40788
40887
40789
40888
40790
40889
40791
40890
40792
40891
40793
40892
40794
40893
40795
40894
40796
40895
40797
40896
40798
40897
40799
40898
40899
61140
40801
40900
40802
40901
40803
40902
40804
40903
40805
40904
40806
40905
40807
40906
40808
40907
40809
40908
40810
40909
40811
40910
40812
40911
40813
40912
40814
40913
40815
40914
40816
40915
40817
40916
40818
40917
40819
40918
40820
40919
40821
40920
40822
40921
40823
40922
40824
40923
40825
40924
40826
40925
40827
40926
40828
40927
40829
40928
40830
40929
40831
40930
40832
40931
40833
40932
40834
40933
40835
40934
40836
40935
40837
40936
40838
40937
40839
40938
40840
40939
40841
40940
40842
40941
40843
40942
40844
40943
40845
40944
40846
40945
40847
40946
40848
40947
40849
40948
40850
40949
40851
40950
40852
40951
40853
40952
40854
40953
40855
40954
40856
40955
40857
40956
40858
40957
40859
40958
40860
40959
40861
40960
40862
40961
40863
40962
40864
40963
40865
40964
40866
40965
40867
40966
40868
40967
40869
40968
40870
40969
40871
40970
40872
40971
40873
40972
40874
40973
40875
40974
40876
40975
40877
40976
40878
40977
40879
40978
40880
40979
40881
40980
40882
40981
40883
40982
40884
40983
40885
40984
40886
40985
40887
40986
40888
40987
40889
40988
40890
40989
40891
40990
40892
40991
40893
40992
40894
40993
40895
40994
40896
40995
40897
40996
40898
40997
40899
40998
40999
61360
40901
41000
40902
41001
40903
41002
40904
41003
40905
41004
40906
41005
40907
41006
40908
41007
40909
41008
40910
41009
40911
41010
40912
41011
40913
41012
40914
41013
40915
41014
40916
41015
40917
41016
40918
41017
40919
41018
40920
41019
40921
41020
40922
41021
40923
41022
40924
41023
40925
41024
40926
41025
40927
41026
40928
41027
40929
41028
40930
41029
40931
41030
40932
41031
40933
41032
40934
41033
40935
41034
40936
41035
40937
41036
40938
41037
40939
41038
40940
41039
40941
41040
40942
41041
40943
41042
40944
41043
40945
41044
40946
41045
40947
41046
40948
41047
40949
41048
40950
41049
40951
41050
40952
41051
40953
41052
40954
41053
40955
41054
40956
41055
40957
41056
40958
41057
40959
41058
40960
41059
40961
41060
40962
41061
40963
41062
40964
41063
40965
41064
40966
41065
40967
41066
40968
41067
40969
41068
40970
41069
40971
41070
40972
41071
40973
41072
40974
41073
40975
41074
40976
41075
40977
41076
40978
41077
40979
41078
40980
41079
40981
41080
40982
41081
40983
41082
40984
41083
40985
41084
40986
41085
40987
41086
40988
41087
40989
41088
40990
41089
40991
41090
40992
41091
40993
41092
40994
41093
40995
41094
40996
41095
40997
41096
40998
41097
40999
41098
41099
61580
41001
41100
41002
41101
41003
41102
41004
41103
41005
41104
41006
41105
41007
41106
41008
41107
41009
41108
41010
41109
41011
41110
41012
41111
41013
41112
41014
41113
41015
41114
41016
41115
41017
41116
41018
41117
41019
41118
41020
41119
41021
41120
41022
41121
41023
41122
41024
41123
41025
41124
41026
41125
41027
41126
41028
41127
41029
41128
41030
41129
41031
41130
41032
41131
41033
41132
41034
41133
41035
41134
41036
41135
41037
41136
41038
41137
41039
41138
41040
41139
41041
41140
41042
41141
41043
41142
41044
41143
41045
41144
41046
41145
41047
41146
41048
41147
41049
41148
41050
41149
41051
41150
41052
41151
41053
41152
41054
41153
41055
41154
41056
41155
41057
41156
41058
41157
41059
41158
41060
41159
41061
41160
41062
41161
41063
41162
41064
41163
41065
41164
41066
41165
41067
41166
41068
41167
41069
41168
41070
41169
41071
41170
41072
41171
41073
41172
41074
41173
41075
41174
41076
41175
41077
41176
41078
41177
41079
41178
41080
41179
41081
41180
41082
41181
41083
41182
41084
41183
41085
41184
41086
41185
41087
41186
41088
41187
41089
41188
41090
41189
41091
41190
41092
41191
41093
41192
41094
41193
41095
41194
41096
41195
41097
41196
41098
41197
41099
41198
41199
61800
41101
41200
41102
41201
41103
41202
41104
41203
41105
41204
41106
41205
41107
41206
41108
41207
41109
41208
41110
41209
41111
41210
41112
41211
41113
41212
41114
41213
41115
41214
41116
41215
41117
41216
41118
41217
41119
41218
41120
41219
41121
41220
41122
41221
41123
41222
41124
41223
41125
41224
41126
41225
41127
41226
41128
41227
41129
41228
41130
41229
41131
41230
41132
41231
41133
41232
41134
41233
41135
41234
41136
41235
41137
41236
41138
41237
41139
41238
41140
41239
41141
41240
41142
41241
41143
41242
41144
41243
41145
41244
41146
41245
41147
41246
41148
41247
41149
41248
41150
41249
41151
41250
41152
41251
41153
41252
41154
41253
41155
41254
41156
41255
41157
41256
41158
41257
41159
41258
41160
41259
41161
41260
41162
41261
41163
41262
41164
41263
41165
41264
41166
41265
41167
41266
41168
41267
41169
41268
41170
41269
41171
41270
41172
41271
41173
41272
41174
41273
41175
41274
41176
41275
41177
41276
41178
41277
41179
41278
41180
41279
41181
41280
41182
41281
41183
41282
41184
41283
41185
41284
41186
41285
41187
41286
41188
41287
41189
41288
41190
41289
41191
41290
41192
41291
41193
41292
41194
41293
41195
41294
41196
41295
41197
41296
41198
41297
41199
41298
41299
62020
41201
41300
41202
41301
41203
41302
41204
41303
41205
41304
41206
41305
41207
41306
41208
41307
41209
41308
41210
41309
41211
41310
41212
41311
41213
41312
41214
41313
41215
41314
41216
41315
41217
41316
41218
41317
41219
41318
41220
41319
41221
41320
41222
41321
41223
41322
41224
41323
41225
41324
41226
41325
41227
41326
41228
41327
41229
41328
41230
41329
41231
41330
41232
41331
41233
41332
41234
41333
41235
41334
41236
41335
41237
41336
41238
41337
41239
41338
41240
41339
41241
41340
41242
41341
41243
41342
41244
41343
41245
41344
41246
41345
41247
41346
41248
41347
41249
41348
41250
41349
41251
41350
41252
41351
41253
41352
41254
41353
41255
41354
41256
41355
41257
41356
41258
41357
41259
41358
41260
41359
41261
41360
41262
41361
41263
41362
41264
41363
41265
41364
41266
41365
41267
41366
41268
41367
41269
41368
41270
41369
41271
41370
41272
41371
41273
41372
41274
41373
41275
41374
41276
41375
41277
41376
41278
41377
41279
41378
41280
41379
41281
41380
41282
41381
41283
41382
41284
41383
41285
41384
41286
41385
41287
41386
41288
41387
41289
41388
41290
41389
41291
41390
41292
41391
41293
41392
41294
41393
41295
41394
41296
41395
41297
41396
41298
41397
41299
41398
41399
62240
41301
41400
41302
41401
41303
41402
41304
41403
41305
41404
41306
41405
41307
41406
41308
41407
41309
41408
41310
41409
41311
41410
41312
41411
41313
41412
41314
41413
41315
41414
41316
41415
41317
41416
41318
41417
41319
41418
41320
41419
41321
41420
41322
41421
41323
41422
41324
41423
41325
41424
41326
41425
41327
41426
41328
41427
41329
41428
41330
41429
41331
41430
41332
41431
41333
41432
41334
41433
41335
41434
41336
41435
41337
41436
41338
41437
41339
41438
41340
41439
41341
41440
41342
41441
41343
41442
41344
41443
41345
41444
41346
41445
41347
41446
41348
41447
41349
41448
41350
41449
41351
41450
41352
41451
41353
41452
41354
41453
41355
41454
41356
41455
41357
41456
41358
41457
41359
41458
41360
41459
41361
41460
41362
41461
41363
41462
41364
41463
41365
41464
41366
41465
41367
41466
41368
41467
41369
41468
41370
41469
41371
41470
41372
41471
41373
41472
41374
41473
41375
41474
41376
41475
41377
41476
41378
41477
41379
41478
41380
41479
41381
41480
41382
41481
41383
41482
41384
41483
41385
41484
41386
41485
41387
41486
41388
41487
41389
41488
41390
41489
41391
41490
41392
41491
41393
41492
41394
41493
41395
41494
41396
41495
41397
41496
41398
41497
41399
41498
41499
62460
41401
41500
41402
41501
41403
41502
41404
41503
41405
41504
41406
41505
41407
41506
41408
41507
41409
41508
41410
41509
41411
41510
41412
41511
41413
41512
41414
41513
41415
41514
41416
41515
41417
41516
41418
41517
41419
41518
41420
41519
41421
41520
41422
41521
41423
41522
41424
41523
41425
41524
41426
41525
41427
41526
41428
41527
41429
41528
41430
41529
41431
41530
41432
41531
41433
41532
41434
41533
41435
41534
41436
41535
41437
41536
41438
41537
41439
41538
41440
41539
41441
41540
41442
41541
41443
41542
41444
41543
41445
41544
41446
41545
41447
41546
41448
41547
41449
41548
41450
41549
41451
41550
41452
41551
41453
41552
41454
41553
41455
41554
41456
41555
41457
41556
41458
41557
41459
41558
41460
41559
41461
41560
41462
41561
41463
41562
41464
41563
41465
41564
41466
41565
41467
41566
41468
41567
41469
41568
41470
41569
41471
41570
41472
41571
41473
41572
41474
41573
41475
41574
41476
41575
41477
41576
41478
41577
41479
41578
41480
41579
41481
41580
41482
41581
41483
41582
41484
41583
41485
41584
41486
41585
41487
41586
41488
41587
41489
41588
41490
41589
41491
41590
41492
41591
41493
41592
41494
41593
41495
41594
41496
41595
41497
41596
41498
41597
41499
41598
41599
62680
41501
41600
41502
41601
41503
41602
41504
41603
41505
41604
41506
41605
41507
41606
41508
41607
41509
41608
41510
41609
41511
41610
41512
41611
41513
41612
41514
41613
41515
41614
41516
41615
41517
41616
41518
41617
41519
41618
41520
41619
41521
41620
41522
41621
41523
41622
41524
41623
41525
41624
41526
41625
41527
41626
41528
41627
41529
41628
41530
41629
41531
41630
41532
41631
41533
41632
41534
41633
41535
41634
41536
41635
41537
41636
41538
41637
41539
41638
41540
41639
41541
41640
41542
41641
41543
41642
41544
41643
41545
41644
41546
41645
41547
41646
41548
41647
41549
41648
41550
41649
41551
41650
41552
41651
41553
41652
41554
41653
41555
41654
41556
41655
41557
41656
41558
41657
41559
41658
41560
41659
41561
41660
41562
41661
41563
41662
41564
41663
41565
41664
41566
41665
41567
41666
41568
41667
41569
41668
41570
41669
41571
41670
41572
41671
41573
41672
41574
41673
41575
41674
41576
41675
41577
41676
41578
41677
41579
41678
41580
41679
41581
41680
41582
41681
41583
41682
41584
41683
41585
41684
41586
41685
41587
41686
41588
41687
41589
41688
41590
41689
41591
41690
41592
41691
41593
41692
41594
41693
41595
41694
41596
41695
41597
41696
41598
41697
41599
41698
41699
62900
41601
41700
41602
41701
41603
41702
41604
41703
41605
41704
41606
41705
41607
41706
41608
41707
41609
41708
41610
41709
41611
41710
41612
41711
41613
41712
41614
41713
41615
41714
41616
41715
41617
41716
41618
41717
41619
41718
41620
41719
41621
41720
41622
41721
41623
41722
41624
41723
41625
41724
41626
41725
41627
41726
41628
41727
41629
41728
41630
41729
41631
41730
41632
41731
41633
41732
41634
41733
41635
41734
41636
41735
41637
41736
41638
41737
41639
41738
41640
41739
41641
41740
41642
41741
41643
41742
41644
41743
41645
41744
41646
41745
41647
41746
41648
41747
41649
41748
41650
41749
41651
41750
41652
41751
41653
41752
41654
41753
41655
41754
41656
41755
41657
41756
41658
41757
41659
41758
41660
41759
41661
41760
41662
41761
41663
41762
41664
41763
41665
41764
41666
41765
41667
41766
41668
41767
41669
41768
41670
41769
41671
41770
41672
41771
41673
41772
41674
41773
41675
41774
41676
41775
41677
41776
41678
41777
41679
41778
41680
41779
41681
41780
41682
41781
41683
41782
41684
41783
41685
41784
41686
41785
41687
41786
41688
41787
41689
41788
41690
41789
41691
41790
41692
41791
41693
41792
41694
41793
41695
41794
41696
41795
41697
41796
41698
41797
41699
41798
41799
63120
41701
41800
41702
41801
41703
41802
41704
41803
41705
41804
41706
41805
41707
41806
41708
41807
41709
41808
41710
41809
41711
41810
41712
41811
41713
41812
41714
41813
41715
41814
41716
41815
41717
41816
41718
41817
41719
41818
41720
41819
41721
41820
41722
41821
41723
41822
41724
41823
41725
41824
41726
41825
41727
41826
41728
41827
41729
41828
41730
41829
41731
41830
41732
41831
41733
41832
41734
41833
41735
41834
41736
41835
41737
41836
41738
41837
41739
41838
41740
41839
41741
41840
41742
41841
41743
41842
41744
41843
41745
41844
41746
41845
41747
41846
41748
41847
41749
41848
41750
41849
41751
41850
41752
41851
41753
41852
41754
41853
41755
41854
41756
41855
41757
41856
41758
41857
41759
41858
41760
41859
41761
41860
41762
41861
41763
41862
41764
41863
41765
41864
41766
41865
41767
41866
41768
41867
41769
41868
41770
41869
41771
41870
41772
41871
41773
41872
41774
41873
41775
41874
41776
41875
41777
41876
41778
41877
41779
41878
41780
41879
41781
41880
41782
41881
41783
41882
41784
41883
41785
41884
41786
41885
41787
41886
41788
41887
41789
41888
41790
41889
41791
41890
41792
41891
41793
41892
41794
41893
41795
41894
41796
41895
41797
41896
41798
41897
41799
41898
41899
63340
41801
41900
41802
41901
41803
41902
41804
41903
41805
41904
41806
41905
41807
41906
41808
41907
41809
41908
41810
41909
41811
41910
41812
41911
41813
41912
41814
41913
41815
41914
41816
41915
41817
41916
41818
41917
41819
41918
41820
41919
41821
41920
41822
41921
41823
41922
41824
41923
41825
41924
41826
41925
41827
41926
41828
41927
41829
41928
41830
41929
41831
41930
41832
41931
41833
41932
41834
41933
41835
41934
41836
41935
41837
41936
41838
41937
41839
41938
41840
41939
41841
41940
41842
41941
41843
41942
41844
41943
41845
41944
41846
41945
41847
41946
41848
41947
41849
41948
41850
41949
41851
41950
41852
41951
41853
41952
41854
41953
41855
41954
41856
41955
41857
41956
41858
41957
41859
41958
41860
41959
41861
41960
41862
41961
41863
41962
41864
41963
41865
41964
41866
41965
41867
41966
41868
41967
41869
41968
41870
41969
41871
41970
41872
41971
41873
41972
41874
41973
41875
41974
41876
41975
41877
41976
41878
41977
41879
41978
41880
41979
41881
41980
41882
41981
41883
41982
41884
41983
41885
41984
41886
41985
41887
41986
41888
41987
41889
41988
41890
41989
41891
41990
41892
41991
41893
41992
41894
41993
41895
41994
41896
41995
41897
41996
41898
41997
41899
41998
41999
63560
41901
41902
41903
41904
41905
41906
41907
41908
41909
41910
41911
41912
41913
41914
41915
41916
41917
41918
41919
41920
41921
41922
41923
41924
41925
41926
41927
41928
41929
41930
41931
41932
41933
41934
41935
41936
41937
41938
41939
41940
41941
41942
41943
41944
41945
41946
41947
41948
41949
41950
41951
41952
41953
41954
41955
41956
41957
41958
41959
41960
41961
41962
41963
41964
41965
41966
41967
41968
41969
41970
41971
41972
41973
41974
41975
41976
41977
41978
41979
41980
41981
41982
41983
41984
41985
41986
41987
41988
41989
41990
41991
41992
41993
41994
41995
41996
41997
41998
41999
63780
42001
42220
42002
42221
42003
42222
42004
42223
42005
42224
42006
42225
42007
42226
42008
42227
42009
42228
42010
42229
42011
42230
42012
42231
42013
42232
42014
42233
42015
42234
42016
42235
42017
42236
42018
42237
42019
42238
42020
42239
42021
42240
42022
42241
42023
42242
42024
42243
42025
42244
42026
42245
42027
42246
42028
42247
42029
42248
42030
42249
42031
42250
42032
42251
42033
42252
42034
42253
42035
42254
42036
42255
42037
42256
42038
42257
42039
42258
42040
42259
42041
42260
42042
42261
42043
42262
42044
42263
42045
42264
42046
42265
42047
42266
42048
42267
42049
42268
42050
42269
42051
42270
42052
42271
42053
42272
42054
42273
42055
42274
42056
42275
42057
42276
42058
42277
42059
42278
42060
42279
42061
42280
42062
42281
42063
42282
42064
42283
42065
42284
42066
42285
42067
42286
42068
42287
42069
42288
42070
42289
42071
42290
42072
42291
42073
42292
42074
42293
42075
42294
42076
42295
42077
42296
42078
42297
42079
42298
42080
42299
42081
42300
42082
42301
42083
42302
42084
42303
42085
42304
42086
42305
42087
42306
42088
42307
42089
42308
42090
42309
42091
42310
42092
42311
42093
42312
42094
42313
42095
42314
42096
42315
42097
42316
42098
42317
42099
42318
42100
42319
42101
42320
42102
42321
42103
42322
42104
42323
42105
42324
42106
42325
42107
42326
42108
42327
42109
42328
42110
42329
42111
42330
42112
42331
42113
42332
42114
42333
42115
42334
42116
42335
42117
42336
42118
42337
42119
42338
42120
42339
42121
42340
42122
42341
42123
42342
42124
42343
42125
42344
42126
42345
42127
42346
42128
42347
42129
42348
42130
42349
42131
42350
42132
42351
42133
42352
42134
42353
42135
42354
42136
42355
42137
42356
42138
42357
42139
42358
42140
42359
42141
42360
42142
42361
42143
42362
42144
42363
42145
42364
42146
42365
42147
42366
42148
42367
42149
42368
42150
42369
42151
42370
42152
42371
42153
42372
42154
42373
42155
42374
42156
42375
42157
42376
42158
42377
42159
42378
42160
42379
42161
42380
42162
42381
42163
42382
42164
42383
42165
42384
42166
42385
42167
42386
42168
42387
42169
42388
42170
42389
42171
42390
42172
42391
42173
42392
42174
42393
42175
42394
42176
42395
42177
42396
42178
42397
42179
42398
42180
42399
42181
42400
42182
42401
42183
42402
42184
42403
42185
42404
42186
42405
42187
42406
42188
42407
42189
42408
42190
42409
42191
42410
42192
42411
42193
42412
42194
42413
42195
42414
42196
42415
42197
42416
42198
42417
42199
42418
42200
42419
42201
42420
42202
42421
42203
42422
42204
42423
42205
42424
42206
42425
42207
42426
42208
42427
42209
42428
42210
42429
42211
42430
42212
42431
42213
42432
42214
42433
42215
42434
42216
42435
42217
42436
42218
42437
42219
42438
42439
42221
42440
42222
42441
42223
42442
42224
42443
42225
42444
42226
42445
42227
42446
42228
42447
42229
42448
42230
42449
42231
42450
42232
42451
42233
42452
42234
42453
42235
42454
42236
42455
42237
42456
42238
42457
42239
42458
42240
42459
42241
42460
42242
42461
42243
42462
42244
42463
42245
42464
42246
42465
42247
42466
42248
42467
42249
42468
42250
42469
42251
42470
42252
42471
42253
42472
42254
42473
42255
42474
42256
42475
42257
42476
42258
42477
42259
42478
42260
42479
42261
42480
42262
42481
42263
42482
42264
42483
42265
42484
42266
42485
42267
42486
42268
42487
42269
42488
42270
42489
42271
42490
42272
42491
42273
42492
42274
42493
42275
42494
42276
42495
42277
42496
42278
42497
42279
42498
42280
42499
42281
42500
42282
42501
42283
42502
42284
42503
42285
42504
42286
42505
42287
42506
42288
42507
42289
42508
42290
42509
42291
42510
42292
42511
42293
42512
42294
42513
42295
42514
42296
42515
42297
42516
42298
42517
42299
42518
42300
42519
42301
42520
42302
42521
42303
42522
42304
42523
42305
42524
42306
42525
42307
42526
42308
42527
42309
42528
42310
42529
42311
42530
42312
42531
42313
42532
42314
42533
42315
42534
42316
42535
42317
42536
42318
42537
42319
42538
42320
42539
42321
42540
42322
42541
42323
42542
42324
42543
42325
42544
42326
42545
42327
42546
42328
42547
42329
42548
42330
42549
42331
42550
42332
42551
42333
42552
42334
42553
42335
42554
42336
42555
42337
42556
42338
42557
42339
42558
42340
42559
42341
42560
42342
42561
42343
42562
42344
42563
42345
42564
42346
42565
42347
42566
42348
42567
42349
42568
42350
42569
42351
42570
42352
42571
42353
42572
42354
42573
42355
42574
42356
42575
42357
42576
42358
42577
42359
42578
42360
42579
42361
42580
42362
42581
42363
42582
42364
42583
42365
42584
42366
42585
42367
42586
42368
42587
42369
42588
42370
42589
42371
42590
42372
42591
42373
42592
42374
42593
42375
42594
42376
42595
42377
42596
42378
42597
42379
42598
42380
42599
42381
42600
42382
42601
42383
42602
42384
42603
42385
42604
42386
42605
42387
42606
42388
42607
42389
42608
42390
42609
42391
42610
42392
42611
42393
42612
42394
42613
42395
42614
42396
42615
42397
42616
42398
42617
42399
42618
42400
42619
42401
42620
42402
42621
42403
42622
42404
42623
42405
42624
42406
42625
42407
42626
42408
42627
42409
42628
42410
42629
42411
42630
42412
42631
42413
42632
42414
42633
42415
42634
42416
42635
42417
42636
42418
42637
42419
42638
42420
42639
42421
42640
42422
42641
42423
42642
42424
42643
42425
42644
42426
42645
42427
42646
42428
42647
42429
42648
42430
42649
42431
42650
42432
42651
42433
42652
42434
42653
42435
42654
42436
42655
42437
42656
42438
42657
42439
42658
42659
42441
42660
42442
42661
42443
42662
42444
42663
42445
42664
42446
42665
42447
42666
42448
42667
42449
42668
42450
42669
42451
42670
42452
42671
42453
42672
42454
42673
42455
42674
42456
42675
42457
42676
42458
42677
42459
42678
42460
42679
42461
42680
42462
42681
42463
42682
42464
42683
42465
42684
42466
42685
42467
42686
42468
42687
42469
42688
42470
42689
42471
42690
42472
42691
42473
42692
42474
42693
42475
42694
42476
42695
42477
42696
42478
42697
42479
42698
42480
42699
42481
42700
42482
42701
42483
42702
42484
42703
42485
42704
42486
42705
42487
42706
42488
42707
42489
42708
42490
42709
42491
42710
42492
42711
42493
42712
42494
42713
42495
42714
42496
42715
42497
42716
42498
42717
42499
42718
42500
42719
42501
42720
42502
42721
42503
42722
42504
42723
42505
42724
42506
42725
42507
42726
42508
42727
42509
42728
42510
42729
42511
42730
42512
42731
42513
42732
42514
42733
42515
42734
42516
42735
42517
42736
42518
42737
42519
42738
42520
42739
42521
42740
42522
42741
42523
42742
42524
42743
42525
42744
42526
42745
42527
42746
42528
42747
42529
42748
42530
42749
42531
42750
42532
42751
42533
42752
42534
42753
42535
42754
42536
42755
42537
42756
42538
42757
42539
42758
42540
42759
42541
42760
42542
42761
42543
42762
42544
42763
42545
42764
42546
42765
42547
42766
42548
42767
42549
42768
42550
42769
42551
42770
42552
42771
42553
42772
42554
42773
42555
42774
42556
42775
42557
42776
42558
42777
42559
42778
42560
42779
42561
42780
42562
42781
42563
42782
42564
42783
42565
42784
42566
42785
42567
42786
42568
42787
42569
42788
42570
42789
42571
42790
42572
42791
42573
42792
42574
42793
42575
42794
42576
42795
42577
42796
42578
42797
42579
42798
42580
42799
42581
42800
42582
42801
42583
42802
42584
42803
42585
42804
42586
42805
42587
42806
42588
42807
42589
42808
42590
42809
42591
42810
42592
42811
42593
42812
42594
42813
42595
42814
42596
42815
42597
42816
42598
42817
42599
42818
42600
42819
42601
42820
42602
42821
42603
42822
42604
42823
42605
42824
42606
42825
42607
42826
42608
42827
42609
42828
42610
42829
42611
42830
42612
42831
42613
42832
42614
42833
42615
42834
42616
42835
42617
42836
42618
42837
42619
42838
42620
42839
42621
42840
42622
42841
42623
42842
42624
42843
42625
42844
42626
42845
42627
42846
42628
42847
42629
42848
42630
42849
42631
42850
42632
42851
42633
42852
42634
42853
42635
42854
42636
42855
42637
42856
42638
42857
42639
42858
42640
42859
42641
42860
42642
42861
42643
42862
42644
42863
42645
42864
42646
42865
42647
42866
42648
42867
42649
42868
42650
42869
42651
42870
42652
42871
42653
42872
42654
42873
42655
42874
42656
42875
42657
42876
42658
42877
42659
42878
42879
42661
42880
42662
42881
42663
42882
42664
42883
42665
42884
42666
42885
42667
42886
42668
42887
42669
42888
42670
42889
42671
42890
42672
42891
42673
42892
42674
42893
42675
42894
42676
42895
42677
42896
42678
42897
42679
42898
42680
42899
42681
42900
42682
42901
42683
42902
42684
42903
42685
42904
42686
42905
42687
42906
42688
42907
42689
42908
42690
42909
42691
42910
42692
42911
42693
42912
42694
42913
42695
42914
42696
42915
42697
42916
42698
42917
42699
42918
42700
42919
42701
42920
42702
42921
42703
42922
42704
42923
42705
42924
42706
42925
42707
42926
42708
42927
42709
42928
42710
42929
42711
42930
42712
42931
42713
42932
42714
42933
42715
42934
42716
42935
42717
42936
42718
42937
42719
42938
42720
42939
42721
42940
42722
42941
42723
42942
42724
42943
42725
42944
42726
42945
42727
42946
42728
42947
42729
42948
42730
42949
42731
42950
42732
42951
42733
42952
42734
42953
42735
42954
42736
42955
42737
42956
42738
42957
42739
42958
42740
42959
42741
42960
42742
42961
42743
42962
42744
42963
42745
42964
42746
42965
42747
42966
42748
42967
42749
42968
42750
42969
42751
42970
42752
42971
42753
42972
42754
42973
42755
42974
42756
42975
42757
42976
42758
42977
42759
42978
42760
42979
42761
42980
42762
42981
42763
42982
42764
42983
42765
42984
42766
42985
42767
42986
42768
42987
42769
42988
42770
42989
42771
42990
42772
42991
42773
42992
42774
42993
42775
42994
42776
42995
42777
42996
42778
42997
42779
42998
42780
42999
42781
43000
42782
43001
42783
43002
42784
43003
42785
43004
42786
43005
42787
43006
42788
43007
42789
43008
42790
43009
42791
43010
42792
43011
42793
43012
42794
43013
42795
43014
42796
43015
42797
43016
42798
43017
42799
43018
42800
43019
42801
43020
42802
43021
42803
43022
42804
43023
42805
43024
42806
43025
42807
43026
42808
43027
42809
43028
42810
43029
42811
43030
42812
43031
42813
43032
42814
43033
42815
43034
42816
43035
42817
43036
42818
43037
42819
43038
42820
43039
42821
43040
42822
43041
42823
43042
42824
43043
42825
43044
42826
43045
42827
43046
42828
43047
42829
43048
42830
43049
42831
43050
42832
43051
42833
43052
42834
43053
42835
43054
42836
43055
42837
43056
42838
43057
42839
43058
42840
43059
42841
43060
42842
43061
42843
43062
42844
43063
42845
43064
42846
43065
42847
43066
42848
43067
42849
43068
42850
43069
42851
43070
42852
43071
42853
43072
42854
43073
42855
43074
42856
43075
42857
43076
42858
43077
42859
43078
42860
43079
42861
43080
42862
43081
42863
43082
42864
43083
42865
43084
42866
43085
42867
43086
42868
43087
42869
43088
42870
43089
42871
43090
42872
43091
42873
43092
42874
43093
42875
43094
42876
43095
42877
43096
42878
43097
42879
43098
43099
42881
43100
42882
43101
42883
43102
42884
43103
42885
43104
42886
43105
42887
43106
42888
43107
42889
43108
42890
43109
42891
43110
42892
43111
42893
43112
42894
43113
42895
43114
42896
43115
42897
43116
42898
43117
42899
43118
42900
43119
42901
43120
42902
43121
42903
43122
42904
43123
42905
43124
42906
43125
42907
43126
42908
43127
42909
43128
42910
43129
42911
43130
42912
43131
42913
43132
42914
43133
42915
43134
42916
43135
42917
43136
42918
43137
42919
43138
42920
43139
42921
43140
42922
43141
42923
43142
42924
43143
42925
43144
42926
43145
42927
43146
42928
43147
42929
43148
42930
43149
42931
43150
42932
43151
42933
43152
42934
43153
42935
43154
42936
43155
42937
43156
42938
43157
42939
43158
42940
43159
42941
43160
42942
43161
42943
43162
42944
43163
42945
43164
42946
43165
42947
43166
42948
43167
42949
43168
42950
43169
42951
43170
42952
43171
42953
43172
42954
43173
42955
43174
42956
43175
42957
43176
42958
43177
42959
43178
42960
43179
42961
43180
42962
43181
42963
43182
42964
43183
42965
43184
42966
43185
42967
43186
42968
43187
42969
43188
42970
43189
42971
43190
42972
43191
42973
43192
42974
43193
42975
43194
42976
43195
42977
43196
42978
43197
42979
43198
42980
43199
42981
43200
42982
43201
42983
43202
42984
43203
42985
43204
42986
43205
42987
43206
42988
43207
42989
43208
42990
43209
42991
43210
42992
43211
42993
43212
42994
43213
42995
43214
42996
43215
42997
43216
42998
43217
42999
43218
43000
43219
43001
43220
43002
43221
43003
43222
43004
43223
43005
43224
43006
43225
43007
43226
43008
43227
43009
43228
43010
43229
43011
43230
43012
43231
43013
43232
43014
43233
43015
43234
43016
43235
43017
43236
43018
43237
43019
43238
43020
43239
43021
43240
43022
43241
43023
43242
43024
43243
43025
43244
43026
43245
43027
43246
43028
43247
43029
43248
43030
43249
43031
43250
43032
43251
43033
43252
43034
43253
43035
43254
43036
43255
43037
43256
43038
43257
43039
43258
43040
43259
43041
43260
43042
43261
43043
43262
43044
43263
43045
43264
43046
43265
43047
43266
43048
43267
43049
43268
43050
43269
43051
43270
43052
43271
43053
43272
43054
43273
43055
43274
43056
43275
43057
43276
43058
43277
43059
43278
43060
43279
43061
43280
43062
43281
43063
43282
43064
43283
43065
43284
43066
43285
43067
43286
43068
43287
43069
43288
43070
43289
43071
43290
43072
43291
43073
43292
43074
43293
43075
43294
43076
43295
43077
43296
43078
43297
43079
43298
43080
43299
43081
43300
43082
43301
43083
43302
43084
43303
43085
43304
43086
43305
43087
43306
43088
43307
43089
43308
43090
43309
43091
43310
43092
43311
43093
43312
43094
43313
43095
43314
43096
43315
43097
43316
43098
43317
43099
43318
43319
43101
43320
43102
43321
43103
43322
43104
43323
43105
43324
43106
43325
43107
43326
43108
43327
43109
43328
43110
43329
43111
43330
43112
43331
43113
43332
43114
43333
43115
43334
43116
43335
43117
43336
43118
43337
43119
43338
43120
43339
43121
43340
43122
43341
43123
43342
43124
43343
43125
43344
43126
43345
43127
43346
43128
43347
43129
43348
43130
43349
43131
43350
43132
43351
43133
43352
43134
43353
43135
43354
43136
43355
43137
43356
43138
43357
43139
43358
43140
43359
43141
43360
43142
43361
43143
43362
43144
43363
43145
43364
43146
43365
43147
43366
43148
43367
43149
43368
43150
43369
43151
43370
43152
43371
43153
43372
43154
43373
43155
43374
43156
43375
43157
43376
43158
43377
43159
43378
43160
43379
43161
43380
43162
43381
43163
43382
43164
43383
43165
43384
43166
43385
43167
43386
43168
43387
43169
43388
43170
43389
43171
43390
43172
43391
43173
43392
43174
43393
43175
43394
43176
43395
43177
43396
43178
43397
43179
43398
43180
43399
43181
43400
43182
43401
43183
43402
43184
43403
43185
43404
43186
43405
43187
43406
43188
43407
43189
43408
43190
43409
43191
43410
43192
43411
43193
43412
43194
43413
43195
43414
43196
43415
43197
43416
43198
43417
43199
43418
43200
43419
43201
43420
43202
43421
43203
43422
43204
43423
43205
43424
43206
43425
43207
43426
43208
43427
43209
43428
43210
43429
43211
43430
43212
43431
43213
43432
43214
43433
43215
43434
43216
43435
43217
43436
43218
43437
43219
43438
43220
43439
43221
43440
43222
43441
43223
43442
43224
43443
43225
43444
43226
43445
43227
43446
43228
43447
43229
43448
43230
43449
43231
43450
43232
43451
43233
43452
43234
43453
43235
43454
43236
43455
43237
43456
43238
43457
43239
43458
43240
43459
43241
43460
43242
43461
43243
43462
43244
43463
43245
43464
43246
43465
43247
43466
43248
43467
43249
43468
43250
43469
43251
43470
43252
43471
43253
43472
43254
43473
43255
43474
43256
43475
43257
43476
43258
43477
43259
43478
43260
43479
43261
43480
43262
43481
43263
43482
43264
43483
43265
43484
43266
43485
43267
43486
43268
43487
43269
43488
43270
43489
43271
43490
43272
43491
43273
43492
43274
43493
43275
43494
43276
43495
43277
43496
43278
43497
43279
43498
43280
43499
43281
43500
43282
43501
43283
43502
43284
43503
43285
43504
43286
43505
43287
43506
43288
43507
43289
43508
43290
43509
43291
43510
43292
43511
43293
43512
43294
43513
43295
43514
43296
43515
43297
43516
43298
43517
43299
43518
43300
43519
43301
43520
43302
43521
43303
43522
43304
43523
43305
43524
43306
43525
43307
43526
43308
43527
43309
43528
43310
43529
43311
43530
43312
43531
43313
43532
43314
43533
43315
43534
43316
43535
43317
43536
43318
43537
43319
43538
43539
43321
43540
43322
43541
43323
43542
43324
43543
43325
43544
43326
43545
43327
43546
43328
43547
43329
43548
43330
43549
43331
43550
43332
43551
43333
43552
43334
43553
43335
43554
43336
43555
43337
43556
43338
43557
43339
43558
43340
43559
43341
43560
43342
43561
43343
43562
43344
43563
43345
43564
43346
43565
43347
43566
43348
43567
43349
43568
43350
43569
43351
43570
43352
43571
43353
43572
43354
43573
43355
43574
43356
43575
43357
43576
43358
43577
43359
43578
43360
43579
43361
43580
43362
43581
43363
43582
43364
43583
43365
43584
43366
43585
43367
43586
43368
43587
43369
43588
43370
43589
43371
43590
43372
43591
43373
43592
43374
43593
43375
43594
43376
43595
43377
43596
43378
43597
43379
43598
43380
43599
43381
43600
43382
43601
43383
43602
43384
43603
43385
43604
43386
43605
43387
43606
43388
43607
43389
43608
43390
43609
43391
43610
43392
43611
43393
43612
43394
43613
43395
43614
43396
43615
43397
43616
43398
43617
43399
43618
43400
43619
43401
43620
43402
43621
43403
43622
43404
43623
43405
43624
43406
43625
43407
43626
43408
43627
43409
43628
43410
43629
43411
43630
43412
43631
43413
43632
43414
43633
43415
43634
43416
43635
43417
43636
43418
43637
43419
43638
43420
43639
43421
43640
43422
43641
43423
43642
43424
43643
43425
43644
43426
43645
43427
43646
43428
43647
43429
43648
43430
43649
43431
43650
43432
43651
43433
43652
43434
43653
43435
43654
43436
43655
43437
43656
43438
43657
43439
43658
43440
43659
43441
43660
43442
43661
43443
43662
43444
43663
43445
43664
43446
43665
43447
43666
43448
43667
43449
43668
43450
43669
43451
43670
43452
43671
43453
43672
43454
43673
43455
43674
43456
43675
43457
43676
43458
43677
43459
43678
43460
43679
43461
43680
43462
43681
43463
43682
43464
43683
43465
43684
43466
43685
43467
43686
43468
43687
43469
43688
43470
43689
43471
43690
43472
43691
43473
43692
43474
43693
43475
43694
43476
43695
43477
43696
43478
43697
43479
43698
43480
43699
43481
43700
43482
43701
43483
43702
43484
43703
43485
43704
43486
43705
43487
43706
43488
43707
43489
43708
43490
43709
43491
43710
43492
43711
43493
43712
43494
43713
43495
43714
43496
43715
43497
43716
43498
43717
43499
43718
43500
43719
43501
43720
43502
43721
43503
43722
43504
43723
43505
43724
43506
43725
43507
43726
43508
43727
43509
43728
43510
43729
43511
43730
43512
43731
43513
43732
43514
43733
43515
43734
43516
43735
43517
43736
43518
43737
43519
43738
43520
43739
43521
43740
43522
43741
43523
43742
43524
43743
43525
43744
43526
43745
43527
43746
43528
43747
43529
43748
43530
43749
43531
43750
43532
43751
43533
43752
43534
43753
43535
43754
43536
43755
43537
43756
43538
43757
43539
43758
43759
43541
43760
43542
43761
43543
43762
43544
43763
43545
43764
43546
43765
43547
43766
43548
43767
43549
43768
43550
43769
43551
43770
43552
43771
43553
43772
43554
43773
43555
43774
43556
43775
43557
43776
43558
43777
43559
43778
43560
43779
43561
43780
43562
43781
43563
43782
43564
43783
43565
43784
43566
43785
43567
43786
43568
43787
43569
43788
43570
43789
43571
43790
43572
43791
43573
43792
43574
43793
43575
43794
43576
43795
43577
43796
43578
43797
43579
43798
43580
43799
43581
43800
43582
43801
43583
43802
43584
43803
43585
43804
43586
43805
43587
43806
43588
43807
43589
43808
43590
43809
43591
43810
43592
43811
43593
43812
43594
43813
43595
43814
43596
43815
43597
43816
43598
43817
43599
43818
43600
43819
43601
43820
43602
43821
43603
43822
43604
43823
43605
43824
43606
43825
43607
43826
43608
43827
43609
43828
43610
43829
43611
43830
43612
43831
43613
43832
43614
43833
43615
43834
43616
43835
43617
43836
43618
43837
43619
43838
43620
43839
43621
43840
43622
43841
43623
43842
43624
43843
43625
43844
43626
43845
43627
43846
43628
43847
43629
43848
43630
43849
43631
43850
43632
43851
43633
43852
43634
43853
43635
43854
43636
43855
43637
43856
43638
43857
43639
43858
43640
43859
43641
43860
43642
43861
43643
43862
43644
43863
43645
43864
43646
43865
43647
43866
43648
43867
43649
43868
43650
43869
43651
43870
43652
43871
43653
43872
43654
43873
43655
43874
43656
43875
43657
43876
43658
43877
43659
43878
43660
43879
43661
43880
43662
43881
43663
43882
43664
43883
43665
43884
43666
43885
43667
43886
43668
43887
43669
43888
43670
43889
43671
43890
43672
43891
43673
43892
43674
43893
43675
43894
43676
43895
43677
43896
43678
43897
43679
43898
43680
43899
43681
43900
43682
43901
43683
43902
43684
43903
43685
43904
43686
43905
43687
43906
43688
43907
43689
43908
43690
43909
43691
43910
43692
43911
43693
43912
43694
43913
43695
43914
43696
43915
43697
43916
43698
43917
43699
43918
43700
43919
43701
43920
43702
43921
43703
43922
43704
43923
43705
43924
43706
43925
43707
43926
43708
43927
43709
43928
43710
43929
43711
43930
43712
43931
43713
43932
43714
43933
43715
43934
43716
43935
43717
43936
43718
43937
43719
43938
43720
43939
43721
43940
43722
43941
43723
43942
43724
43943
43725
43944
43726
43945
43727
43946
43728
43947
43729
43948
43730
43949
43731
43950
43732
43951
43733
43952
43734
43953
43735
43954
43736
43955
43737
43956
43738
43957
43739
43958
43740
43959
43741
43960
43742
43961
43743
43962
43744
43963
43745
43964
43746
43965
43747
43966
43748
43967
43749
43968
43750
43969
43751
43970
43752
43971
43753
43972
43754
43973
43755
43974
43756
43975
43757
43976
43758
43977
43759
43978
43979
43761
43980
43762
43981
43763
43982
43764
43983
43765
43984
43766
43985
43767
43986
43768
43987
43769
43988
43770
43989
43771
43990
43772
43991
43773
43992
43774
43993
43775
43994
43776
43995
43777
43996
43778
43997
43779
43998
43780
43999
43781
44000
43782
44001
43783
44002
43784
44003
43785
44004
43786
44005
43787
44006
43788
44007
43789
44008
43790
44009
43791
44010
43792
44011
43793
44012
43794
44013
43795
44014
43796
44015
43797
44016
43798
44017
43799
44018
43800
44019
43801
44020
43802
44021
43803
44022
43804
44023
43805
44024
43806
44025
43807
44026
43808
44027
43809
44028
43810
44029
43811
44030
43812
44031
43813
44032
43814
44033
43815
44034
43816
44035
43817
44036
43818
44037
43819
44038
43820
44039
43821
44040
43822
44041
43823
44042
43824
44043
43825
44044
43826
44045
43827
44046
43828
44047
43829
44048
43830
44049
43831
44050
43832
44051
43833
44052
43834
44053
43835
44054
43836
44055
43837
44056
43838
44057
43839
44058
43840
44059
43841
44060
43842
44061
43843
44062
43844
44063
43845
44064
43846
44065
43847
44066
43848
44067
43849
44068
43850
44069
43851
44070
43852
44071
43853
44072
43854
44073
43855
44074
43856
44075
43857
44076
43858
44077
43859
44078
43860
44079
43861
44080
43862
44081
43863
44082
43864
44083
43865
44084
43866
44085
43867
44086
43868
44087
43869
44088
43870
44089
43871
44090
43872
44091
43873
44092
43874
44093
43875
44094
43876
44095
43877
44096
43878
44097
43879
44098
43880
44099
43881
44100
43882
44101
43883
44102
43884
44103
43885
44104
43886
44105
43887
44106
43888
44107
43889
44108
43890
44109
43891
44110
43892
44111
43893
44112
43894
44113
43895
44114
43896
44115
43897
44116
43898
44117
43899
44118
43900
44119
43901
44120
43902
44121
43903
44122
43904
44123
43905
44124
43906
44125
43907
44126
43908
44127
43909
44128
43910
44129
43911
44130
43912
44131
43913
44132
43914
44133
43915
44134
43916
44135
43917
44136
43918
44137
43919
44138
43920
44139
43921
44140
43922
44141
43923
44142
43924
44143
43925
44144
43926
44145
43927
44146
43928
44147
43929
44148
43930
44149
43931
44150
43932
44151
43933
44152
43934
44153
43935
44154
43936
44155
43937
44156
43938
44157
43939
44158
43940
44159
43941
44160
43942
44161
43943
44162
43944
44163
43945
44164
43946
44165
43947
44166
43948
44167
43949
44168
43950
44169
43951
44170
43952
44171
43953
44172
43954
44173
43955
44174
43956
44175
43957
44176
43958
44177
43959
44178
43960
44179
43961
44180
43962
44181
43963
44182
43964
44183
43965
44184
43966
44185
43967
44186
43968
44187
43969
44188
43970
44189
43971
44190
43972
44191
43973
44192
43974
44193
43975
44194
43976
44195
43977
44196
43978
44197
43979
44198
44199
43981
44200
43982
44201
43983
44202
43984
44203
43985
44204
43986
44205
43987
44206
43988
44207
43989
44208
43990
44209
43991
44210
43992
44211
43993
44212
43994
44213
43995
44214
43996
44215
43997
44216
43998
44217
43999
44218
44000
44219
44001
44220
44002
44221
44003
44222
44004
44223
44005
44224
44006
44225
44007
44226
44008
44227
44009
44228
44010
44229
44011
44230
44012
44231
44013
44232
44014
44233
44015
44234
44016
44235
44017
44236
44018
44237
44019
44238
44020
44239
44021
44240
44022
44241
44023
44242
44024
44243
44025
44244
44026
44245
44027
44246
44028
44247
44029
44248
44030
44249
44031
44250
44032
44251
44033
44252
44034
44253
44035
44254
44036
44255
44037
44256
44038
44257
44039
44258
44040
44259
44041
44260
44042
44261
44043
44262
44044
44263
44045
44264
44046
44265
44047
44266
44048
44267
44049
44268
44050
44269
44051
44270
44052
44271
44053
44272
44054
44273
44055
44274
44056
44275
44057
44276
44058
44277
44059
44278
44060
44279
44061
44280
44062
44281
44063
44282
44064
44283
44065
44284
44066
44285
44067
44286
44068
44287
44069
44288
44070
44289
44071
44290
44072
44291
44073
44292
44074
44293
44075
44294
44076
44295
44077
44296
44078
44297
44079
44298
44080
44299
44081
44300
44082
44301
44083
44302
44084
44303
44085
44304
44086
44305
44087
44306
44088
44307
44089
44308
44090
44309
44091
44310
44092
44311
44093
44312
44094
44313
44095
44314
44096
44315
44097
44316
44098
44317
44099
44318
44100
44319
44101
44320
44102
44321
44103
44322
44104
44323
44105
44324
44106
44325
44107
44326
44108
44327
44109
44328
44110
44329
44111
44330
44112
44331
44113
44332
44114
44333
44115
44334
44116
44335
44117
44336
44118
44337
44119
44338
44120
44339
44121
44340
44122
44341
44123
44342
44124
44343
44125
44344
44126
44345
44127
44346
44128
44347
44129
44348
44130
44349
44131
44350
44132
44351
44133
44352
44134
44353
44135
44354
44136
44355
44137
44356
44138
44357
44139
44358
44140
44359
44141
44360
44142
44361
44143
44362
44144
44363
44145
44364
44146
44365
44147
44366
44148
44367
44149
44368
44150
44369
44151
44370
44152
44371
44153
44372
44154
44373
44155
44374
44156
44375
44157
44376
44158
44377
44159
44378
44160
44379
44161
44380
44162
44381
44163
44382
44164
44383
44165
44384
44166
44385
44167
44386
44168
44387
44169
44388
44170
44389
44171
44390
44172
44391
44173
44392
44174
44393
44175
44394
44176
44395
44177
44396
44178
44397
44179
44398
44180
44399
44181
44400
44182
44401
44183
44402
44184
44403
44185
44404
44186
44405
44187
44406
44188
44407
44189
44408
44190
44409
44191
44410
44192
44411
44193
44412
44194
44413
44195
44414
44196
44415
44197
44416
44198
44417
44199
44418
44419
44201
44420
44202
44421
44203
44422
44204
44423
44205
44424
44206
44425
44207
44426
44208
44427
44209
44428
44210
44429
44211
44430
44212
44431
44213
44432
44214
44433
44215
44434
44216
44435
44217
44436
44218
44437
44219
44438
44220
44439
44221
44440
44222
44441
44223
44442
44224
44443
44225
44444
44226
44445
44227
44446
44228
44447
44229
44448
44230
44449
44231
44450
44232
44451
44233
44452
44234
44453
44235
44454
44236
44455
44237
44456
44238
44457
44239
44458
44240
44459
44241
44460
44242
44461
44243
44462
44244
44463
44245
44464
44246
44465
44247
44466
44248
44467
44249
44468
44250
44469
44251
44470
44252
44471
44253
44472
44254
44473
44255
44474
44256
44475
44257
44476
44258
44477
44259
44478
44260
44479
44261
44480
44262
44481
44263
44482
44264
44483
44265
44484
44266
44485
44267
44486
44268
44487
44269
44488
44270
44489
44271
44490
44272
44491
44273
44492
44274
44493
44275
44494
44276
44495
44277
44496
44278
44497
44279
44498
44280
44499
44281
44500
44282
44501
44283
44502
44284
44503
44285
44504
44286
44505
44287
44506
44288
44507
44289
44508
44290
44509
44291
44510
44292
44511
44293
44512
44294
44513
44295
44514
44296
44515
44297
44516
44298
44517
44299
44518
44300
44519
44301
44520
44302
44521
44303
44522
44304
44523
44305
44524
44306
44525
44307
44526
44308
44527
44309
44528
44310
44529
44311
44530
44312
44531
44313
44532
44314
44533
44315
44534
44316
44535
44317
44536
44318
44537
44319
44538
44320
44539
44321
44540
44322
44541
44323
44542
44324
44543
44325
44544
44326
44545
44327
44546
44328
44547
44329
44548
44330
44549
44331
44550
44332
44551
44333
44552
44334
44553
44335
44554
44336
44555
44337
44556
44338
44557
44339
44558
44340
44559
44341
44560
44342
44561
44343
44562
44344
44563
44345
44564
44346
44565
44347
44566
44348
44567
44349
44568
44350
44569
44351
44570
44352
44571
44353
44572
44354
44573
44355
44574
44356
44575
44357
44576
44358
44577
44359
44578
44360
44579
44361
44580
44362
44581
44363
44582
44364
44583
44365
44584
44366
44585
44367
44586
44368
44587
44369
44588
44370
44589
44371
44590
44372
44591
44373
44592
44374
44593
44375
44594
44376
44595
44377
44596
44378
44597
44379
44598
44380
44599
44381
44600
44382
44601
44383
44602
44384
44603
44385
44604
44386
44605
44387
44606
44388
44607
44389
44608
44390
44609
44391
44610
44392
44611
44393
44612
44394
44613
44395
44614
44396
44615
44397
44616
44398
44617
44399
44618
44400
44619
44401
44620
44402
44621
44403
44622
44404
44623
44405
44624
44406
44625
44407
44626
44408
44627
44409
44628
44410
44629
44411
44630
44412
44631
44413
44632
44414
44633
44415
44634
44416
44635
44417
44636
44418
44637
44419
44638
44639
44421
44640
44422
44641
44423
44642
44424
44643
44425
44644
44426
44645
44427
44646
44428
44647
44429
44648
44430
44649
44431
44650
44432
44651
44433
44652
44434
44653
44435
44654
44436
44655
44437
44656
44438
44657
44439
44658
44440
44659
44441
44660
44442
44661
44443
44662
44444
44663
44445
44664
44446
44665
44447
44666
44448
44667
44449
44668
44450
44669
44451
44670
44452
44671
44453
44672
44454
44673
44455
44674
44456
44675
44457
44676
44458
44677
44459
44678
44460
44679
44461
44680
44462
44681
44463
44682
44464
44683
44465
44684
44466
44685
44467
44686
44468
44687
44469
44688
44470
44689
44471
44690
44472
44691
44473
44692
44474
44693
44475
44694
44476
44695
44477
44696
44478
44697
44479
44698
44480
44699
44481
44700
44482
44701
44483
44702
44484
44703
44485
44704
44486
44705
44487
44706
44488
44707
44489
44708
44490
44709
44491
44710
44492
44711
44493
44712
44494
44713
44495
44714
44496
44715
44497
44716
44498
44717
44499
44718
44500
44719
44501
44720
44502
44721
44503
44722
44504
44723
44505
44724
44506
44725
44507
44726
44508
44727
44509
44728
44510
44729
44511
44730
44512
44731
44513
44732
44514
44733
44515
44734
44516
44735
44517
44736
44518
44737
44519
44738
44520
44739
44521
44740
44522
44741
44523
44742
44524
44743
44525
44744
44526
44745
44527
44746
44528
44747
44529
44748
44530
44749
44531
44750
44532
44751
44533
44752
44534
44753
44535
44754
44536
44755
44537
44756
44538
44757
44539
44758
44540
44759
44541
44760
44542
44761
44543
44762
44544
44763
44545
44764
44546
44765
44547
44766
44548
44767
44549
44768
44550
44769
44551
44770
44552
44771
44553
44772
44554
44773
44555
44774
44556
44775
44557
44776
44558
44777
44559
44778
44560
44779
44561
44780
44562
44781
44563
44782
44564
44783
44565
44784
44566
44785
44567
44786
44568
44787
44569
44788
44570
44789
44571
44790
44572
44791
44573
44792
44574
44793
44575
44794
44576
44795
44577
44796
44578
44797
44579
44798
44580
44799
44581
44800
44582
44801
44583
44802
44584
44803
44585
44804
44586
44805
44587
44806
44588
44807
44589
44808
44590
44809
44591
44810
44592
44811
44593
44812
44594
44813
44595
44814
44596
44815
44597
44816
44598
44817
44599
44818
44600
44819
44601
44820
44602
44821
44603
44822
44604
44823
44605
44824
44606
44825
44607
44826
44608
44827
44609
44828
44610
44829
44611
44830
44612
44831
44613
44832
44614
44833
44615
44834
44616
44835
44617
44836
44618
44837
44619
44838
44620
44839
44621
44840
44622
44841
44623
44842
44624
44843
44625
44844
44626
44845
44627
44846
44628
44847
44629
44848
44630
44849
44631
44850
44632
44851
44633
44852
44634
44853
44635
44854
44636
44855
44637
44856
44638
44857
44639
44858
44859
44641
44860
44642
44861
44643
44862
44644
44863
44645
44864
44646
44865
44647
44866
44648
44867
44649
44868
44650
44869
44651
44870
44652
44871
44653
44872
44654
44873
44655
44874
44656
44875
44657
44876
44658
44877
44659
44878
44660
44879
44661
44880
44662
44881
44663
44882
44664
44883
44665
44884
44666
44885
44667
44886
44668
44887
44669
44888
44670
44889
44671
44890
44672
44891
44673
44892
44674
44893
44675
44894
44676
44895
44677
44896
44678
44897
44679
44898
44680
44899
44681
44900
44682
44901
44683
44902
44684
44903
44685
44904
44686
44905
44687
44906
44688
44907
44689
44908
44690
44909
44691
44910
44692
44911
44693
44912
44694
44913
44695
44914
44696
44915
44697
44916
44698
44917
44699
44918
44700
44919
44701
44920
44702
44921
44703
44922
44704
44923
44705
44924
44706
44925
44707
44926
44708
44927
44709
44928
44710
44929
44711
44930
44712
44931
44713
44932
44714
44933
44715
44934
44716
44935
44717
44936
44718
44937
44719
44938
44720
44939
44721
44940
44722
44941
44723
44942
44724
44943
44725
44944
44726
44945
44727
44946
44728
44947
44729
44948
44730
44949
44731
44950
44732
44951
44733
44952
44734
44953
44735
44954
44736
44955
44737
44956
44738
44957
44739
44958
44740
44959
44741
44960
44742
44961
44743
44962
44744
44963
44745
44964
44746
44965
44747
44966
44748
44967
44749
44968
44750
44969
44751
44970
44752
44971
44753
44972
44754
44973
44755
44974
44756
44975
44757
44976
44758
44977
44759
44978
44760
44979
44761
44980
44762
44981
44763
44982
44764
44983
44765
44984
44766
44985
44767
44986
44768
44987
44769
44988
44770
44989
44771
44990
44772
44991
44773
44992
44774
44993
44775
44994
44776
44995
44777
44996
44778
44997
44779
44998
44780
44999
44781
45000
44782
45001
44783
45002
44784
45003
44785
45004
44786
45005
44787
45006
44788
45007
44789
45008
44790
45009
44791
45010
44792
45011
44793
45012
44794
45013
44795
45014
44796
45015
44797
45016
44798
45017
44799
45018
44800
45019
44801
45020
44802
45021
44803
45022
44804
45023
44805
45024
44806
45025
44807
45026
44808
45027
44809
45028
44810
45029
44811
45030
44812
45031
44813
45032
44814
45033
44815
45034
44816
45035
44817
45036
44818
45037
44819
45038
44820
45039
44821
45040
44822
45041
44823
45042
44824
45043
44825
45044
44826
45045
44827
45046
44828
45047
44829
45048
44830
45049
44831
45050
44832
45051
44833
45052
44834
45053
44835
45054
44836
45055
44837
45056
44838
45057
44839
45058
44840
45059
44841
45060
44842
45061
44843
45062
44844
45063
44845
45064
44846
45065
44847
45066
44848
45067
44849
45068
44850
45069
44851
45070
44852
45071
44853
45072
44854
45073
44855
45074
44856
45075
44857
45076
44858
45077
44859
45078
45079
44861
45080
44862
45081
44863
45082
44864
45083
44865
45084
44866
45085
44867
45086
44868
45087
44869
45088
44870
45089
44871
45090
44872
45091
44873
45092
44874
45093
44875
45094
44876
45095
44877
45096
44878
45097
44879
45098
44880
45099
44881
45100
44882
45101
44883
45102
44884
45103
44885
45104
44886
45105
44887
45106
44888
45107
44889
45108
44890
45109
44891
45110
44892
45111
44893
45112
44894
45113
44895
45114
44896
45115
44897
45116
44898
45117
44899
45118
44900
45119
44901
45120
44902
45121
44903
45122
44904
45123
44905
45124
44906
45125
44907
45126
44908
45127
44909
45128
44910
45129
44911
45130
44912
45131
44913
45132
44914
45133
44915
45134
44916
45135
44917
45136
44918
45137
44919
45138
44920
45139
44921
45140
44922
45141
44923
45142
44924
45143
44925
45144
44926
45145
44927
45146
44928
45147
44929
45148
44930
45149
44931
45150
44932
45151
44933
45152
44934
45153
44935
45154
44936
45155
44937
45156
44938
45157
44939
45158
44940
45159
44941
45160
44942
45161
44943
45162
44944
45163
44945
45164
44946
45165
44947
45166
44948
45167
44949
45168
44950
45169
44951
45170
44952
45171
44953
45172
44954
45173
44955
45174
44956
45175
44957
45176
44958
45177
44959
45178
44960
45179
44961
45180
44962
45181
44963
45182
44964
45183
44965
45184
44966
45185
44967
45186
44968
45187
44969
45188
44970
45189
44971
45190
44972
45191
44973
45192
44974
45193
44975
45194
44976
45195
44977
45196
44978
45197
44979
45198
44980
45199
44981
45200
44982
45201
44983
45202
44984
45203
44985
45204
44986
45205
44987
45206
44988
45207
44989
45208
44990
45209
44991
45210
44992
45211
44993
45212
44994
45213
44995
45214
44996
45215
44997
45216
44998
45217
44999
45218
45000
45219
45001
45220
45002
45221
45003
45222
45004
45223
45005
45224
45006
45225
45007
45226
45008
45227
45009
45228
45010
45229
45011
45230
45012
45231
45013
45232
45014
45233
45015
45234
45016
45235
45017
45236
45018
45237
45019
45238
45020
45239
45021
45240
45022
45241
45023
45242
45024
45243
45025
45244
45026
45245
45027
45246
45028
45247
45029
45248
45030
45249
45031
45250
45032
45251
45033
45252
45034
45253
45035
45254
45036
45255
45037
45256
45038
45257
45039
45258
45040
45259
45041
45260
45042
45261
45043
45262
45044
45263
45045
45264
45046
45265
45047
45266
45048
45267
45049
45268
45050
45269
45051
45270
45052
45271
45053
45272
45054
45273
45055
45274
45056
45275
45057
45276
45058
45277
45059
45278
45060
45279
45061
45280
45062
45281
45063
45282
45064
45283
45065
45284
45066
45285
45067
45286
45068
45287
45069
45288
45070
45289
45071
45290
45072
45291
45073
45292
45074
45293
45075
45294
45076
45295
45077
45296
45078
45297
45079
45298
45299
45081
45300
45082
45301
45083
45302
45084
45303
45085
45304
45086
45305
45087
45306
45088
45307
45089
45308
45090
45309
45091
45310
45092
45311
45093
45312
45094
45313
45095
45314
45096
45315
45097
45316
45098
45317
45099
45318
45100
45319
45101
45320
45102
45321
45103
45322
45104
45323
45105
45324
45106
45325
45107
45326
45108
45327
45109
45328
45110
45329
45111
45330
45112
45331
45113
45332
45114
45333
45115
45334
45116
45335
45117
45336
45118
45337
45119
45338
45120
45339
45121
45340
45122
45341
45123
45342
45124
45343
45125
45344
45126
45345
45127
45346
45128
45347
45129
45348
45130
45349
45131
45350
45132
45351
45133
45352
45134
45353
45135
45354
45136
45355
45137
45356
45138
45357
45139
45358
45140
45359
45141
45360
45142
45361
45143
45362
45144
45363
45145
45364
45146
45365
45147
45366
45148
45367
45149
45368
45150
45369
45151
45370
45152
45371
45153
45372
45154
45373
45155
45374
45156
45375
45157
45376
45158
45377
45159
45378
45160
45379
45161
45380
45162
45381
45163
45382
45164
45383
45165
45384
45166
45385
45167
45386
45168
45387
45169
45388
45170
45389
45171
45390
45172
45391
45173
45392
45174
45393
45175
45394
45176
45395
45177
45396
45178
45397
45179
45398
45180
45399
45181
45400
45182
45401
45183
45402
45184
45403
45185
45404
45186
45405
45187
45406
45188
45407
45189
45408
45190
45409
45191
45410
45192
45411
45193
45412
45194
45413
45195
45414
45196
45415
45197
45416
45198
45417
45199
45418
45200
45419
45201
45420
45202
45421
45203
45422
45204
45423
45205
45424
45206
45425
45207
45426
45208
45427
45209
45428
45210
45429
45211
45430
45212
45431
45213
45432
45214
45433
45215
45434
45216
45435
45217
45436
45218
45437
45219
45438
45220
45439
45221
45440
45222
45441
45223
45442
45224
45443
45225
45444
45226
45445
45227
45446
45228
45447
45229
45448
45230
45449
45231
45450
45232
45451
45233
45452
45234
45453
45235
45454
45236
45455
45237
45456
45238
45457
45239
45458
45240
45459
45241
45460
45242
45461
45243
45462
45244
45463
45245
45464
45246
45465
45247
45466
45248
45467
45249
45468
45250
45469
45251
45470
45252
45471
45253
45472
45254
45473
45255
45474
45256
45475
45257
45476
45258
45477
45259
45478
45260
45479
45261
45480
45262
45481
45263
45482
45264
45483
45265
45484
45266
45485
45267
45486
45268
45487
45269
45488
45270
45489
45271
45490
45272
45491
45273
45492
45274
45493
45275
45494
45276
45495
45277
45496
45278
45497
45279
45498
45280
45499
45281
45500
45282
45501
45283
45502
45284
45503
45285
45504
45286
45505
45287
45506
45288
45507
45289
45508
45290
45509
45291
45510
45292
45511
45293
45512
45294
45513
45295
45514
45296
45515
45297
45516
45298
45517
45299
45518
45519
45301
45520
45302
45521
45303
45522
45304
45523
45305
45524
45306
45525
45307
45526
45308
45527
45309
45528
45310
45529
45311
45530
45312
45531
45313
45532
45314
45533
45315
45534
45316
45535
45317
45536
45318
45537
45319
45538
45320
45539
45321
45540
45322
45541
45323
45542
45324
45543
45325
45544
45326
45545
45327
45546
45328
45547
45329
45548
45330
45549
45331
45550
45332
45551
45333
45552
45334
45553
45335
45554
45336
45555
45337
45556
45338
45557
45339
45558
45340
45559
45341
45560
45342
45561
45343
45562
45344
45563
45345
45564
45346
45565
45347
45566
45348
45567
45349
45568
45350
45569
45351
45570
45352
45571
45353
45572
45354
45573
45355
45574
45356
45575
45357
45576
45358
45577
45359
45578
45360
45579
45361
45580
45362
45581
45363
45582
45364
45583
45365
45584
45366
45585
45367
45586
45368
45587
45369
45588
45370
45589
45371
45590
45372
45591
45373
45592
45374
45593
45375
45594
45376
45595
45377
45596
45378
45597
45379
45598
45380
45599
45381
45600
45382
45601
45383
45602
45384
45603
45385
45604
45386
45605
45387
45606
45388
45607
45389
45608
45390
45609
45391
45610
45392
45611
45393
45612
45394
45613
45395
45614
45396
45615
45397
45616
45398
45617
45399
45618
45400
45619
45401
45620
45402
45621
45403
45622
45404
45623
45405
45624
45406
45625
45407
45626
45408
45627
45409
45628
45410
45629
45411
45630
45412
45631
45413
45632
45414
45633
45415
45634
45416
45635
45417
45636
45418
45637
45419
45638
45420
45639
45421
45640
45422
45641
45423
45642
45424
45643
45425
45644
45426
45645
45427
45646
45428
45647
45429
45648
45430
45649
45431
45650
45432
45651
45433
45652
45434
45653
45435
45654
45436
45655
45437
45656
45438
45657
45439
45658
45440
45659
45441
45660
45442
45661
45443
45662
45444
45663
45445
45664
45446
45665
45447
45666
45448
45667
45449
45668
45450
45669
45451
45670
45452
45671
45453
45672
45454
45673
45455
45674
45456
45675
45457
45676
45458
45677
45459
45678
45460
45679
45461
45680
45462
45681
45463
45682
45464
45683
45465
45684
45466
45685
45467
45686
45468
45687
45469
45688
45470
45689
45471
45690
45472
45691
45473
45692
45474
45693
45475
45694
45476
45695
45477
45696
45478
45697
45479
45698
45480
45699
45481
45700
45482
45701
45483
45702
45484
45703
45485
45704
45486
45705
45487
45706
45488
45707
45489
45708
45490
45709
45491
45710
45492
45711
45493
45712
45494
45713
45495
45714
45496
45715
45497
45716
45498
45717
45499
45718
45500
45719
45501
45720
45502
45721
45503
45722
45504
45723
45505
45724
45506
45725
45507
45726
45508
45727
45509
45728
45510
45729
45511
45730
45512
45731
45513
45732
45514
45733
45515
45734
45516
45735
45517
45736
45518
45737
45519
45738
45739
45521
45740
45522
45741
45523
45742
45524
45743
45525
45744
45526
45745
45527
45746
45528
45747
45529
45748
45530
45749
45531
45750
45532
45751
45533
45752
45534
45753
45535
45754
45536
45755
45537
45756
45538
45757
45539
45758
45540
45759
45541
45760
45542
45761
45543
45762
45544
45763
45545
45764
45546
45765
45547
45766
45548
45767
45549
45768
45550
45769
45551
45770
45552
45771
45553
45772
45554
45773
45555
45774
45556
45775
45557
45776
45558
45777
45559
45778
45560
45779
45561
45780
45562
45781
45563
45782
45564
45783
45565
45784
45566
45785
45567
45786
45568
45787
45569
45788
45570
45789
45571
45790
45572
45791
45573
45792
45574
45793
45575
45794
45576
45795
45577
45796
45578
45797
45579
45798
45580
45799
45581
45800
45582
45801
45583
45802
45584
45803
45585
45804
45586
45805
45587
45806
45588
45807
45589
45808
45590
45809
45591
45810
45592
45811
45593
45812
45594
45813
45595
45814
45596
45815
45597
45816
45598
45817
45599
45818
45600
45819
45601
45820
45602
45821
45603
45822
45604
45823
45605
45824
45606
45825
45607
45826
45608
45827
45609
45828
45610
45829
45611
45830
45612
45831
45613
45832
45614
45833
45615
45834
45616
45835
45617
45836
45618
45837
45619
45838
45620
45839
45621
45840
45622
45841
45623
45842
45624
45843
45625
45844
45626
45845
45627
45846
45628
45847
45629
45848
45630
45849
45631
45850
45632
45851
45633
45852
45634
45853
45635
45854
45636
45855
45637
45856
45638
45857
45639
45858
45640
45859
45641
45860
45642
45861
45643
45862
45644
45863
45645
45864
45646
45865
45647
45866
45648
45867
45649
45868
45650
45869
45651
45870
45652
45871
45653
45872
45654
45873
45655
45874
45656
45875
45657
45876
45658
45877
45659
45878
45660
45879
45661
45880
45662
45881
45663
45882
45664
45883
45665
45884
45666
45885
45667
45886
45668
45887
45669
45888
45670
45889
45671
45890
45672
45891
45673
45892
45674
45893
45675
45894
45676
45895
45677
45896
45678
45897
45679
45898
45680
45899
45681
45900
45682
45901
45683
45902
45684
45903
45685
45904
45686
45905
45687
45906
45688
45907
45689
45908
45690
45909
45691
45910
45692
45911
45693
45912
45694
45913
45695
45914
45696
45915
45697
45916
45698
45917
45699
45918
45700
45919
45701
45920
45702
45921
45703
45922
45704
45923
45705
45924
45706
45925
45707
45926
45708
45927
45709
45928
45710
45929
45711
45930
45712
45931
45713
45932
45714
45933
45715
45934
45716
45935
45717
45936
45718
45937
45719
45938
45720
45939
45721
45940
45722
45941
45723
45942
45724
45943
45725
45944
45726
45945
45727
45946
45728
45947
45729
45948
45730
45949
45731
45950
45732
45951
45733
45952
45734
45953
45735
45954
45736
45955
45737
45956
45738
45957
45739
45958
45959
45741
45960
45742
45961
45743
45962
45744
45963
45745
45964
45746
45965
45747
45966
45748
45967
45749
45968
45750
45969
45751
45970
45752
45971
45753
45972
45754
45973
45755
45974
45756
45975
45757
45976
45758
45977
45759
45978
45760
45979
45761
45980
45762
45981
45763
45982
45764
45983
45765
45984
45766
45985
45767
45986
45768
45987
45769
45988
45770
45989
45771
45990
45772
45991
45773
45992
45774
45993
45775
45994
45776
45995
45777
45996
45778
45997
45779
45998
45780
45999
45781
46000
45782
46001
45783
46002
45784
46003
45785
46004
45786
46005
45787
46006
45788
46007
45789
46008
45790
46009
45791
46010
45792
46011
45793
46012
45794
46013
45795
46014
45796
46015
45797
46016
45798
46017
45799
46018
45800
46019
45801
46020
45802
46021
45803
46022
45804
46023
45805
46024
45806
46025
45807
46026
45808
46027
45809
46028
45810
46029
45811
46030
45812
46031
45813
46032
45814
46033
45815
46034
45816
46035
45817
46036
45818
46037
45819
46038
45820
46039
45821
46040
45822
46041
45823
46042
45824
46043
45825
46044
45826
46045
45827
46046
45828
46047
45829
46048
45830
46049
45831
46050
45832
46051
45833
46052
45834
46053
45835
46054
45836
46055
45837
46056
45838
46057
45839
46058
45840
46059
45841
46060
45842
46061
45843
46062
45844
46063
45845
46064
45846
46065
45847
46066
45848
46067
45849
46068
45850
46069
45851
46070
45852
46071
45853
46072
45854
46073
45855
46074
45856
46075
45857
46076
45858
46077
45859
46078
45860
46079
45861
46080
45862
46081
45863
46082
45864
46083
45865
46084
45866
46085
45867
46086
45868
46087
45869
46088
45870
46089
45871
46090
45872
46091
45873
46092
45874
46093
45875
46094
45876
46095
45877
46096
45878
46097
45879
46098
45880
46099
45881
46100
45882
46101
45883
46102
45884
46103
45885
46104
45886
46105
45887
46106
45888
46107
45889
46108
45890
46109
45891
46110
45892
46111
45893
46112
45894
46113
45895
46114
45896
46115
45897
46116
45898
46117
45899
46118
45900
46119
45901
46120
45902
46121
45903
46122
45904
46123
45905
46124
45906
46125
45907
46126
45908
46127
45909
46128
45910
46129
45911
46130
45912
46131
45913
46132
45914
46133
45915
46134
45916
46135
45917
46136
45918
46137
45919
46138
45920
46139
45921
46140
45922
46141
45923
46142
45924
46143
45925
46144
45926
46145
45927
46146
45928
46147
45929
46148
45930
46149
45931
46150
45932
46151
45933
46152
45934
46153
45935
46154
45936
46155
45937
46156
45938
46157
45939
46158
45940
46159
45941
46160
45942
46161
45943
46162
45944
46163
45945
46164
45946
46165
45947
46166
45948
46167
45949
46168
45950
46169
45951
46170
45952
46171
45953
46172
45954
46173
45955
46174
45956
46175
45957
46176
45958
46177
45959
46178
46179
45961
46180
45962
46181
45963
46182
45964
46183
45965
46184
45966
46185
45967
46186
45968
46187
45969
46188
45970
46189
45971
46190
45972
46191
45973
46192
45974
46193
45975
46194
45976
46195
45977
46196
45978
46197
45979
46198
45980
46199
45981
46200
45982
46201
45983
46202
45984
46203
45985
46204
45986
46205
45987
46206
45988
46207
45989
46208
45990
46209
45991
46210
45992
46211
45993
46212
45994
46213
45995
46214
45996
46215
45997
46216
45998
46217
45999
46218
46000
46219
46001
46220
46002
46221
46003
46222
46004
46223
46005
46224
46006
46225
46007
46226
46008
46227
46009
46228
46010
46229
46011
46230
46012
46231
46013
46232
46014
46233
46015
46234
46016
46235
46017
46236
46018
46237
46019
46238
46020
46239
46021
46240
46022
46241
46023
46242
46024
46243
46025
46244
46026
46245
46027
46246
46028
46247
46029
46248
46030
46249
46031
46250
46032
46251
46033
46252
46034
46253
46035
46254
46036
46255
46037
46256
46038
46257
46039
46258
46040
46259
46041
46260
46042
46261
46043
46262
46044
46263
46045
46264
46046
46265
46047
46266
46048
46267
46049
46268
46050
46269
46051
46270
46052
46271
46053
46272
46054
46273
46055
46274
46056
46275
46057
46276
46058
46277
46059
46278
46060
46279
46061
46280
46062
46281
46063
46282
46064
46283
46065
46284
46066
46285
46067
46286
46068
46287
46069
46288
46070
46289
46071
46290
46072
46291
46073
46292
46074
46293
46075
46294
46076
46295
46077
46296
46078
46297
46079
46298
46080
46299
46081
46300
46082
46301
46083
46302
46084
46303
46085
46304
46086
46305
46087
46306
46088
46307
46089
46308
46090
46309
46091
46310
46092
46311
46093
46312
46094
46313
46095
46314
46096
46315
46097
46316
46098
46317
46099
46318
46100
46319
46101
46320
46102
46321
46103
46322
46104
46323
46105
46324
46106
46325
46107
46326
46108
46327
46109
46328
46110
46329
46111
46330
46112
46331
46113
46332
46114
46333
46115
46334
46116
46335
46117
46336
46118
46337
46119
46338
46120
46339
46121
46340
46122
46341
46123
46342
46124
46343
46125
46344
46126
46345
46127
46346
46128
46347
46129
46348
46130
46349
46131
46350
46132
46351
46133
46352
46134
46353
46135
46354
46136
46355
46137
46356
46138
46357
46139
46358
46140
46359
46141
46360
46142
46361
46143
46362
46144
46363
46145
46364
46146
46365
46147
46366
46148
46367
46149
46368
46150
46369
46151
46370
46152
46371
46153
46372
46154
46373
46155
46374
46156
46375
46157
46376
46158
46377
46159
46378
46160
46379
46161
46380
46162
46381
46163
46382
46164
46383
46165
46384
46166
46385
46167
46386
46168
46387
46169
46388
46170
46389
46171
46390
46172
46391
46173
46392
46174
46393
46175
46394
46176
46395
46177
46396
46178
46397
46179
46398
46399
46181
46400
46182
46401
46183
46402
46184
46403
46185
46404
46186
46405
46187
46406
46188
46407
46189
46408
46190
46409
46191
46410
46192
46411
46193
46412
46194
46413
46195
46414
46196
46415
46197
46416
46198
46417
46199
46418
46200
46419
46201
46420
46202
46421
46203
46422
46204
46423
46205
46424
46206
46425
46207
46426
46208
46427
46209
46428
46210
46429
46211
46430
46212
46431
46213
46432
46214
46433
46215
46434
46216
46435
46217
46436
46218
46437
46219
46438
46220
46439
46221
46440
46222
46441
46223
46442
46224
46443
46225
46444
46226
46445
46227
46446
46228
46447
46229
46448
46230
46449
46231
46450
46232
46451
46233
46452
46234
46453
46235
46454
46236
46455
46237
46456
46238
46457
46239
46458
46240
46459
46241
46460
46242
46461
46243
46462
46244
46463
46245
46464
46246
46465
46247
46466
46248
46467
46249
46468
46250
46469
46251
46470
46252
46471
46253
46472
46254
46473
46255
46474
46256
46475
46257
46476
46258
46477
46259
46478
46260
46479
46261
46480
46262
46481
46263
46482
46264
46483
46265
46484
46266
46485
46267
46486
46268
46487
46269
46488
46270
46489
46271
46490
46272
46491
46273
46492
46274
46493
46275
46494
46276
46495
46277
46496
46278
46497
46279
46498
46280
46499
46281
46500
46282
46501
46283
46502
46284
46503
46285
46504
46286
46505
46287
46506
46288
46507
46289
46508
46290
46509
46291
46510
46292
46511
46293
46512
46294
46513
46295
46514
46296
46515
46297
46516
46298
46517
46299
46518
46300
46519
46301
46520
46302
46521
46303
46522
46304
46523
46305
46524
46306
46525
46307
46526
46308
46527
46309
46528
46310
46529
46311
46530
46312
46531
46313
46532
46314
46533
46315
46534
46316
46535
46317
46536
46318
46537
46319
46538
46320
46539
46321
46540
46322
46541
46323
46542
46324
46543
46325
46544
46326
46545
46327
46546
46328
46547
46329
46548
46330
46549
46331
46550
46332
46551
46333
46552
46334
46553
46335
46554
46336
46555
46337
46556
46338
46557
46339
46558
46340
46559
46341
46560
46342
46561
46343
46562
46344
46563
46345
46564
46346
46565
46347
46566
46348
46567
46349
46568
46350
46569
46351
46570
46352
46571
46353
46572
46354
46573
46355
46574
46356
46575
46357
46576
46358
46577
46359
46578
46360
46579
46361
46580
46362
46581
46363
46582
46364
46583
46365
46584
46366
46585
46367
46586
46368
46587
46369
46588
46370
46589
46371
46590
46372
46591
46373
46592
46374
46593
46375
46594
46376
46595
46377
46596
46378
46597
46379
46598
46380
46599
46381
46600
46382
46601
46383
46602
46384
46603
46385
46604
46386
46605
46387
46606
46388
46607
46389
46608
46390
46609
46391
46610
46392
46611
46393
46612
46394
46613
46395
46614
46396
46615
46397
46616
46398
46617
46399
46618
46619
46401
46620
46402
46621
46403
46622
46404
46623
46405
46624
46406
46625
46407
46626
46408
46627
46409
46628
46410
46629
46411
46630
46412
46631
46413
46632
46414
46633
46415
46634
46416
46635
46417
46636
46418
46637
46419
46638
46420
46639
46421
46640
46422
46641
46423
46642
46424
46643
46425
46644
46426
46645
46427
46646
46428
46647
46429
46648
46430
46649
46431
46650
46432
46651
46433
46652
46434
46653
46435
46654
46436
46655
46437
46656
46438
46657
46439
46658
46440
46659
46441
46660
46442
46661
46443
46662
46444
46663
46445
46664
46446
46665
46447
46666
46448
46667
46449
46668
46450
46669
46451
46670
46452
46671
46453
46672
46454
46673
46455
46674
46456
46675
46457
46676
46458
46677
46459
46678
46460
46679
46461
46680
46462
46681
46463
46682
46464
46683
46465
46684
46466
46685
46467
46686
46468
46687
46469
46688
46470
46689
46471
46690
46472
46691
46473
46692
46474
46693
46475
46694
46476
46695
46477
46696
46478
46697
46479
46698
46480
46699
46481
46700
46482
46701
46483
46702
46484
46703
46485
46704
46486
46705
46487
46706
46488
46707
46489
46708
46490
46709
46491
46710
46492
46711
46493
46712
46494
46713
46495
46714
46496
46715
46497
46716
46498
46717
46499
46718
46500
46719
46501
46720
46502
46721
46503
46722
46504
46723
46505
46724
46506
46725
46507
46726
46508
46727
46509
46728
46510
46729
46511
46730
46512
46731
46513
46732
46514
46733
46515
46734
46516
46735
46517
46736
46518
46737
46519
46738
46520
46739
46521
46740
46522
46741
46523
46742
46524
46743
46525
46744
46526
46745
46527
46746
46528
46747
46529
46748
46530
46749
46531
46750
46532
46751
46533
46752
46534
46753
46535
46754
46536
46755
46537
46756
46538
46757
46539
46758
46540
46759
46541
46760
46542
46761
46543
46762
46544
46763
46545
46764
46546
46765
46547
46766
46548
46767
46549
46768
46550
46769
46551
46770
46552
46771
46553
46772
46554
46773
46555
46774
46556
46775
46557
46776
46558
46777
46559
46778
46560
46779
46561
46780
46562
46781
46563
46782
46564
46783
46565
46784
46566
46785
46567
46786
46568
46787
46569
46788
46570
46789
46571
46790
46572
46791
46573
46792
46574
46793
46575
46794
46576
46795
46577
46796
46578
46797
46579
46798
46580
46799
46581
46800
46582
46801
46583
46802
46584
46803
46585
46804
46586
46805
46587
46806
46588
46807
46589
46808
46590
46809
46591
46810
46592
46811
46593
46812
46594
46813
46595
46814
46596
46815
46597
46816
46598
46817
46599
46818
46600
46819
46601
46820
46602
46821
46603
46822
46604
46823
46605
46824
46606
46825
46607
46826
46608
46827
46609
46828
46610
46829
46611
46830
46612
46831
46613
46832
46614
46833
46615
46834
46616
46835
46617
46836
46618
46837
46619
46838
46839
46621
46840
46622
46841
46623
46842
46624
46843
46625
46844
46626
46845
46627
46846
46628
46847
46629
46848
46630
46849
46631
46850
46632
46851
46633
46852
46634
46853
46635
46854
46636
46855
46637
46856
46638
46857
46639
46858
46640
46859
46641
46860
46642
46861
46643
46862
46644
46863
46645
46864
46646
46865
46647
46866
46648
46867
46649
46868
46650
46869
46651
46870
46652
46871
46653
46872
46654
46873
46655
46874
46656
46875
46657
46876
46658
46877
46659
46878
46660
46879
46661
46880
46662
46881
46663
46882
46664
46883
46665
46884
46666
46885
46667
46886
46668
46887
46669
46888
46670
46889
46671
46890
46672
46891
46673
46892
46674
46893
46675
46894
46676
46895
46677
46896
46678
46897
46679
46898
46680
46899
46681
46900
46682
46901
46683
46902
46684
46903
46685
46904
46686
46905
46687
46906
46688
46907
46689
46908
46690
46909
46691
46910
46692
46911
46693
46912
46694
46913
46695
46914
46696
46915
46697
46916
46698
46917
46699
46918
46700
46919
46701
46920
46702
46921
46703
46922
46704
46923
46705
46924
46706
46925
46707
46926
46708
46927
46709
46928
46710
46929
46711
46930
46712
46931
46713
46932
46714
46933
46715
46934
46716
46935
46717
46936
46718
46937
46719
46938
46720
46939
46721
46940
46722
46941
46723
46942
46724
46943
46725
46944
46726
46945
46727
46946
46728
46947
46729
46948
46730
46949
46731
46950
46732
46951
46733
46952
46734
46953
46735
46954
46736
46955
46737
46956
46738
46957
46739
46958
46740
46959
46741
46960
46742
46961
46743
46962
46744
46963
46745
46964
46746
46965
46747
46966
46748
46967
46749
46968
46750
46969
46751
46970
46752
46971
46753
46972
46754
46973
46755
46974
46756
46975
46757
46976
46758
46977
46759
46978
46760
46979
46761
46980
46762
46981
46763
46982
46764
46983
46765
46984
46766
46985
46767
46986
46768
46987
46769
46988
46770
46989
46771
46990
46772
46991
46773
46992
46774
46993
46775
46994
46776
46995
46777
46996
46778
46997
46779
46998
46780
46999
46781
47000
46782
47001
46783
47002
46784
47003
46785
47004
46786
47005
46787
47006
46788
47007
46789
47008
46790
47009
46791
47010
46792
47011
46793
47012
46794
47013
46795
47014
46796
47015
46797
47016
46798
47017
46799
47018
46800
47019
46801
47020
46802
47021
46803
47022
46804
47023
46805
47024
46806
47025
46807
47026
46808
47027
46809
47028
46810
47029
46811
47030
46812
47031
46813
47032
46814
47033
46815
47034
46816
47035
46817
47036
46818
47037
46819
47038
46820
47039
46821
47040
46822
47041
46823
47042
46824
47043
46825
47044
46826
47045
46827
47046
46828
47047
46829
47048
46830
47049
46831
47050
46832
47051
46833
47052
46834
47053
46835
47054
46836
47055
46837
47056
46838
47057
46839
47058
47059
46841
47060
46842
47061
46843
47062
46844
47063
46845
47064
46846
47065
46847
47066
46848
47067
46849
47068
46850
47069
46851
47070
46852
47071
46853
47072
46854
47073
46855
47074
46856
47075
46857
47076
46858
47077
46859
47078
46860
47079
46861
47080
46862
47081
46863
47082
46864
47083
46865
47084
46866
47085
46867
47086
46868
47087
46869
47088
46870
47089
46871
47090
46872
47091
46873
47092
46874
47093
46875
47094
46876
47095
46877
47096
46878
47097
46879
47098
46880
47099
46881
47100
46882
47101
46883
47102
46884
47103
46885
47104
46886
47105
46887
47106
46888
47107
46889
47108
46890
47109
46891
47110
46892
47111
46893
47112
46894
47113
46895
47114
46896
47115
46897
47116
46898
47117
46899
47118
46900
47119
46901
47120
46902
47121
46903
47122
46904
47123
46905
47124
46906
47125
46907
47126
46908
47127
46909
47128
46910
47129
46911
47130
46912
47131
46913
47132
46914
47133
46915
47134
46916
47135
46917
47136
46918
47137
46919
47138
46920
47139
46921
47140
46922
47141
46923
47142
46924
47143
46925
47144
46926
47145
46927
47146
46928
47147
46929
47148
46930
47149
46931
47150
46932
47151
46933
47152
46934
47153
46935
47154
46936
47155
46937
47156
46938
47157
46939
47158
46940
47159
46941
47160
46942
47161
46943
47162
46944
47163
46945
47164
46946
47165
46947
47166
46948
47167
46949
47168
46950
47169
46951
47170
46952
47171
46953
47172
46954
47173
46955
47174
46956
47175
46957
47176
46958
47177
46959
47178
46960
47179
46961
47180
46962
47181
46963
47182
46964
47183
46965
47184
46966
47185
46967
47186
46968
47187
46969
47188
46970
47189
46971
47190
46972
47191
46973
47192
46974
47193
46975
47194
46976
47195
46977
47196
46978
47197
46979
47198
46980
47199
46981
47200
46982
47201
46983
47202
46984
47203
46985
47204
46986
47205
46987
47206
46988
47207
46989
47208
46990
47209
46991
47210
46992
47211
46993
47212
46994
47213
46995
47214
46996
47215
46997
47216
46998
47217
46999
47218
47000
47219
47001
47220
47002
47221
47003
47222
47004
47223
47005
47224
47006
47225
47007
47226
47008
47227
47009
47228
47010
47229
47011
47230
47012
47231
47013
47232
47014
47233
47015
47234
47016
47235
47017
47236
47018
47237
47019
47238
47020
47239
47021
47240
47022
47241
47023
47242
47024
47243
47025
47244
47026
47245
47027
47246
47028
47247
47029
47248
47030
47249
47031
47250
47032
47251
47033
47252
47034
47253
47035
47254
47036
47255
47037
47256
47038
47257
47039
47258
47040
47259
47041
47260
47042
47261
47043
47262
47044
47263
47045
47264
47046
47265
47047
47266
47048
47267
47049
47268
47050
47269
47051
47270
47052
47271
47053
47272
47054
47273
47055
47274
47056
47275
47057
47276
47058
47277
47059
47278
47279
47061
47280
47062
47281
47063
47282
47064
47283
47065
47284
47066
47285
47067
47286
47068
47287
47069
47288
47070
47289
47071
47290
47072
47291
47073
47292
47074
47293
47075
47294
47076
47295
47077
47296
47078
47297
47079
47298
47080
47299
47081
47300
47082
47301
47083
47302
47084
47303
47085
47304
47086
47305
47087
47306
47088
47307
47089
47308
47090
47309
47091
47310
47092
47311
47093
47312
47094
47313
47095
47314
47096
47315
47097
47316
47098
47317
47099
47318
47100
47319
47101
47320
47102
47321
47103
47322
47104
47323
47105
47324
47106
47325
47107
47326
47108
47327
47109
47328
47110
47329
47111
47330
47112
47331
47113
47332
47114
47333
47115
47334
47116
47335
47117
47336
47118
47337
47119
47338
47120
47339
47121
47340
47122
47341
47123
47342
47124
47343
47125
47344
47126
47345
47127
47346
47128
47347
47129
47348
47130
47349
47131
47350
47132
47351
47133
47352
47134
47353
47135
47354
47136
47355
47137
47356
47138
47357
47139
47358
47140
47359
47141
47360
47142
47361
47143
47362
47144
47363
47145
47364
47146
47365
47147
47366
47148
47367
47149
47368
47150
47369
47151
47370
47152
47371
47153
47372
47154
47373
47155
47374
47156
47375
47157
47376
47158
47377
47159
47378
47160
47379
47161
47380
47162
47381
47163
47382
47164
47383
47165
47384
47166
47385
47167
47386
47168
47387
47169
47388
47170
47389
47171
47390
47172
47391
47173
47392
47174
47393
47175
47394
47176
47395
47177
47396
47178
47397
47179
47398
47180
47399
47181
47400
47182
47401
47183
47402
47184
47403
47185
47404
47186
47405
47187
47406
47188
47407
47189
47408
47190
47409
47191
47410
47192
47411
47193
47412
47194
47413
47195
47414
47196
47415
47197
47416
47198
47417
47199
47418
47200
47419
47201
47420
47202
47421
47203
47422
47204
47423
47205
47424
47206
47425
47207
47426
47208
47427
47209
47428
47210
47429
47211
47430
47212
47431
47213
47432
47214
47433
47215
47434
47216
47435
47217
47436
47218
47437
47219
47438
47220
47439
47221
47440
47222
47441
47223
47442
47224
47443
47225
47444
47226
47445
47227
47446
47228
47447
47229
47448
47230
47449
47231
47450
47232
47451
47233
47452
47234
47453
47235
47454
47236
47455
47237
47456
47238
47457
47239
47458
47240
47459
47241
47460
47242
47461
47243
47462
47244
47463
47245
47464
47246
47465
47247
47466
47248
47467
47249
47468
47250
47469
47251
47470
47252
47471
47253
47472
47254
47473
47255
47474
47256
47475
47257
47476
47258
47477
47259
47478
47260
47479
47261
47480
47262
47481
47263
47482
47264
47483
47265
47484
47266
47485
47267
47486
47268
47487
47269
47488
47270
47489
47271
47490
47272
47491
47273
47492
47274
47493
47275
47494
47276
47495
47277
47496
47278
47497
47279
47498
47499
47281
47500
47282
47501
47283
47502
47284
47503
47285
47504
47286
47505
47287
47506
47288
47507
47289
47508
47290
47509
47291
47510
47292
47511
47293
47512
47294
47513
47295
47514
47296
47515
47297
47516
47298
47517
47299
47518
47300
47519
47301
47520
47302
47521
47303
47522
47304
47523
47305
47524
47306
47525
47307
47526
47308
47527
47309
47528
47310
47529
47311
47530
47312
47531
47313
47532
47314
47533
47315
47534
47316
47535
47317
47536
47318
47537
47319
47538
47320
47539
47321
47540
47322
47541
47323
47542
47324
47543
47325
47544
47326
47545
47327
47546
47328
47547
47329
47548
47330
47549
47331
47550
47332
47551
47333
47552
47334
47553
47335
47554
47336
47555
47337
47556
47338
47557
47339
47558
47340
47559
47341
47560
47342
47561
47343
47562
47344
47563
47345
47564
47346
47565
47347
47566
47348
47567
47349
47568
47350
47569
47351
47570
47352
47571
47353
47572
47354
47573
47355
47574
47356
47575
47357
47576
47358
47577
47359
47578
47360
47579
47361
47580
47362
47581
47363
47582
47364
47583
47365
47584
47366
47585
47367
47586
47368
47587
47369
47588
47370
47589
47371
47590
47372
47591
47373
47592
47374
47593
47375
47594
47376
47595
47377
47596
47378
47597
47379
47598
47380
47599
47381
47600
47382
47601
47383
47602
47384
47603
47385
47604
47386
47605
47387
47606
47388
47607
47389
47608
47390
47609
47391
47610
47392
47611
47393
47612
47394
47613
47395
47614
47396
47615
47397
47616
47398
47617
47399
47618
47400
47619
47401
47620
47402
47621
47403
47622
47404
47623
47405
47624
47406
47625
47407
47626
47408
47627
47409
47628
47410
47629
47411
47630
47412
47631
47413
47632
47414
47633
47415
47634
47416
47635
47417
47636
47418
47637
47419
47638
47420
47639
47421
47640
47422
47641
47423
47642
47424
47643
47425
47644
47426
47645
47427
47646
47428
47647
47429
47648
47430
47649
47431
47650
47432
47651
47433
47652
47434
47653
47435
47654
47436
47655
47437
47656
47438
47657
47439
47658
47440
47659
47441
47660
47442
47661
47443
47662
47444
47663
47445
47664
47446
47665
47447
47666
47448
47667
47449
47668
47450
47669
47451
47670
47452
47671
47453
47672
47454
47673
47455
47674
47456
47675
47457
47676
47458
47677
47459
47678
47460
47679
47461
47680
47462
47681
47463
47682
47464
47683
47465
47684
47466
47685
47467
47686
47468
47687
47469
47688
47470
47689
47471
47690
47472
47691
47473
47692
47474
47693
47475
47694
47476
47695
47477
47696
47478
47697
47479
47698
47480
47699
47481
47700
47482
47701
47483
47702
47484
47703
47485
47704
47486
47705
47487
47706
47488
47707
47489
47708
47490
47709
47491
47710
47492
47711
47493
47712
47494
47713
47495
47714
47496
47715
47497
47716
47498
47717
47499
47718
47719
47501
47720
47502
47721
47503
47722
47504
47723
47505
47724
47506
47725
47507
47726
47508
47727
47509
47728
47510
47729
47511
47730
47512
47731
47513
47732
47514
47733
47515
47734
47516
47735
47517
47736
47518
47737
47519
47738
47520
47739
47521
47740
47522
47741
47523
47742
47524
47743
47525
47744
47526
47745
47527
47746
47528
47747
47529
47748
47530
47749
47531
47750
47532
47751
47533
47752
47534
47753
47535
47754
47536
47755
47537
47756
47538
47757
47539
47758
47540
47759
47541
47760
47542
47761
47543
47762
47544
47763
47545
47764
47546
47765
47547
47766
47548
47767
47549
47768
47550
47769
47551
47770
47552
47771
47553
47772
47554
47773
47555
47774
47556
47775
47557
47776
47558
47777
47559
47778
47560
47779
47561
47780
47562
47781
47563
47782
47564
47783
47565
47784
47566
47785
47567
47786
47568
47787
47569
47788
47570
47789
47571
47790
47572
47791
47573
47792
47574
47793
47575
47794
47576
47795
47577
47796
47578
47797
47579
47798
47580
47799
47581
47800
47582
47801
47583
47802
47584
47803
47585
47804
47586
47805
47587
47806
47588
47807
47589
47808
47590
47809
47591
47810
47592
47811
47593
47812
47594
47813
47595
47814
47596
47815
47597
47816
47598
47817
47599
47818
47600
47819
47601
47820
47602
47821
47603
47822
47604
47823
47605
47824
47606
47825
47607
47826
47608
47827
47609
47828
47610
47829
47611
47830
47612
47831
47613
47832
47614
47833
47615
47834
47616
47835
47617
47836
47618
47837
47619
47838
47620
47839
47621
47840
47622
47841
47623
47842
47624
47843
47625
47844
47626
47845
47627
47846
47628
47847
47629
47848
47630
47849
47631
47850
47632
47851
47633
47852
47634
47853
47635
47854
47636
47855
47637
47856
47638
47857
47639
47858
47640
47859
47641
47860
47642
47861
47643
47862
47644
47863
47645
47864
47646
47865
47647
47866
47648
47867
47649
47868
47650
47869
47651
47870
47652
47871
47653
47872
47654
47873
47655
47874
47656
47875
47657
47876
47658
47877
47659
47878
47660
47879
47661
47880
47662
47881
47663
47882
47664
47883
47665
47884
47666
47885
47667
47886
47668
47887
47669
47888
47670
47889
47671
47890
47672
47891
47673
47892
47674
47893
47675
47894
47676
47895
47677
47896
47678
47897
47679
47898
47680
47899
47681
47900
47682
47901
47683
47902
47684
47903
47685
47904
47686
47905
47687
47906
47688
47907
47689
47908
47690
47909
47691
47910
47692
47911
47693
47912
47694
47913
47695
47914
47696
47915
47697
47916
47698
47917
47699
47918
47700
47919
47701
47920
47702
47921
47703
47922
47704
47923
47705
47924
47706
47925
47707
47926
47708
47927
47709
47928
47710
47929
47711
47930
47712
47931
47713
47932
47714
47933
47715
47934
47716
47935
47717
47936
47718
47937
47719
47938
47939
47721
47940
47722
47941
47723
47942
47724
47943
47725
47944
47726
47945
47727
47946
47728
47947
47729
47948
47730
47949
47731
47950
47732
47951
47733
47952
47734
47953
47735
47954
47736
47955
47737
47956
47738
47957
47739
47958
47740
47959
47741
47960
47742
47961
47743
47962
47744
47963
47745
47964
47746
47965
47747
47966
47748
47967
47749
47968
47750
47969
47751
47970
47752
47971
47753
47972
47754
47973
47755
47974
47756
47975
47757
47976
47758
47977
47759
47978
47760
47979
47761
47980
47762
47981
47763
47982
47764
47983
47765
47984
47766
47985
47767
47986
47768
47987
47769
47988
47770
47989
47771
47990
47772
47991
47773
47992
47774
47993
47775
47994
47776
47995
47777
47996
47778
47997
47779
47998
47780
47999
47781
48000
47782
48001
47783
48002
47784
48003
47785
48004
47786
48005
47787
48006
47788
48007
47789
48008
47790
48009
47791
48010
47792
48011
47793
48012
47794
48013
47795
48014
47796
48015
47797
48016
47798
48017
47799
48018
47800
48019
47801
48020
47802
48021
47803
48022
47804
48023
47805
48024
47806
48025
47807
48026
47808
48027
47809
48028
47810
48029
47811
48030
47812
48031
47813
48032
47814
48033
47815
48034
47816
48035
47817
48036
47818
48037
47819
48038
47820
48039
47821
48040
47822
48041
47823
48042
47824
48043
47825
48044
47826
48045
47827
48046
47828
48047
47829
48048
47830
48049
47831
48050
47832
48051
47833
48052
47834
48053
47835
48054
47836
48055
47837
48056
47838
48057
47839
48058
47840
48059
47841
48060
47842
48061
47843
48062
47844
48063
47845
48064
47846
48065
47847
48066
47848
48067
47849
48068
47850
48069
47851
48070
47852
48071
47853
48072
47854
48073
47855
48074
47856
48075
47857
48076
47858
48077
47859
48078
47860
48079
47861
48080
47862
48081
47863
48082
47864
48083
47865
48084
47866
48085
47867
48086
47868
48087
47869
48088
47870
48089
47871
48090
47872
48091
47873
48092
47874
48093
47875
48094
47876
48095
47877
48096
47878
48097
47879
48098
47880
48099
47881
48100
47882
48101
47883
48102
47884
48103
47885
48104
47886
48105
47887
48106
47888
48107
47889
48108
47890
48109
47891
48110
47892
48111
47893
48112
47894
48113
47895
48114
47896
48115
47897
48116
47898
48117
47899
48118
47900
48119
47901
48120
47902
48121
47903
48122
47904
48123
47905
48124
47906
48125
47907
48126
47908
48127
47909
48128
47910
48129
47911
48130
47912
48131
47913
48132
47914
48133
47915
48134
47916
48135
47917
48136
47918
48137
47919
48138
47920
48139
47921
48140
47922
48141
47923
48142
47924
48143
47925
48144
47926
48145
47927
48146
47928
48147
47929
48148
47930
48149
47931
48150
47932
48151
47933
48152
47934
48153
47935
48154
47936
48155
47937
48156
47938
48157
47939
48158
48159
47941
48160
47942
48161
47943
48162
47944
48163
47945
48164
47946
48165
47947
48166
47948
48167
47949
48168
47950
48169
47951
48170
47952
48171
47953
48172
47954
48173
47955
48174
47956
48175
47957
48176
47958
48177
47959
48178
47960
48179
47961
48180
47962
48181
47963
48182
47964
48183
47965
48184
47966
48185
47967
48186
47968
48187
47969
48188
47970
48189
47971
48190
47972
48191
47973
48192
47974
48193
47975
48194
47976
48195
47977
48196
47978
48197
47979
48198
47980
48199
47981
48200
47982
48201
47983
48202
47984
48203
47985
48204
47986
48205
47987
48206
47988
48207
47989
48208
47990
48209
47991
48210
47992
48211
47993
48212
47994
48213
47995
48214
47996
48215
47997
48216
47998
48217
47999
48218
48000
48219
48001
48220
48002
48221
48003
48222
48004
48223
48005
48224
48006
48225
48007
48226
48008
48227
48009
48228
48010
48229
48011
48230
48012
48231
48013
48232
48014
48233
48015
48234
48016
48235
48017
48236
48018
48237
48019
48238
48020
48239
48021
48240
48022
48241
48023
48242
48024
48243
48025
48244
48026
48245
48027
48246
48028
48247
48029
48248
48030
48249
48031
48250
48032
48251
48033
48252
48034
48253
48035
48254
48036
48255
48037
48256
48038
48257
48039
48258
48040
48259
48041
48260
48042
48261
48043
48262
48044
48263
48045
48264
48046
48265
48047
48266
48048
48267
48049
48268
48050
48269
48051
48270
48052
48271
48053
48272
48054
48273
48055
48274
48056
48275
48057
48276
48058
48277
48059
48278
48060
48279
48061
48280
48062
48281
48063
48282
48064
48283
48065
48284
48066
48285
48067
48286
48068
48287
48069
48288
48070
48289
48071
48290
48072
48291
48073
48292
48074
48293
48075
48294
48076
48295
48077
48296
48078
48297
48079
48298
48080
48299
48081
48300
48082
48301
48083
48302
48084
48303
48085
48304
48086
48305
48087
48306
48088
48307
48089
48308
48090
48309
48091
48310
48092
48311
48093
48312
48094
48313
48095
48314
48096
48315
48097
48316
48098
48317
48099
48318
48100
48319
48101
48320
48102
48321
48103
48322
48104
48323
48105
48324
48106
48325
48107
48326
48108
48327
48109
48328
48110
48329
48111
48330
48112
48331
48113
48332
48114
48333
48115
48334
48116
48335
48117
48336
48118
48337
48119
48338
48120
48339
48121
48340
48122
48341
48123
48342
48124
48343
48125
48344
48126
48345
48127
48346
48128
48347
48129
48348
48130
48349
48131
48350
48132
48351
48133
48352
48134
48353
48135
48354
48136
48355
48137
48356
48138
48357
48139
48358
48140
48359
48141
48360
48142
48361
48143
48362
48144
48363
48145
48364
48146
48365
48147
48366
48148
48367
48149
48368
48150
48369
48151
48370
48152
48371
48153
48372
48154
48373
48155
48374
48156
48375
48157
48376
48158
48377
48159
48378
48379
48161
48380
48162
48381
48163
48382
48164
48383
48165
48384
48166
48385
48167
48386
48168
48387
48169
48388
48170
48389
48171
48390
48172
48391
48173
48392
48174
48393
48175
48394
48176
48395
48177
48396
48178
48397
48179
48398
48180
48399
48181
48400
48182
48401
48183
48402
48184
48403
48185
48404
48186
48405
48187
48406
48188
48407
48189
48408
48190
48409
48191
48410
48192
48411
48193
48412
48194
48413
48195
48414
48196
48415
48197
48416
48198
48417
48199
48418
48200
48419
48201
48420
48202
48421
48203
48422
48204
48423
48205
48424
48206
48425
48207
48426
48208
48427
48209
48428
48210
48429
48211
48430
48212
48431
48213
48432
48214
48433
48215
48434
48216
48435
48217
48436
48218
48437
48219
48438
48220
48439
48221
48440
48222
48441
48223
48442
48224
48443
48225
48444
48226
48445
48227
48446
48228
48447
48229
48448
48230
48449
48231
48450
48232
48451
48233
48452
48234
48453
48235
48454
48236
48455
48237
48456
48238
48457
48239
48458
48240
48459
48241
48460
48242
48461
48243
48462
48244
48463
48245
48464
48246
48465
48247
48466
48248
48467
48249
48468
48250
48469
48251
48470
48252
48471
48253
48472
48254
48473
48255
48474
48256
48475
48257
48476
48258
48477
48259
48478
48260
48479
48261
48480
48262
48481
48263
48482
48264
48483
48265
48484
48266
48485
48267
48486
48268
48487
48269
48488
48270
48489
48271
48490
48272
48491
48273
48492
48274
48493
48275
48494
48276
48495
48277
48496
48278
48497
48279
48498
48280
48499
48281
48500
48282
48501
48283
48502
48284
48503
48285
48504
48286
48505
48287
48506
48288
48507
48289
48508
48290
48509
48291
48510
48292
48511
48293
48512
48294
48513
48295
48514
48296
48515
48297
48516
48298
48517
48299
48518
48300
48519
48301
48520
48302
48521
48303
48522
48304
48523
48305
48524
48306
48525
48307
48526
48308
48527
48309
48528
48310
48529
48311
48530
48312
48531
48313
48532
48314
48533
48315
48534
48316
48535
48317
48536
48318
48537
48319
48538
48320
48539
48321
48540
48322
48541
48323
48542
48324
48543
48325
48544
48326
48545
48327
48546
48328
48547
48329
48548
48330
48549
48331
48550
48332
48551
48333
48552
48334
48553
48335
48554
48336
48555
48337
48556
48338
48557
48339
48558
48340
48559
48341
48560
48342
48561
48343
48562
48344
48563
48345
48564
48346
48565
48347
48566
48348
48567
48349
48568
48350
48569
48351
48570
48352
48571
48353
48572
48354
48573
48355
48574
48356
48575
48357
48576
48358
48577
48359
48578
48360
48579
48361
48580
48362
48581
48363
48582
48364
48583
48365
48584
48366
48585
48367
48586
48368
48587
48369
48588
48370
48589
48371
48590
48372
48591
48373
48592
48374
48593
48375
48594
48376
48595
48377
48596
48378
48597
48379
48598
48599
48381
48600
48382
48601
48383
48602
48384
48603
48385
48604
48386
48605
48387
48606
48388
48607
48389
48608
48390
48609
48391
48610
48392
48611
48393
48612
48394
48613
48395
48614
48396
48615
48397
48616
48398
48617
48399
48618
48400
48619
48401
48620
48402
48621
48403
48622
48404
48623
48405
48624
48406
48625
48407
48626
48408
48627
48409
48628
48410
48629
48411
48630
48412
48631
48413
48632
48414
48633
48415
48634
48416
48635
48417
48636
48418
48637
48419
48638
48420
48639
48421
48640
48422
48641
48423
48642
48424
48643
48425
48644
48426
48645
48427
48646
48428
48647
48429
48648
48430
48649
48431
48650
48432
48651
48433
48652
48434
48653
48435
48654
48436
48655
48437
48656
48438
48657
48439
48658
48440
48659
48441
48660
48442
48661
48443
48662
48444
48663
48445
48664
48446
48665
48447
48666
48448
48667
48449
48668
48450
48669
48451
48670
48452
48671
48453
48672
48454
48673
48455
48674
48456
48675
48457
48676
48458
48677
48459
48678
48460
48679
48461
48680
48462
48681
48463
48682
48464
48683
48465
48684
48466
48685
48467
48686
48468
48687
48469
48688
48470
48689
48471
48690
48472
48691
48473
48692
48474
48693
48475
48694
48476
48695
48477
48696
48478
48697
48479
48698
48480
48699
48481
48700
48482
48701
48483
48702
48484
48703
48485
48704
48486
48705
48487
48706
48488
48707
48489
48708
48490
48709
48491
48710
48492
48711
48493
48712
48494
48713
48495
48714
48496
48715
48497
48716
48498
48717
48499
48718
48500
48719
48501
48720
48502
48721
48503
48722
48504
48723
48505
48724
48506
48725
48507
48726
48508
48727
48509
48728
48510
48729
48511
48730
48512
48731
48513
48732
48514
48733
48515
48734
48516
48735
48517
48736
48518
48737
48519
48738
48520
48739
48521
48740
48522
48741
48523
48742
48524
48743
48525
48744
48526
48745
48527
48746
48528
48747
48529
48748
48530
48749
48531
48750
48532
48751
48533
48752
48534
48753
48535
48754
48536
48755
48537
48756
48538
48757
48539
48758
48540
48759
48541
48760
48542
48761
48543
48762
48544
48763
48545
48764
48546
48765
48547
48766
48548
48767
48549
48768
48550
48769
48551
48770
48552
48771
48553
48772
48554
48773
48555
48774
48556
48775
48557
48776
48558
48777
48559
48778
48560
48779
48561
48780
48562
48781
48563
48782
48564
48783
48565
48784
48566
48785
48567
48786
48568
48787
48569
48788
48570
48789
48571
48790
48572
48791
48573
48792
48574
48793
48575
48794
48576
48795
48577
48796
48578
48797
48579
48798
48580
48799
48581
48800
48582
48801
48583
48802
48584
48803
48585
48804
48586
48805
48587
48806
48588
48807
48589
48808
48590
48809
48591
48810
48592
48811
48593
48812
48594
48813
48595
48814
48596
48815
48597
48816
48598
48817
48599
48818
48819
48601
48820
48602
48821
48603
48822
48604
48823
48605
48824
48606
48825
48607
48826
48608
48827
48609
48828
48610
48829
48611
48830
48612
48831
48613
48832
48614
48833
48615
48834
48616
48835
48617
48836
48618
48837
48619
48838
48620
48839
48621
48840
48622
48841
48623
48842
48624
48843
48625
48844
48626
48845
48627
48846
48628
48847
48629
48848
48630
48849
48631
48850
48632
48851
48633
48852
48634
48853
48635
48854
48636
48855
48637
48856
48638
48857
48639
48858
48640
48859
48641
48860
48642
48861
48643
48862
48644
48863
48645
48864
48646
48865
48647
48866
48648
48867
48649
48868
48650
48869
48651
48870
48652
48871
48653
48872
48654
48873
48655
48874
48656
48875
48657
48876
48658
48877
48659
48878
48660
48879
48661
48880
48662
48881
48663
48882
48664
48883
48665
48884
48666
48885
48667
48886
48668
48887
48669
48888
48670
48889
48671
48890
48672
48891
48673
48892
48674
48893
48675
48894
48676
48895
48677
48896
48678
48897
48679
48898
48680
48899
48681
48900
48682
48901
48683
48902
48684
48903
48685
48904
48686
48905
48687
48906
48688
48907
48689
48908
48690
48909
48691
48910
48692
48911
48693
48912
48694
48913
48695
48914
48696
48915
48697
48916
48698
48917
48699
48918
48700
48919
48701
48920
48702
48921
48703
48922
48704
48923
48705
48924
48706
48925
48707
48926
48708
48927
48709
48928
48710
48929
48711
48930
48712
48931
48713
48932
48714
48933
48715
48934
48716
48935
48717
48936
48718
48937
48719
48938
48720
48939
48721
48940
48722
48941
48723
48942
48724
48943
48725
48944
48726
48945
48727
48946
48728
48947
48729
48948
48730
48949
48731
48950
48732
48951
48733
48952
48734
48953
48735
48954
48736
48955
48737
48956
48738
48957
48739
48958
48740
48959
48741
48960
48742
48961
48743
48962
48744
48963
48745
48964
48746
48965
48747
48966
48748
48967
48749
48968
48750
48969
48751
48970
48752
48971
48753
48972
48754
48973
48755
48974
48756
48975
48757
48976
48758
48977
48759
48978
48760
48979
48761
48980
48762
48981
48763
48982
48764
48983
48765
48984
48766
48985
48767
48986
48768
48987
48769
48988
48770
48989
48771
48990
48772
48991
48773
48992
48774
48993
48775
48994
48776
48995
48777
48996
48778
48997
48779
48998
48780
48999
48781
49000
48782
49001
48783
49002
48784
49003
48785
49004
48786
49005
48787
49006
48788
49007
48789
49008
48790
49009
48791
49010
48792
49011
48793
49012
48794
49013
48795
49014
48796
49015
48797
49016
48798
49017
48799
49018
48800
49019
48801
49020
48802
49021
48803
49022
48804
49023
48805
49024
48806
49025
48807
49026
48808
49027
48809
49028
48810
49029
48811
49030
48812
49031
48813
49032
48814
49033
48815
49034
48816
49035
48817
49036
48818
49037
48819
49038
49039
48821
49040
48822
49041
48823
49042
48824
49043
48825
49044
48826
49045
48827
49046
48828
49047
48829
49048
48830
49049
48831
49050
48832
49051
48833
49052
48834
49053
48835
49054
48836
49055
48837
49056
48838
49057
48839
49058
48840
49059
48841
49060
48842
49061
48843
49062
48844
49063
48845
49064
48846
49065
48847
49066
48848
49067
48849
49068
48850
49069
48851
49070
48852
49071
48853
49072
48854
49073
48855
49074
48856
49075
48857
49076
48858
49077
48859
49078
48860
49079
48861
49080
48862
49081
48863
49082
48864
49083
48865
49084
48866
49085
48867
49086
48868
49087
48869
49088
48870
49089
48871
49090
48872
49091
48873
49092
48874
49093
48875
49094
48876
49095
48877
49096
48878
49097
48879
49098
48880
49099
48881
49100
48882
49101
48883
49102
48884
49103
48885
49104
48886
49105
48887
49106
48888
49107
48889
49108
48890
49109
48891
49110
48892
49111
48893
49112
48894
49113
48895
49114
48896
49115
48897
49116
48898
49117
48899
49118
48900
49119
48901
49120
48902
49121
48903
49122
48904
49123
48905
49124
48906
49125
48907
49126
48908
49127
48909
49128
48910
49129
48911
49130
48912
49131
48913
49132
48914
49133
48915
49134
48916
49135
48917
49136
48918
49137
48919
49138
48920
49139
48921
49140
48922
49141
48923
49142
48924
49143
48925
49144
48926
49145
48927
49146
48928
49147
48929
49148
48930
49149
48931
49150
48932
49151
48933
49152
48934
49153
48935
49154
48936
49155
48937
49156
48938
49157
48939
49158
48940
49159
48941
49160
48942
49161
48943
49162
48944
49163
48945
49164
48946
49165
48947
49166
48948
49167
48949
49168
48950
49169
48951
49170
48952
49171
48953
49172
48954
49173
48955
49174
48956
49175
48957
49176
48958
49177
48959
49178
48960
49179
48961
49180
48962
49181
48963
49182
48964
49183
48965
49184
48966
49185
48967
49186
48968
49187
48969
49188
48970
49189
48971
49190
48972
49191
48973
49192
48974
49193
48975
49194
48976
49195
48977
49196
48978
49197
48979
49198
48980
49199
48981
49200
48982
49201
48983
49202
48984
49203
48985
49204
48986
49205
48987
49206
48988
49207
48989
49208
48990
49209
48991
49210
48992
49211
48993
49212
48994
49213
48995
49214
48996
49215
48997
49216
48998
49217
48999
49218
49000
49219
49001
49220
49002
49221
49003
49222
49004
49223
49005
49224
49006
49225
49007
49226
49008
49227
49009
49228
49010
49229
49011
49230
49012
49231
49013
49232
49014
49233
49015
49234
49016
49235
49017
49236
49018
49237
49019
49238
49020
49239
49021
49240
49022
49241
49023
49242
49024
49243
49025
49244
49026
49245
49027
49246
49028
49247
49029
49248
49030
49249
49031
49250
49032
49251
49033
49252
49034
49253
49035
49254
49036
49255
49037
49256
49038
49257
49039
49258
49259
49041
49260
49042
49261
49043
49262
49044
49263
49045
49264
49046
49265
49047
49266
49048
49267
49049
49268
49050
49269
49051
49270
49052
49271
49053
49272
49054
49273
49055
49274
49056
49275
49057
49276
49058
49277
49059
49278
49060
49279
49061
49280
49062
49281
49063
49282
49064
49283
49065
49284
49066
49285
49067
49286
49068
49287
49069
49288
49070
49289
49071
49290
49072
49291
49073
49292
49074
49293
49075
49294
49076
49295
49077
49296
49078
49297
49079
49298
49080
49299
49081
49300
49082
49301
49083
49302
49084
49303
49085
49304
49086
49305
49087
49306
49088
49307
49089
49308
49090
49309
49091
49310
49092
49311
49093
49312
49094
49313
49095
49314
49096
49315
49097
49316
49098
49317
49099
49318
49100
49319
49101
49320
49102
49321
49103
49322
49104
49323
49105
49324
49106
49325
49107
49326
49108
49327
49109
49328
49110
49329
49111
49330
49112
49331
49113
49332
49114
49333
49115
49334
49116
49335
49117
49336
49118
49337
49119
49338
49120
49339
49121
49340
49122
49341
49123
49342
49124
49343
49125
49344
49126
49345
49127
49346
49128
49347
49129
49348
49130
49349
49131
49350
49132
49351
49133
49352
49134
49353
49135
49354
49136
49355
49137
49356
49138
49357
49139
49358
49140
49359
49141
49360
49142
49361
49143
49362
49144
49363
49145
49364
49146
49365
49147
49366
49148
49367
49149
49368
49150
49369
49151
49370
49152
49371
49153
49372
49154
49373
49155
49374
49156
49375
49157
49376
49158
49377
49159
49378
49160
49379
49161
49380
49162
49381
49163
49382
49164
49383
49165
49384
49166
49385
49167
49386
49168
49387
49169
49388
49170
49389
49171
49390
49172
49391
49173
49392
49174
49393
49175
49394
49176
49395
49177
49396
49178
49397
49179
49398
49180
49399
49181
49400
49182
49401
49183
49402
49184
49403
49185
49404
49186
49405
49187
49406
49188
49407
49189
49408
49190
49409
49191
49410
49192
49411
49193
49412
49194
49413
49195
49414
49196
49415
49197
49416
49198
49417
49199
49418
49200
49419
49201
49420
49202
49421
49203
49422
49204
49423
49205
49424
49206
49425
49207
49426
49208
49427
49209
49428
49210
49429
49211
49430
49212
49431
49213
49432
49214
49433
49215
49434
49216
49435
49217
49436
49218
49437
49219
49438
49220
49439
49221
49440
49222
49441
49223
49442
49224
49443
49225
49444
49226
49445
49227
49446
49228
49447
49229
49448
49230
49449
49231
49450
49232
49451
49233
49452
49234
49453
49235
49454
49236
49455
49237
49456
49238
49457
49239
49458
49240
49459
49241
49460
49242
49461
49243
49462
49244
49463
49245
49464
49246
49465
49247
49466
49248
49467
49249
49468
49250
49469
49251
49470
49252
49471
49253
49472
49254
49473
49255
49474
49256
49475
49257
49476
49258
49477
49259
49478
49479
49261
49480
49262
49481
49263
49482
49264
49483
49265
49484
49266
49485
49267
49486
49268
49487
49269
49488
49270
49489
49271
49490
49272
49491
49273
49492
49274
49493
49275
49494
49276
49495
49277
49496
49278
49497
49279
49498
49280
49499
49281
49500
49282
49501
49283
49502
49284
49503
49285
49504
49286
49505
49287
49506
49288
49507
49289
49508
49290
49509
49291
49510
49292
49511
49293
49512
49294
49513
49295
49514
49296
49515
49297
49516
49298
49517
49299
49518
49300
49519
49301
49520
49302
49521
49303
49522
49304
49523
49305
49524
49306
49525
49307
49526
49308
49527
49309
49528
49310
49529
49311
49530
49312
49531
49313
49532
49314
49533
49315
49534
49316
49535
49317
49536
49318
49537
49319
49538
49320
49539
49321
49540
49322
49541
49323
49542
49324
49543
49325
49544
49326
49545
49327
49546
49328
49547
49329
49548
49330
49549
49331
49550
49332
49551
49333
49552
49334
49553
49335
49554
49336
49555
49337
49556
49338
49557
49339
49558
49340
49559
49341
49560
49342
49561
49343
49562
49344
49563
49345
49564
49346
49565
49347
49566
49348
49567
49349
49568
49350
49569
49351
49570
49352
49571
49353
49572
49354
49573
49355
49574
49356
49575
49357
49576
49358
49577
49359
49578
49360
49579
49361
49580
49362
49581
49363
49582
49364
49583
49365
49584
49366
49585
49367
49586
49368
49587
49369
49588
49370
49589
49371
49590
49372
49591
49373
49592
49374
49593
49375
49594
49376
49595
49377
49596
49378
49597
49379
49598
49380
49599
49381
49600
49382
49601
49383
49602
49384
49603
49385
49604
49386
49605
49387
49606
49388
49607
49389
49608
49390
49609
49391
49610
49392
49611
49393
49612
49394
49613
49395
49614
49396
49615
49397
49616
49398
49617
49399
49618
49400
49619
49401
49620
49402
49621
49403
49622
49404
49623
49405
49624
49406
49625
49407
49626
49408
49627
49409
49628
49410
49629
49411
49630
49412
49631
49413
49632
49414
49633
49415
49634
49416
49635
49417
49636
49418
49637
49419
49638
49420
49639
49421
49640
49422
49641
49423
49642
49424
49643
49425
49644
49426
49645
49427
49646
49428
49647
49429
49648
49430
49649
49431
49650
49432
49651
49433
49652
49434
49653
49435
49654
49436
49655
49437
49656
49438
49657
49439
49658
49440
49659
49441
49660
49442
49661
49443
49662
49444
49663
49445
49664
49446
49665
49447
49666
49448
49667
49449
49668
49450
49669
49451
49670
49452
49671
49453
49672
49454
49673
49455
49674
49456
49675
49457
49676
49458
49677
49459
49678
49460
49679
49461
49680
49462
49681
49463
49682
49464
49683
49465
49684
49466
49685
49467
49686
49468
49687
49469
49688
49470
49689
49471
49690
49472
49691
49473
49692
49474
49693
49475
49694
49476
49695
49477
49696
49478
49697
49479
49698
49699
49481
49700
49482
49701
49483
49702
49484
49703
49485
49704
49486
49705
49487
49706
49488
49707
49489
49708
49490
49709
49491
49710
49492
49711
49493
49712
49494
49713
49495
49714
49496
49715
49497
49716
49498
49717
49499
49718
49500
49719
49501
49720
49502
49721
49503
49722
49504
49723
49505
49724
49506
49725
49507
49726
49508
49727
49509
49728
49510
49729
49511
49730
49512
49731
49513
49732
49514
49733
49515
49734
49516
49735
49517
49736
49518
49737
49519
49738
49520
49739
49521
49740
49522
49741
49523
49742
49524
49743
49525
49744
49526
49745
49527
49746
49528
49747
49529
49748
49530
49749
49531
49750
49532
49751
49533
49752
49534
49753
49535
49754
49536
49755
49537
49756
49538
49757
49539
49758
49540
49759
49541
49760
49542
49761
49543
49762
49544
49763
49545
49764
49546
49765
49547
49766
49548
49767
49549
49768
49550
49769
49551
49770
49552
49771
49553
49772
49554
49773
49555
49774
49556
49775
49557
49776
49558
49777
49559
49778
49560
49779
49561
49780
49562
49781
49563
49782
49564
49783
49565
49784
49566
49785
49567
49786
49568
49787
49569
49788
49570
49789
49571
49790
49572
49791
49573
49792
49574
49793
49575
49794
49576
49795
49577
49796
49578
49797
49579
49798
49580
49799
49581
49800
49582
49801
49583
49802
49584
49803
49585
49804
49586
49805
49587
49806
49588
49807
49589
49808
49590
49809
49591
49810
49592
49811
49593
49812
49594
49813
49595
49814
49596
49815
49597
49816
49598
49817
49599
49818
49600
49819
49601
49820
49602
49821
49603
49822
49604
49823
49605
49824
49606
49825
49607
49826
49608
49827
49609
49828
49610
49829
49611
49830
49612
49831
49613
49832
49614
49833
49615
49834
49616
49835
49617
49836
49618
49837
49619
49838
49620
49839
49621
49840
49622
49841
49623
49842
49624
49843
49625
49844
49626
49845
49627
49846
49628
49847
49629
49848
49630
49849
49631
49850
49632
49851
49633
49852
49634
49853
49635
49854
49636
49855
49637
49856
49638
49857
49639
49858
49640
49859
49641
49860
49642
49861
49643
49862
49644
49863
49645
49864
49646
49865
49647
49866
49648
49867
49649
49868
49650
49869
49651
49870
49652
49871
49653
49872
49654
49873
49655
49874
49656
49875
49657
49876
49658
49877
49659
49878
49660
49879
49661
49880
49662
49881
49663
49882
49664
49883
49665
49884
49666
49885
49667
49886
49668
49887
49669
49888
49670
49889
49671
49890
49672
49891
49673
49892
49674
49893
49675
49894
49676
49895
49677
49896
49678
49897
49679
49898
49680
49899
49681
49900
49682
49901
49683
49902
49684
49903
49685
49904
49686
49905
49687
49906
49688
49907
49689
49908
49690
49909
49691
49910
49692
49911
49693
49912
49694
49913
49695
49914
49696
49915
49697
49916
49698
49917
49699
49918
49919
49701
49920
49702
49921
49703
49922
49704
49923
49705
49924
49706
49925
49707
49926
49708
49927
49709
49928
49710
49929
49711
49930
49712
49931
49713
49932
49714
49933
49715
49934
49716
49935
49717
49936
49718
49937
49719
49938
49720
49939
49721
49940
49722
49941
49723
49942
49724
49943
49725
49944
49726
49945
49727
49946
49728
49947
49729
49948
49730
49949
49731
49950
49732
49951
49733
49952
49734
49953
49735
49954
49736
49955
49737
49956
49738
49957
49739
49958
49740
49959
49741
49960
49742
49961
49743
49962
49744
49963
49745
49964
49746
49965
49747
49966
49748
49967
49749
49968
49750
49969
49751
49970
49752
49971
49753
49972
49754
49973
49755
49974
49756
49975
49757
49976
49758
49977
49759
49978
49760
49979
49761
49980
49762
49981
49763
49982
49764
49983
49765
49984
49766
49985
49767
49986
49768
49987
49769
49988
49770
49989
49771
49990
49772
49991
49773
49992
49774
49993
49775
49994
49776
49995
49777
49996
49778
49997
49779
49998
49780
49999
49781
50000
49782
50001
49783
50002
49784
50003
49785
50004
49786
50005
49787
50006
49788
50007
49789
50008
49790
50009
49791
50010
49792
50011
49793
50012
49794
50013
49795
50014
49796
50015
49797
50016
49798
50017
49799
50018
49800
50019
49801
50020
49802
50021
49803
50022
49804
50023
49805
50024
49806
50025
49807
50026
49808
50027
49809
50028
49810
50029
49811
50030
49812
50031
49813
50032
49814
50033
49815
50034
49816
50035
49817
50036
49818
50037
49819
50038
49820
50039
49821
50040
49822
50041
49823
50042
49824
50043
49825
50044
49826
50045
49827
50046
49828
50047
49829
50048
49830
50049
49831
50050
49832
50051
49833
50052
49834
50053
49835
50054
49836
50055
49837
50056
49838
50057
49839
50058
49840
50059
49841
50060
49842
50061
49843
50062
49844
50063
49845
50064
49846
50065
49847
50066
49848
50067
49849
50068
49850
50069
49851
50070
49852
50071
49853
50072
49854
50073
49855
50074
49856
50075
49857
50076
49858
50077
49859
50078
49860
50079
49861
50080
49862
50081
49863
50082
49864
50083
49865
50084
49866
50085
49867
50086
49868
50087
49869
50088
49870
50089
49871
50090
49872
50091
49873
50092
49874
50093
49875
50094
49876
50095
49877
50096
49878
50097
49879
50098
49880
50099
49881
50100
49882
50101
49883
50102
49884
50103
49885
50104
49886
50105
49887
50106
49888
50107
49889
50108
49890
50109
49891
50110
49892
50111
49893
50112
49894
50113
49895
50114
49896
50115
49897
50116
49898
50117
49899
50118
49900
50119
49901
50120
49902
50121
49903
50122
49904
50123
49905
50124
49906
50125
49907
50126
49908
50127
49909
50128
49910
50129
49911
50130
49912
50131
49913
50132
49914
50133
49915
50134
49916
50135
49917
50136
49918
50137
49919
50138
50139
49921
50140
49922
50141
49923
50142
49924
50143
49925
50144
49926
50145
49927
50146
49928
50147
49929
50148
49930
50149
49931
50150
49932
50151
49933
50152
49934
50153
49935
50154
49936
50155
49937
50156
49938
50157
49939
50158
49940
50159
49941
50160
49942
50161
49943
50162
49944
50163
49945
50164
49946
50165
49947
50166
49948
50167
49949
50168
49950
50169
49951
50170
49952
50171
49953
50172
49954
50173
49955
50174
49956
50175
49957
50176
49958
50177
49959
50178
49960
50179
49961
50180
49962
50181
49963
50182
49964
50183
49965
50184
49966
50185
49967
50186
49968
50187
49969
50188
49970
50189
49971
50190
49972
50191
49973
50192
49974
50193
49975
50194
49976
50195
49977
50196
49978
50197
49979
50198
49980
50199
49981
50200
49982
50201
49983
50202
49984
50203
49985
50204
49986
50205
49987
50206
49988
50207
49989
50208
49990
50209
49991
50210
49992
50211
49993
50212
49994
50213
49995
50214
49996
50215
49997
50216
49998
50217
49999
50218
50000
50219
50001
50220
50002
50221
50003
50222
50004
50223
50005
50224
50006
50225
50007
50226
50008
50227
50009
50228
50010
50229
50011
50230
50012
50231
50013
50232
50014
50233
50015
50234
50016
50235
50017
50236
50018
50237
50019
50238
50020
50239
50021
50240
50022
50241
50023
50242
50024
50243
50025
50244
50026
50245
50027
50246
50028
50247
50029
50248
50030
50249
50031
50250
50032
50251
50033
50252
50034
50253
50035
50254
50036
50255
50037
50256
50038
50257
50039
50258
50040
50259
50041
50260
50042
50261
50043
50262
50044
50263
50045
50264
50046
50265
50047
50266
50048
50267
50049
50268
50050
50269
50051
50270
50052
50271
50053
50272
50054
50273
50055
50274
50056
50275
50057
50276
50058
50277
50059
50278
50060
50279
50061
50280
50062
50281
50063
50282
50064
50283
50065
50284
50066
50285
50067
50286
50068
50287
50069
50288
50070
50289
50071
50290
50072
50291
50073
50292
50074
50293
50075
50294
50076
50295
50077
50296
50078
50297
50079
50298
50080
50299
50081
50300
50082
50301
50083
50302
50084
50303
50085
50304
50086
50305
50087
50306
50088
50307
50089
50308
50090
50309
50091
50310
50092
50311
50093
50312
50094
50313
50095
50314
50096
50315
50097
50316
50098
50317
50099
50318
50100
50319
50101
50320
50102
50321
50103
50322
50104
50323
50105
50324
50106
50325
50107
50326
50108
50327
50109
50328
50110
50329
50111
50330
50112
50331
50113
50332
50114
50333
50115
50334
50116
50335
50117
50336
50118
50337
50119
50338
50120
50339
50121
50340
50122
50341
50123
50342
50124
50343
50125
50344
50126
50345
50127
50346
50128
50347
50129
50348
50130
50349
50131
50350
50132
50351
50133
50352
50134
50353
50135
50354
50136
50355
50137
50356
50138
50357
50139
50358
50359
50141
50360
50142
50361
50143
50362
50144
50363
50145
50364
50146
50365
50147
50366
50148
50367
50149
50368
50150
50369
50151
50370
50152
50371
50153
50372
50154
50373
50155
50374
50156
50375
50157
50376
50158
50377
50159
50378
50160
50379
50161
50380
50162
50381
50163
50382
50164
50383
50165
50384
50166
50385
50167
50386
50168
50387
50169
50388
50170
50389
50171
50390
50172
50391
50173
50392
50174
50393
50175
50394
50176
50395
50177
50396
50178
50397
50179
50398
50180
50399
50181
50400
50182
50401
50183
50402
50184
50403
50185
50404
50186
50405
50187
50406
50188
50407
50189
50408
50190
50409
50191
50410
50192
50411
50193
50412
50194
50413
50195
50414
50196
50415
50197
50416
50198
50417
50199
50418
50200
50419
50201
50420
50202
50421
50203
50422
50204
50423
50205
50424
50206
50425
50207
50426
50208
50427
50209
50428
50210
50429
50211
50430
50212
50431
50213
50432
50214
50433
50215
50434
50216
50435
50217
50436
50218
50437
50219
50438
50220
50439
50221
50440
50222
50441
50223
50442
50224
50443
50225
50444
50226
50445
50227
50446
50228
50447
50229
50448
50230
50449
50231
50450
50232
50451
50233
50452
50234
50453
50235
50454
50236
50455
50237
50456
50238
50457
50239
50458
50240
50459
50241
50460
50242
50461
50243
50462
50244
50463
50245
50464
50246
50465
50247
50466
50248
50467
50249
50468
50250
50469
50251
50470
50252
50471
50253
50472
50254
50473
50255
50474
50256
50475
50257
50476
50258
50477
50259
50478
50260
50479
50261
50480
50262
50481
50263
50482
50264
50483
50265
50484
50266
50485
50267
50486
50268
50487
50269
50488
50270
50489
50271
50490
50272
50491
50273
50492
50274
50493
50275
50494
50276
50495
50277
50496
50278
50497
50279
50498
50280
50499
50281
50500
50282
50501
50283
50502
50284
50503
50285
50504
50286
50505
50287
50506
50288
50507
50289
50508
50290
50509
50291
50510
50292
50511
50293
50512
50294
50513
50295
50514
50296
50515
50297
50516
50298
50517
50299
50518
50300
50519
50301
50520
50302
50521
50303
50522
50304
50523
50305
50524
50306
50525
50307
50526
50308
50527
50309
50528
50310
50529
50311
50530
50312
50531
50313
50532
50314
50533
50315
50534
50316
50535
50317
50536
50318
50537
50319
50538
50320
50539
50321
50540
50322
50541
50323
50542
50324
50543
50325
50544
50326
50545
50327
50546
50328
50547
50329
50548
50330
50549
50331
50550
50332
50551
50333
50552
50334
50553
50335
50554
50336
50555
50337
50556
50338
50557
50339
50558
50340
50559
50341
50560
50342
50561
50343
50562
50344
50563
50345
50564
50346
50565
50347
50566
50348
50567
50349
50568
50350
50569
50351
50570
50352
50571
50353
50572
50354
50573
50355
50574
50356
50575
50357
50576
50358
50577
50359
50578
50579
50361
50580
50362
50581
50363
50582
50364
50583
50365
50584
50366
50585
50367
50586
50368
50587
50369
50588
50370
50589
50371
50590
50372
50591
50373
50592
50374
50593
50375
50594
50376
50595
50377
50596
50378
50597
50379
50598
50380
50599
50381
50600
50382
50601
50383
50602
50384
50603
50385
50604
50386
50605
50387
50606
50388
50607
50389
50608
50390
50609
50391
50610
50392
50611
50393
50612
50394
50613
50395
50614
50396
50615
50397
50616
50398
50617
50399
50618
50400
50619
50401
50620
50402
50621
50403
50622
50404
50623
50405
50624
50406
50625
50407
50626
50408
50627
50409
50628
50410
50629
50411
50630
50412
50631
50413
50632
50414
50633
50415
50634
50416
50635
50417
50636
50418
50637
50419
50638
50420
50639
50421
50640
50422
50641
50423
50642
50424
50643
50425
50644
50426
50645
50427
50646
50428
50647
50429
50648
50430
50649
50431
50650
50432
50651
50433
50652
50434
50653
50435
50654
50436
50655
50437
50656
50438
50657
50439
50658
50440
50659
50441
50660
50442
50661
50443
50662
50444
50663
50445
50664
50446
50665
50447
50666
50448
50667
50449
50668
50450
50669
50451
50670
50452
50671
50453
50672
50454
50673
50455
50674
50456
50675
50457
50676
50458
50677
50459
50678
50460
50679
50461
50680
50462
50681
50463
50682
50464
50683
50465
50684
50466
50685
50467
50686
50468
50687
50469
50688
50470
50689
50471
50690
50472
50691
50473
50692
50474
50693
50475
50694
50476
50695
50477
50696
50478
50697
50479
50698
50480
50699
50481
50700
50482
50701
50483
50702
50484
50703
50485
50704
50486
50705
50487
50706
50488
50707
50489
50708
50490
50709
50491
50710
50492
50711
50493
50712
50494
50713
50495
50714
50496
50715
50497
50716
50498
50717
50499
50718
50500
50719
50501
50720
50502
50721
50503
50722
50504
50723
50505
50724
50506
50725
50507
50726
50508
50727
50509
50728
50510
50729
50511
50730
50512
50731
50513
50732
50514
50733
50515
50734
50516
50735
50517
50736
50518
50737
50519
50738
50520
50739
50521
50740
50522
50741
50523
50742
50524
50743
50525
50744
50526
50745
50527
50746
50528
50747
50529
50748
50530
50749
50531
50750
50532
50751
50533
50752
50534
50753
50535
50754
50536
50755
50537
50756
50538
50757
50539
50758
50540
50759
50541
50760
50542
50761
50543
50762
50544
50763
50545
50764
50546
50765
50547
50766
50548
50767
50549
50768
50550
50769
50551
50770
50552
50771
50553
50772
50554
50773
50555
50774
50556
50775
50557
50776
50558
50777
50559
50778
50560
50779
50561
50780
50562
50781
50563
50782
50564
50783
50565
50784
50566
50785
50567
50786
50568
50787
50569
50788
50570
50789
50571
50790
50572
50791
50573
50792
50574
50793
50575
50794
50576
50795
50577
50796
50578
50797
50579
50798
50799
50581
50800
50582
50801
50583
50802
50584
50803
50585
50804
50586
50805
50587
50806
50588
50807
50589
50808
50590
50809
50591
50810
50592
50811
50593
50812
50594
50813
50595
50814
50596
50815
50597
50816
50598
50817
50599
50818
50600
50819
50601
50820
50602
50821
50603
50822
50604
50823
50605
50824
50606
50825
50607
50826
50608
50827
50609
50828
50610
50829
50611
50830
50612
50831
50613
50832
50614
50833
50615
50834
50616
50835
50617
50836
50618
50837
50619
50838
50620
50839
50621
50840
50622
50841
50623
50842
50624
50843
50625
50844
50626
50845
50627
50846
50628
50847
50629
50848
50630
50849
50631
50850
50632
50851
50633
50852
50634
50853
50635
50854
50636
50855
50637
50856
50638
50857
50639
50858
50640
50859
50641
50860
50642
50861
50643
50862
50644
50863
50645
50864
50646
50865
50647
50866
50648
50867
50649
50868
50650
50869
50651
50870
50652
50871
50653
50872
50654
50873
50655
50874
50656
50875
50657
50876
50658
50877
50659
50878
50660
50879
50661
50880
50662
50881
50663
50882
50664
50883
50665
50884
50666
50885
50667
50886
50668
50887
50669
50888
50670
50889
50671
50890
50672
50891
50673
50892
50674
50893
50675
50894
50676
50895
50677
50896
50678
50897
50679
50898
50680
50899
50681
50900
50682
50901
50683
50902
50684
50903
50685
50904
50686
50905
50687
50906
50688
50907
50689
50908
50690
50909
50691
50910
50692
50911
50693
50912
50694
50913
50695
50914
50696
50915
50697
50916
50698
50917
50699
50918
50700
50919
50701
50920
50702
50921
50703
50922
50704
50923
50705
50924
50706
50925
50707
50926
50708
50927
50709
50928
50710
50929
50711
50930
50712
50931
50713
50932
50714
50933
50715
50934
50716
50935
50717
50936
50718
50937
50719
50938
50720
50939
50721
50940
50722
50941
50723
50942
50724
50943
50725
50944
50726
50945
50727
50946
50728
50947
50729
50948
50730
50949
50731
50950
50732
50951
50733
50952
50734
50953
50735
50954
50736
50955
50737
50956
50738
50957
50739
50958
50740
50959
50741
50960
50742
50961
50743
50962
50744
50963
50745
50964
50746
50965
50747
50966
50748
50967
50749
50968
50750
50969
50751
50970
50752
50971
50753
50972
50754
50973
50755
50974
50756
50975
50757
50976
50758
50977
50759
50978
50760
50979
50761
50980
50762
50981
50763
50982
50764
50983
50765
50984
50766
50985
50767
50986
50768
50987
50769
50988
50770
50989
50771
50990
50772
50991
50773
50992
50774
50993
50775
50994
50776
50995
50777
50996
50778
50997
50779
50998
50780
50999
50781
51000
50782
51001
50783
51002
50784
51003
50785
51004
50786
51005
50787
51006
50788
51007
50789
51008
50790
51009
50791
51010
50792
51011
50793
51012
50794
51013
50795
51014
50796
51015
50797
51016
50798
51017
50799
51018
51019
50801
51020
50802
51021
50803
51022
50804
51023
50805
51024
50806
51025
50807
51026
50808
51027
50809
51028
50810
51029
50811
51030
50812
51031
50813
51032
50814
51033
50815
51034
50816
51035
50817
51036
50818
51037
50819
51038
50820
51039
50821
51040
50822
51041
50823
51042
50824
51043
50825
51044
50826
51045
50827
51046
50828
51047
50829
51048
50830
51049
50831
51050
50832
51051
50833
51052
50834
51053
50835
51054
50836
51055
50837
51056
50838
51057
50839
51058
50840
51059
50841
51060
50842
51061
50843
51062
50844
51063
50845
51064
50846
51065
50847
51066
50848
51067
50849
51068
50850
51069
50851
51070
50852
51071
50853
51072
50854
51073
50855
51074
50856
51075
50857
51076
50858
51077
50859
51078
50860
51079
50861
51080
50862
51081
50863
51082
50864
51083
50865
51084
50866
51085
50867
51086
50868
51087
50869
51088
50870
51089
50871
51090
50872
51091
50873
51092
50874
51093
50875
51094
50876
51095
50877
51096
50878
51097
50879
51098
50880
51099
50881
51100
50882
51101
50883
51102
50884
51103
50885
51104
50886
51105
50887
51106
50888
51107
50889
51108
50890
51109
50891
51110
50892
51111
50893
51112
50894
51113
50895
51114
50896
51115
50897
51116
50898
51117
50899
51118
50900
51119
50901
51120
50902
51121
50903
51122
50904
51123
50905
51124
50906
51125
50907
51126
50908
51127
50909
51128
50910
51129
50911
51130
50912
51131
50913
51132
50914
51133
50915
51134
50916
51135
50917
51136
50918
51137
50919
51138
50920
51139
50921
51140
50922
51141
50923
51142
50924
51143
50925
51144
50926
51145
50927
51146
50928
51147
50929
51148
50930
51149
50931
51150
50932
51151
50933
51152
50934
51153
50935
51154
50936
51155
50937
51156
50938
51157
50939
51158
50940
51159
50941
51160
50942
51161
50943
51162
50944
51163
50945
51164
50946
51165
50947
51166
50948
51167
50949
51168
50950
51169
50951
51170
50952
51171
50953
51172
50954
51173
50955
51174
50956
51175
50957
51176
50958
51177
50959
51178
50960
51179
50961
51180
50962
51181
50963
51182
50964
51183
50965
51184
50966
51185
50967
51186
50968
51187
50969
51188
50970
51189
50971
51190
50972
51191
50973
51192
50974
51193
50975
51194
50976
51195
50977
51196
50978
51197
50979
51198
50980
51199
50981
51200
50982
51201
50983
51202
50984
51203
50985
51204
50986
51205
50987
51206
50988
51207
50989
51208
50990
51209
50991
51210
50992
51211
50993
51212
50994
51213
50995
51214
50996
51215
50997
51216
50998
51217
50999
51218
51000
51219
51001
51220
51002
51221
51003
51222
51004
51223
51005
51224
51006
51225
51007
51226
51008
51227
51009
51228
51010
51229
51011
51230
51012
51231
51013
51232
51014
51233
51015
51234
51016
51235
51017
51236
51018
51237
51019
51238
51239
51021
51240
51022
51241
51023
51242
51024
51243
51025
51244
51026
51245
51027
51246
51028
51247
51029
51248
51030
51249
51031
51250
51032
51251
51033
51252
51034
51253
51035
51254
51036
51255
51037
51256
51038
51257
51039
51258
51040
51259
51041
51260
51042
51261
51043
51262
51044
51263
51045
51264
51046
51265
51047
51266
51048
51267
51049
51268
51050
51269
51051
51270
51052
51271
51053
51272
51054
51273
51055
51274
51056
51275
51057
51276
51058
51277
51059
51278
51060
51279
51061
51280
51062
51281
51063
51282
51064
51283
51065
51284
51066
51285
51067
51286
51068
51287
51069
51288
51070
51289
51071
51290
51072
51291
51073
51292
51074
51293
51075
51294
51076
51295
51077
51296
51078
51297
51079
51298
51080
51299
51081
51300
51082
51301
51083
51302
51084
51303
51085
51304
51086
51305
51087
51306
51088
51307
51089
51308
51090
51309
51091
51310
51092
51311
51093
51312
51094
51313
51095
51314
51096
51315
51097
51316
51098
51317
51099
51318
51100
51319
51101
51320
51102
51321
51103
51322
51104
51323
51105
51324
51106
51325
51107
51326
51108
51327
51109
51328
51110
51329
51111
51330
51112
51331
51113
51332
51114
51333
51115
51334
51116
51335
51117
51336
51118
51337
51119
51338
51120
51339
51121
51340
51122
51341
51123
51342
51124
51343
51125
51344
51126
51345
51127
51346
51128
51347
51129
51348
51130
51349
51131
51350
51132
51351
51133
51352
51134
51353
51135
51354
51136
51355
51137
51356
51138
51357
51139
51358
51140
51359
51141
51360
51142
51361
51143
51362
51144
51363
51145
51364
51146
51365
51147
51366
51148
51367
51149
51368
51150
51369
51151
51370
51152
51371
51153
51372
51154
51373
51155
51374
51156
51375
51157
51376
51158
51377
51159
51378
51160
51379
51161
51380
51162
51381
51163
51382
51164
51383
51165
51384
51166
51385
51167
51386
51168
51387
51169
51388
51170
51389
51171
51390
51172
51391
51173
51392
51174
51393
51175
51394
51176
51395
51177
51396
51178
51397
51179
51398
51180
51399
51181
51400
51182
51401
51183
51402
51184
51403
51185
51404
51186
51405
51187
51406
51188
51407
51189
51408
51190
51409
51191
51410
51192
51411
51193
51412
51194
51413
51195
51414
51196
51415
51197
51416
51198
51417
51199
51418
51200
51419
51201
51420
51202
51421
51203
51422
51204
51423
51205
51424
51206
51425
51207
51426
51208
51427
51209
51428
51210
51429
51211
51430
51212
51431
51213
51432
51214
51433
51215
51434
51216
51435
51217
51436
51218
51437
51219
51438
51220
51439
51221
51440
51222
51441
51223
51442
51224
51443
51225
51444
51226
51445
51227
51446
51228
51447
51229
51448
51230
51449
51231
51450
51232
51451
51233
51452
51234
51453
51235
51454
51236
51455
51237
51456
51238
51457
51239
51458
51459
51241
51460
51242
51461
51243
51462
51244
51463
51245
51464
51246
51465
51247
51466
51248
51467
51249
51468
51250
51469
51251
51470
51252
51471
51253
51472
51254
51473
51255
51474
51256
51475
51257
51476
51258
51477
51259
51478
51260
51479
51261
51480
51262
51481
51263
51482
51264
51483
51265
51484
51266
51485
51267
51486
51268
51487
51269
51488
51270
51489
51271
51490
51272
51491
51273
51492
51274
51493
51275
51494
51276
51495
51277
51496
51278
51497
51279
51498
51280
51499
51281
51500
51282
51501
51283
51502
51284
51503
51285
51504
51286
51505
51287
51506
51288
51507
51289
51508
51290
51509
51291
51510
51292
51511
51293
51512
51294
51513
51295
51514
51296
51515
51297
51516
51298
51517
51299
51518
51300
51519
51301
51520
51302
51521
51303
51522
51304
51523
51305
51524
51306
51525
51307
51526
51308
51527
51309
51528
51310
51529
51311
51530
51312
51531
51313
51532
51314
51533
51315
51534
51316
51535
51317
51536
51318
51537
51319
51538
51320
51539
51321
51540
51322
51541
51323
51542
51324
51543
51325
51544
51326
51545
51327
51546
51328
51547
51329
51548
51330
51549
51331
51550
51332
51551
51333
51552
51334
51553
51335
51554
51336
51555
51337
51556
51338
51557
51339
51558
51340
51559
51341
51560
51342
51561
51343
51562
51344
51563
51345
51564
51346
51565
51347
51566
51348
51567
51349
51568
51350
51569
51351
51570
51352
51571
51353
51572
51354
51573
51355
51574
51356
51575
51357
51576
51358
51577
51359
51578
51360
51579
51361
51580
51362
51581
51363
51582
51364
51583
51365
51584
51366
51585
51367
51586
51368
51587
51369
51588
51370
51589
51371
51590
51372
51591
51373
51592
51374
51593
51375
51594
51376
51595
51377
51596
51378
51597
51379
51598
51380
51599
51381
51600
51382
51601
51383
51602
51384
51603
51385
51604
51386
51605
51387
51606
51388
51607
51389
51608
51390
51609
51391
51610
51392
51611
51393
51612
51394
51613
51395
51614
51396
51615
51397
51616
51398
51617
51399
51618
51400
51619
51401
51620
51402
51621
51403
51622
51404
51623
51405
51624
51406
51625
51407
51626
51408
51627
51409
51628
51410
51629
51411
51630
51412
51631
51413
51632
51414
51633
51415
51634
51416
51635
51417
51636
51418
51637
51419
51638
51420
51639
51421
51640
51422
51641
51423
51642
51424
51643
51425
51644
51426
51645
51427
51646
51428
51647
51429
51648
51430
51649
51431
51650
51432
51651
51433
51652
51434
51653
51435
51654
51436
51655
51437
51656
51438
51657
51439
51658
51440
51659
51441
51660
51442
51661
51443
51662
51444
51663
51445
51664
51446
51665
51447
51666
51448
51667
51449
51668
51450
51669
51451
51670
51452
51671
51453
51672
51454
51673
51455
51674
51456
51675
51457
51676
51458
51677
51459
51678
51679
51461
51680
51462
51681
51463
51682
51464
51683
51465
51684
51466
51685
51467
51686
51468
51687
51469
51688
51470
51689
51471
51690
51472
51691
51473
51692
51474
51693
51475
51694
51476
51695
51477
51696
51478
51697
51479
51698
51480
51699
51481
51700
51482
51701
51483
51702
51484
51703
51485
51704
51486
51705
51487
51706
51488
51707
51489
51708
51490
51709
51491
51710
51492
51711
51493
51712
51494
51713
51495
51714
51496
51715
51497
51716
51498
51717
51499
51718
51500
51719
51501
51720
51502
51721
51503
51722
51504
51723
51505
51724
51506
51725
51507
51726
51508
51727
51509
51728
51510
51729
51511
51730
51512
51731
51513
51732
51514
51733
51515
51734
51516
51735
51517
51736
51518
51737
51519
51738
51520
51739
51521
51740
51522
51741
51523
51742
51524
51743
51525
51744
51526
51745
51527
51746
51528
51747
51529
51748
51530
51749
51531
51750
51532
51751
51533
51752
51534
51753
51535
51754
51536
51755
51537
51756
51538
51757
51539
51758
51540
51759
51541
51760
51542
51761
51543
51762
51544
51763
51545
51764
51546
51765
51547
51766
51548
51767
51549
51768
51550
51769
51551
51770
51552
51771
51553
51772
51554
51773
51555
51774
51556
51775
51557
51776
51558
51777
51559
51778
51560
51779
51561
51780
51562
51781
51563
51782
51564
51783
51565
51784
51566
51785
51567
51786
51568
51787
51569
51788
51570
51789
51571
51790
51572
51791
51573
51792
51574
51793
51575
51794
51576
51795
51577
51796
51578
51797
51579
51798
51580
51799
51581
51800
51582
51801
51583
51802
51584
51803
51585
51804
51586
51805
51587
51806
51588
51807
51589
51808
51590
51809
51591
51810
51592
51811
51593
51812
51594
51813
51595
51814
51596
51815
51597
51816
51598
51817
51599
51818
51600
51819
51601
51820
51602
51821
51603
51822
51604
51823
51605
51824
51606
51825
51607
51826
51608
51827
51609
51828
51610
51829
51611
51830
51612
51831
51613
51832
51614
51833
51615
51834
51616
51835
51617
51836
51618
51837
51619
51838
51620
51839
51621
51840
51622
51841
51623
51842
51624
51843
51625
51844
51626
51845
51627
51846
51628
51847
51629
51848
51630
51849
51631
51850
51632
51851
51633
51852
51634
51853
51635
51854
51636
51855
51637
51856
51638
51857
51639
51858
51640
51859
51641
51860
51642
51861
51643
51862
51644
51863
51645
51864
51646
51865
51647
51866
51648
51867
51649
51868
51650
51869
51651
51870
51652
51871
51653
51872
51654
51873
51655
51874
51656
51875
51657
51876
51658
51877
51659
51878
51660
51879
51661
51880
51662
51881
51663
51882
51664
51883
51665
51884
51666
51885
51667
51886
51668
51887
51669
51888
51670
51889
51671
51890
51672
51891
51673
51892
51674
51893
51675
51894
51676
51895
51677
51896
51678
51897
51679
51898
51899
51681
51900
51682
51901
51683
51902
51684
51903
51685
51904
51686
51905
51687
51906
51688
51907
51689
51908
51690
51909
51691
51910
51692
51911
51693
51912
51694
51913
51695
51914
51696
51915
51697
51916
51698
51917
51699
51918
51700
51919
51701
51920
51702
51921
51703
51922
51704
51923
51705
51924
51706
51925
51707
51926
51708
51927
51709
51928
51710
51929
51711
51930
51712
51931
51713
51932
51714
51933
51715
51934
51716
51935
51717
51936
51718
51937
51719
51938
51720
51939
51721
51940
51722
51941
51723
51942
51724
51943
51725
51944
51726
51945
51727
51946
51728
51947
51729
51948
51730
51949
51731
51950
51732
51951
51733
51952
51734
51953
51735
51954
51736
51955
51737
51956
51738
51957
51739
51958
51740
51959
51741
51960
51742
51961
51743
51962
51744
51963
51745
51964
51746
51965
51747
51966
51748
51967
51749
51968
51750
51969
51751
51970
51752
51971
51753
51972
51754
51973
51755
51974
51756
51975
51757
51976
51758
51977
51759
51978
51760
51979
51761
51980
51762
51981
51763
51982
51764
51983
51765
51984
51766
51985
51767
51986
51768
51987
51769
51988
51770
51989
51771
51990
51772
51991
51773
51992
51774
51993
51775
51994
51776
51995
51777
51996
51778
51997
51779
51998
51780
51999
51781
52000
51782
52001
51783
52002
51784
52003
51785
52004
51786
52005
51787
52006
51788
52007
51789
52008
51790
52009
51791
52010
51792
52011
51793
52012
51794
52013
51795
52014
51796
52015
51797
52016
51798
52017
51799
52018
51800
52019
51801
52020
51802
52021
51803
52022
51804
52023
51805
52024
51806
52025
51807
52026
51808
52027
51809
52028
51810
52029
51811
52030
51812
52031
51813
52032
51814
52033
51815
52034
51816
52035
51817
52036
51818
52037
51819
52038
51820
52039
51821
52040
51822
52041
51823
52042
51824
52043
51825
52044
51826
52045
51827
52046
51828
52047
51829
52048
51830
52049
51831
52050
51832
52051
51833
52052
51834
52053
51835
52054
51836
52055
51837
52056
51838
52057
51839
52058
51840
52059
51841
52060
51842
52061
51843
52062
51844
52063
51845
52064
51846
52065
51847
52066
51848
52067
51849
52068
51850
52069
51851
52070
51852
52071
51853
52072
51854
52073
51855
52074
51856
52075
51857
52076
51858
52077
51859
52078
51860
52079
51861
52080
51862
52081
51863
52082
51864
52083
51865
52084
51866
52085
51867
52086
51868
52087
51869
52088
51870
52089
51871
52090
51872
52091
51873
52092
51874
52093
51875
52094
51876
52095
51877
52096
51878
52097
51879
52098
51880
52099
51881
52100
51882
52101
51883
52102
51884
52103
51885
52104
51886
52105
51887
52106
51888
52107
51889
52108
51890
52109
51891
52110
51892
52111
51893
52112
51894
52113
51895
52114
51896
52115
51897
52116
51898
52117
51899
52118
52119
51901
52120
51902
52121
51903
52122
51904
52123
51905
52124
51906
52125
51907
52126
51908
52127
51909
52128
51910
52129
51911
52130
51912
52131
51913
52132
51914
52133
51915
52134
51916
52135
51917
52136
51918
52137
51919
52138
51920
52139
51921
52140
51922
52141
51923
52142
51924
52143
51925
52144
51926
52145
51927
52146
51928
52147
51929
52148
51930
52149
51931
52150
51932
52151
51933
52152
51934
52153
51935
52154
51936
52155
51937
52156
51938
52157
51939
52158
51940
52159
51941
52160
51942
52161
51943
52162
51944
52163
51945
52164
51946
52165
51947
52166
51948
52167
51949
52168
51950
52169
51951
52170
51952
52171
51953
52172
51954
52173
51955
52174
51956
52175
51957
52176
51958
52177
51959
52178
51960
52179
51961
52180
51962
52181
51963
52182
51964
52183
51965
52184
51966
52185
51967
52186
51968
52187
51969
52188
51970
52189
51971
52190
51972
52191
51973
52192
51974
52193
51975
52194
51976
52195
51977
52196
51978
52197
51979
52198
51980
52199
51981
52200
51982
52201
51983
52202
51984
52203
51985
52204
51986
52205
51987
52206
51988
52207
51989
52208
51990
52209
51991
52210
51992
52211
51993
52212
51994
52213
51995
52214
51996
52215
51997
52216
51998
52217
51999
52218
52000
52219
52001
52220
52002
52221
52003
52222
52004
52223
52005
52224
52006
52225
52007
52226
52008
52227
52009
52228
52010
52229
52011
52230
52012
52231
52013
52232
52014
52233
52015
52234
52016
52235
52017
52236
52018
52237
52019
52238
52020
52239
52021
52240
52022
52241
52023
52242
52024
52243
52025
52244
52026
52245
52027
52246
52028
52247
52029
52248
52030
52249
52031
52250
52032
52251
52033
52252
52034
52253
52035
52254
52036
52255
52037
52256
52038
52257
52039
52258
52040
52259
52041
52260
52042
52261
52043
52262
52044
52263
52045
52264
52046
52265
52047
52266
52048
52267
52049
52268
52050
52269
52051
52270
52052
52271
52053
52272
52054
52273
52055
52274
52056
52275
52057
52276
52058
52277
52059
52278
52060
52279
52061
52280
52062
52281
52063
52282
52064
52283
52065
52284
52066
52285
52067
52286
52068
52287
52069
52288
52070
52289
52071
52290
52072
52291
52073
52292
52074
52293
52075
52294
52076
52295
52077
52296
52078
52297
52079
52298
52080
52299
52081
52300
52082
52301
52083
52302
52084
52303
52085
52304
52086
52305
52087
52306
52088
52307
52089
52308
52090
52309
52091
52310
52092
52311
52093
52312
52094
52313
52095
52314
52096
52315
52097
52316
52098
52317
52099
52318
52100
52319
52101
52320
52102
52321
52103
52322
52104
52323
52105
52324
52106
52325
52107
52326
52108
52327
52109
52328
52110
52329
52111
52330
52112
52331
52113
52332
52114
52333
52115
52334
52116
52335
52117
52336
52118
52337
52119
52338
52339
52121
52340
52122
52341
52123
52342
52124
52343
52125
52344
52126
52345
52127
52346
52128
52347
52129
52348
52130
52349
52131
52350
52132
52351
52133
52352
52134
52353
52135
52354
52136
52355
52137
52356
52138
52357
52139
52358
52140
52359
52141
52360
52142
52361
52143
52362
52144
52363
52145
52364
52146
52365
52147
52366
52148
52367
52149
52368
52150
52369
52151
52370
52152
52371
52153
52372
52154
52373
52155
52374
52156
52375
52157
52376
52158
52377
52159
52378
52160
52379
52161
52380
52162
52381
52163
52382
52164
52383
52165
52384
52166
52385
52167
52386
52168
52387
52169
52388
52170
52389
52171
52390
52172
52391
52173
52392
52174
52393
52175
52394
52176
52395
52177
52396
52178
52397
52179
52398
52180
52399
52181
52400
52182
52401
52183
52402
52184
52403
52185
52404
52186
52405
52187
52406
52188
52407
52189
52408
52190
52409
52191
52410
52192
52411
52193
52412
52194
52413
52195
52414
52196
52415
52197
52416
52198
52417
52199
52418
52200
52419
52201
52420
52202
52421
52203
52422
52204
52423
52205
52424
52206
52425
52207
52426
52208
52427
52209
52428
52210
52429
52211
52430
52212
52431
52213
52432
52214
52433
52215
52434
52216
52435
52217
52436
52218
52437
52219
52438
52220
52439
52221
52440
52222
52441
52223
52442
52224
52443
52225
52444
52226
52445
52227
52446
52228
52447
52229
52448
52230
52449
52231
52450
52232
52451
52233
52452
52234
52453
52235
52454
52236
52455
52237
52456
52238
52457
52239
52458
52240
52459
52241
52460
52242
52461
52243
52462
52244
52463
52245
52464
52246
52465
52247
52466
52248
52467
52249
52468
52250
52469
52251
52470
52252
52471
52253
52472
52254
52473
52255
52474
52256
52475
52257
52476
52258
52477
52259
52478
52260
52479
52261
52480
52262
52481
52263
52482
52264
52483
52265
52484
52266
52485
52267
52486
52268
52487
52269
52488
52270
52489
52271
52490
52272
52491
52273
52492
52274
52493
52275
52494
52276
52495
52277
52496
52278
52497
52279
52498
52280
52499
52281
52500
52282
52501
52283
52502
52284
52503
52285
52504
52286
52505
52287
52506
52288
52507
52289
52508
52290
52509
52291
52510
52292
52511
52293
52512
52294
52513
52295
52514
52296
52515
52297
52516
52298
52517
52299
52518
52300
52519
52301
52520
52302
52521
52303
52522
52304
52523
52305
52524
52306
52525
52307
52526
52308
52527
52309
52528
52310
52529
52311
52530
52312
52531
52313
52532
52314
52533
52315
52534
52316
52535
52317
52536
52318
52537
52319
52538
52320
52539
52321
52540
52322
52541
52323
52542
52324
52543
52325
52544
52326
52545
52327
52546
52328
52547
52329
52548
52330
52549
52331
52550
52332
52551
52333
52552
52334
52553
52335
52554
52336
52555
52337
52556
52338
52557
52339
52558
52559
52341
52560
52342
52561
52343
52562
52344
52563
52345
52564
52346
52565
52347
52566
52348
52567
52349
52568
52350
52569
52351
52570
52352
52571
52353
52572
52354
52573
52355
52574
52356
52575
52357
52576
52358
52577
52359
52578
52360
52579
52361
52580
52362
52581
52363
52582
52364
52583
52365
52584
52366
52585
52367
52586
52368
52587
52369
52588
52370
52589
52371
52590
52372
52591
52373
52592
52374
52593
52375
52594
52376
52595
52377
52596
52378
52597
52379
52598
52380
52599
52381
52600
52382
52601
52383
52602
52384
52603
52385
52604
52386
52605
52387
52606
52388
52607
52389
52608
52390
52609
52391
52610
52392
52611
52393
52612
52394
52613
52395
52614
52396
52615
52397
52616
52398
52617
52399
52618
52400
52619
52401
52620
52402
52621
52403
52622
52404
52623
52405
52624
52406
52625
52407
52626
52408
52627
52409
52628
52410
52629
52411
52630
52412
52631
52413
52632
52414
52633
52415
52634
52416
52635
52417
52636
52418
52637
52419
52638
52420
52639
52421
52640
52422
52641
52423
52642
52424
52643
52425
52644
52426
52645
52427
52646
52428
52647
52429
52648
52430
52649
52431
52650
52432
52651
52433
52652
52434
52653
52435
52654
52436
52655
52437
52656
52438
52657
52439
52658
52440
52659
52441
52660
52442
52661
52443
52662
52444
52663
52445
52664
52446
52665
52447
52666
52448
52667
52449
52668
52450
52669
52451
52670
52452
52671
52453
52672
52454
52673
52455
52674
52456
52675
52457
52676
52458
52677
52459
52678
52460
52679
52461
52680
52462
52681
52463
52682
52464
52683
52465
52684
52466
52685
52467
52686
52468
52687
52469
52688
52470
52689
52471
52690
52472
52691
52473
52692
52474
52693
52475
52694
52476
52695
52477
52696
52478
52697
52479
52698
52480
52699
52481
52700
52482
52701
52483
52702
52484
52703
52485
52704
52486
52705
52487
52706
52488
52707
52489
52708
52490
52709
52491
52710
52492
52711
52493
52712
52494
52713
52495
52714
52496
52715
52497
52716
52498
52717
52499
52718
52500
52719
52501
52720
52502
52721
52503
52722
52504
52723
52505
52724
52506
52725
52507
52726
52508
52727
52509
52728
52510
52729
52511
52730
52512
52731
52513
52732
52514
52733
52515
52734
52516
52735
52517
52736
52518
52737
52519
52738
52520
52739
52521
52740
52522
52741
52523
52742
52524
52743
52525
52744
52526
52745
52527
52746
52528
52747
52529
52748
52530
52749
52531
52750
52532
52751
52533
52752
52534
52753
52535
52754
52536
52755
52537
52756
52538
52757
52539
52758
52540
52759
52541
52760
52542
52761
52543
52762
52544
52763
52545
52764
52546
52765
52547
52766
52548
52767
52549
52768
52550
52769
52551
52770
52552
52771
52553
52772
52554
52773
52555
52774
52556
52775
52557
52776
52558
52777
52559
52778
52779
52561
52780
52562
52781
52563
52782
52564
52783
52565
52784
52566
52785
52567
52786
52568
52787
52569
52788
52570
52789
52571
52790
52572
52791
52573
52792
52574
52793
52575
52794
52576
52795
52577
52796
52578
52797
52579
52798
52580
52799
52581
52800
52582
52801
52583
52802
52584
52803
52585
52804
52586
52805
52587
52806
52588
52807
52589
52808
52590
52809
52591
52810
52592
52811
52593
52812
52594
52813
52595
52814
52596
52815
52597
52816
52598
52817
52599
52818
52600
52819
52601
52820
52602
52821
52603
52822
52604
52823
52605
52824
52606
52825
52607
52826
52608
52827
52609
52828
52610
52829
52611
52830
52612
52831
52613
52832
52614
52833
52615
52834
52616
52835
52617
52836
52618
52837
52619
52838
52620
52839
52621
52840
52622
52841
52623
52842
52624
52843
52625
52844
52626
52845
52627
52846
52628
52847
52629
52848
52630
52849
52631
52850
52632
52851
52633
52852
52634
52853
52635
52854
52636
52855
52637
52856
52638
52857
52639
52858
52640
52859
52641
52860
52642
52861
52643
52862
52644
52863
52645
52864
52646
52865
52647
52866
52648
52867
52649
52868
52650
52869
52651
52870
52652
52871
52653
52872
52654
52873
52655
52874
52656
52875
52657
52876
52658
52877
52659
52878
52660
52879
52661
52880
52662
52881
52663
52882
52664
52883
52665
52884
52666
52885
52667
52886
52668
52887
52669
52888
52670
52889
52671
52890
52672
52891
52673
52892
52674
52893
52675
52894
52676
52895
52677
52896
52678
52897
52679
52898
52680
52899
52681
52900
52682
52901
52683
52902
52684
52903
52685
52904
52686
52905
52687
52906
52688
52907
52689
52908
52690
52909
52691
52910
52692
52911
52693
52912
52694
52913
52695
52914
52696
52915
52697
52916
52698
52917
52699
52918
52700
52919
52701
52920
52702
52921
52703
52922
52704
52923
52705
52924
52706
52925
52707
52926
52708
52927
52709
52928
52710
52929
52711
52930
52712
52931
52713
52932
52714
52933
52715
52934
52716
52935
52717
52936
52718
52937
52719
52938
52720
52939
52721
52940
52722
52941
52723
52942
52724
52943
52725
52944
52726
52945
52727
52946
52728
52947
52729
52948
52730
52949
52731
52950
52732
52951
52733
52952
52734
52953
52735
52954
52736
52955
52737
52956
52738
52957
52739
52958
52740
52959
52741
52960
52742
52961
52743
52962
52744
52963
52745
52964
52746
52965
52747
52966
52748
52967
52749
52968
52750
52969
52751
52970
52752
52971
52753
52972
52754
52973
52755
52974
52756
52975
52757
52976
52758
52977
52759
52978
52760
52979
52761
52980
52762
52981
52763
52982
52764
52983
52765
52984
52766
52985
52767
52986
52768
52987
52769
52988
52770
52989
52771
52990
52772
52991
52773
52992
52774
52993
52775
52994
52776
52995
52777
52996
52778
52997
52779
52998
52999
52781
53000
52782
53001
52783
53002
52784
53003
52785
53004
52786
53005
52787
53006
52788
53007
52789
53008
52790
53009
52791
53010
52792
53011
52793
53012
52794
53013
52795
53014
52796
53015
52797
53016
52798
53017
52799
53018
52800
53019
52801
53020
52802
53021
52803
53022
52804
53023
52805
53024
52806
53025
52807
53026
52808
53027
52809
53028
52810
53029
52811
53030
52812
53031
52813
53032
52814
53033
52815
53034
52816
53035
52817
53036
52818
53037
52819
53038
52820
53039
52821
53040
52822
53041
52823
53042
52824
53043
52825
53044
52826
53045
52827
53046
52828
53047
52829
53048
52830
53049
52831
53050
52832
53051
52833
53052
52834
53053
52835
53054
52836
53055
52837
53056
52838
53057
52839
53058
52840
53059
52841
53060
52842
53061
52843
53062
52844
53063
52845
53064
52846
53065
52847
53066
52848
53067
52849
53068
52850
53069
52851
53070
52852
53071
52853
53072
52854
53073
52855
53074
52856
53075
52857
53076
52858
53077
52859
53078
52860
53079
52861
53080
52862
53081
52863
53082
52864
53083
52865
53084
52866
53085
52867
53086
52868
53087
52869
53088
52870
53089
52871
53090
52872
53091
52873
53092
52874
53093
52875
53094
52876
53095
52877
53096
52878
53097
52879
53098
52880
53099
52881
53100
52882
53101
52883
53102
52884
53103
52885
53104
52886
53105
52887
53106
52888
53107
52889
53108
52890
53109
52891
53110
52892
53111
52893
53112
52894
53113
52895
53114
52896
53115
52897
53116
52898
53117
52899
53118
52900
53119
52901
53120
52902
53121
52903
53122
52904
53123
52905
53124
52906
53125
52907
53126
52908
53127
52909
53128
52910
53129
52911
53130
52912
53131
52913
53132
52914
53133
52915
53134
52916
53135
52917
53136
52918
53137
52919
53138
52920
53139
52921
53140
52922
53141
52923
53142
52924
53143
52925
53144
52926
53145
52927
53146
52928
53147
52929
53148
52930
53149
52931
53150
52932
53151
52933
53152
52934
53153
52935
53154
52936
53155
52937
53156
52938
53157
52939
53158
52940
53159
52941
53160
52942
53161
52943
53162
52944
53163
52945
53164
52946
53165
52947
53166
52948
53167
52949
53168
52950
53169
52951
53170
52952
53171
52953
53172
52954
53173
52955
53174
52956
53175
52957
53176
52958
53177
52959
53178
52960
53179
52961
53180
52962
53181
52963
53182
52964
53183
52965
53184
52966
53185
52967
53186
52968
53187
52969
53188
52970
53189
52971
53190
52972
53191
52973
53192
52974
53193
52975
53194
52976
53195
52977
53196
52978
53197
52979
53198
52980
53199
52981
53200
52982
53201
52983
53202
52984
53203
52985
53204
52986
53205
52987
53206
52988
53207
52989
53208
52990
53209
52991
53210
52992
53211
52993
53212
52994
53213
52995
53214
52996
53215
52997
53216
52998
53217
52999
53218
53219
53001
53220
53002
53221
53003
53222
53004
53223
53005
53224
53006
53225
53007
53226
53008
53227
53009
53228
53010
53229
53011
53230
53012
53231
53013
53232
53014
53233
53015
53234
53016
53235
53017
53236
53018
53237
53019
53238
53020
53239
53021
53240
53022
53241
53023
53242
53024
53243
53025
53244
53026
53245
53027
53246
53028
53247
53029
53248
53030
53249
53031
53250
53032
53251
53033
53252
53034
53253
53035
53254
53036
53255
53037
53256
53038
53257
53039
53258
53040
53259
53041
53260
53042
53261
53043
53262
53044
53263
53045
53264
53046
53265
53047
53266
53048
53267
53049
53268
53050
53269
53051
53270
53052
53271
53053
53272
53054
53273
53055
53274
53056
53275
53057
53276
53058
53277
53059
53278
53060
53279
53061
53280
53062
53281
53063
53282
53064
53283
53065
53284
53066
53285
53067
53286
53068
53287
53069
53288
53070
53289
53071
53290
53072
53291
53073
53292
53074
53293
53075
53294
53076
53295
53077
53296
53078
53297
53079
53298
53080
53299
53081
53300
53082
53301
53083
53302
53084
53303
53085
53304
53086
53305
53087
53306
53088
53307
53089
53308
53090
53309
53091
53310
53092
53311
53093
53312
53094
53313
53095
53314
53096
53315
53097
53316
53098
53317
53099
53318
53100
53319
53101
53320
53102
53321
53103
53322
53104
53323
53105
53324
53106
53325
53107
53326
53108
53327
53109
53328
53110
53329
53111
53330
53112
53331
53113
53332
53114
53333
53115
53334
53116
53335
53117
53336
53118
53337
53119
53338
53120
53339
53121
53340
53122
53341
53123
53342
53124
53343
53125
53344
53126
53345
53127
53346
53128
53347
53129
53348
53130
53349
53131
53350
53132
53351
53133
53352
53134
53353
53135
53354
53136
53355
53137
53356
53138
53357
53139
53358
53140
53359
53141
53360
53142
53361
53143
53362
53144
53363
53145
53364
53146
53365
53147
53366
53148
53367
53149
53368
53150
53369
53151
53370
53152
53371
53153
53372
53154
53373
53155
53374
53156
53375
53157
53376
53158
53377
53159
53378
53160
53379
53161
53380
53162
53381
53163
53382
53164
53383
53165
53384
53166
53385
53167
53386
53168
53387
53169
53388
53170
53389
53171
53390
53172
53391
53173
53392
53174
53393
53175
53394
53176
53395
53177
53396
53178
53397
53179
53398
53180
53399
53181
53400
53182
53401
53183
53402
53184
53403
53185
53404
53186
53405
53187
53406
53188
53407
53189
53408
53190
53409
53191
53410
53192
53411
53193
53412
53194
53413
53195
53414
53196
53415
53197
53416
53198
53417
53199
53418
53200
53419
53201
53420
53202
53421
53203
53422
53204
53423
53205
53424
53206
53425
53207
53426
53208
53427
53209
53428
53210
53429
53211
53430
53212
53431
53213
53432
53214
53433
53215
53434
53216
53435
53217
53436
53218
53437
53219
53438
53439
53221
53440
53222
53441
53223
53442
53224
53443
53225
53444
53226
53445
53227
53446
53228
53447
53229
53448
53230
53449
53231
53450
53232
53451
53233
53452
53234
53453
53235
53454
53236
53455
53237
53456
53238
53457
53239
53458
53240
53459
53241
53460
53242
53461
53243
53462
53244
53463
53245
53464
53246
53465
53247
53466
53248
53467
53249
53468
53250
53469
53251
53470
53252
53471
53253
53472
53254
53473
53255
53474
53256
53475
53257
53476
53258
53477
53259
53478
53260
53479
53261
53480
53262
53481
53263
53482
53264
53483
53265
53484
53266
53485
53267
53486
53268
53487
53269
53488
53270
53489
53271
53490
53272
53491
53273
53492
53274
53493
53275
53494
53276
53495
53277
53496
53278
53497
53279
53498
53280
53499
53281
53500
53282
53501
53283
53502
53284
53503
53285
53504
53286
53505
53287
53506
53288
53507
53289
53508
53290
53509
53291
53510
53292
53511
53293
53512
53294
53513
53295
53514
53296
53515
53297
53516
53298
53517
53299
53518
53300
53519
53301
53520
53302
53521
53303
53522
53304
53523
53305
53524
53306
53525
53307
53526
53308
53527
53309
53528
53310
53529
53311
53530
53312
53531
53313
53532
53314
53533
53315
53534
53316
53535
53317
53536
53318
53537
53319
53538
53320
53539
53321
53540
53322
53541
53323
53542
53324
53543
53325
53544
53326
53545
53327
53546
53328
53547
53329
53548
53330
53549
53331
53550
53332
53551
53333
53552
53334
53553
53335
53554
53336
53555
53337
53556
53338
53557
53339
53558
53340
53559
53341
53560
53342
53561
53343
53562
53344
53563
53345
53564
53346
53565
53347
53566
53348
53567
53349
53568
53350
53569
53351
53570
53352
53571
53353
53572
53354
53573
53355
53574
53356
53575
53357
53576
53358
53577
53359
53578
53360
53579
53361
53580
53362
53581
53363
53582
53364
53583
53365
53584
53366
53585
53367
53586
53368
53587
53369
53588
53370
53589
53371
53590
53372
53591
53373
53592
53374
53593
53375
53594
53376
53595
53377
53596
53378
53597
53379
53598
53380
53599
53381
53600
53382
53601
53383
53602
53384
53603
53385
53604
53386
53605
53387
53606
53388
53607
53389
53608
53390
53609
53391
53610
53392
53611
53393
53612
53394
53613
53395
53614
53396
53615
53397
53616
53398
53617
53399
53618
53400
53619
53401
53620
53402
53621
53403
53622
53404
53623
53405
53624
53406
53625
53407
53626
53408
53627
53409
53628
53410
53629
53411
53630
53412
53631
53413
53632
53414
53633
53415
53634
53416
53635
53417
53636
53418
53637
53419
53638
53420
53639
53421
53640
53422
53641
53423
53642
53424
53643
53425
53644
53426
53645
53427
53646
53428
53647
53429
53648
53430
53649
53431
53650
53432
53651
53433
53652
53434
53653
53435
53654
53436
53655
53437
53656
53438
53657
53439
53658
53659
53441
53660
53442
53661
53443
53662
53444
53663
53445
53664
53446
53665
53447
53666
53448
53667
53449
53668
53450
53669
53451
53670
53452
53671
53453
53672
53454
53673
53455
53674
53456
53675
53457
53676
53458
53677
53459
53678
53460
53679
53461
53680
53462
53681
53463
53682
53464
53683
53465
53684
53466
53685
53467
53686
53468
53687
53469
53688
53470
53689
53471
53690
53472
53691
53473
53692
53474
53693
53475
53694
53476
53695
53477
53696
53478
53697
53479
53698
53480
53699
53481
53700
53482
53701
53483
53702
53484
53703
53485
53704
53486
53705
53487
53706
53488
53707
53489
53708
53490
53709
53491
53710
53492
53711
53493
53712
53494
53713
53495
53714
53496
53715
53497
53716
53498
53717
53499
53718
53500
53719
53501
53720
53502
53721
53503
53722
53504
53723
53505
53724
53506
53725
53507
53726
53508
53727
53509
53728
53510
53729
53511
53730
53512
53731
53513
53732
53514
53733
53515
53734
53516
53735
53517
53736
53518
53737
53519
53738
53520
53739
53521
53740
53522
53741
53523
53742
53524
53743
53525
53744
53526
53745
53527
53746
53528
53747
53529
53748
53530
53749
53531
53750
53532
53751
53533
53752
53534
53753
53535
53754
53536
53755
53537
53756
53538
53757
53539
53758
53540
53759
53541
53760
53542
53761
53543
53762
53544
53763
53545
53764
53546
53765
53547
53766
53548
53767
53549
53768
53550
53769
53551
53770
53552
53771
53553
53772
53554
53773
53555
53774
53556
53775
53557
53776
53558
53777
53559
53778
53560
53779
53561
53780
53562
53781
53563
53782
53564
53783
53565
53784
53566
53785
53567
53786
53568
53787
53569
53788
53570
53789
53571
53790
53572
53791
53573
53792
53574
53793
53575
53794
53576
53795
53577
53796
53578
53797
53579
53798
53580
53799
53581
53800
53582
53801
53583
53802
53584
53803
53585
53804
53586
53805
53587
53806
53588
53807
53589
53808
53590
53809
53591
53810
53592
53811
53593
53812
53594
53813
53595
53814
53596
53815
53597
53816
53598
53817
53599
53818
53600
53819
53601
53820
53602
53821
53603
53822
53604
53823
53605
53824
53606
53825
53607
53826
53608
53827
53609
53828
53610
53829
53611
53830
53612
53831
53613
53832
53614
53833
53615
53834
53616
53835
53617
53836
53618
53837
53619
53838
53620
53839
53621
53840
53622
53841
53623
53842
53624
53843
53625
53844
53626
53845
53627
53846
53628
53847
53629
53848
53630
53849
53631
53850
53632
53851
53633
53852
53634
53853
53635
53854
53636
53855
53637
53856
53638
53857
53639
53858
53640
53859
53641
53860
53642
53861
53643
53862
53644
53863
53645
53864
53646
53865
53647
53866
53648
53867
53649
53868
53650
53869
53651
53870
53652
53871
53653
53872
53654
53873
53655
53874
53656
53875
53657
53876
53658
53877
53659
53878
53879
53661
53880
53662
53881
53663
53882
53664
53883
53665
53884
53666
53885
53667
53886
53668
53887
53669
53888
53670
53889
53671
53890
53672
53891
53673
53892
53674
53893
53675
53894
53676
53895
53677
53896
53678
53897
53679
53898
53680
53899
53681
53900
53682
53901
53683
53902
53684
53903
53685
53904
53686
53905
53687
53906
53688
53907
53689
53908
53690
53909
53691
53910
53692
53911
53693
53912
53694
53913
53695
53914
53696
53915
53697
53916
53698
53917
53699
53918
53700
53919
53701
53920
53702
53921
53703
53922
53704
53923
53705
53924
53706
53925
53707
53926
53708
53927
53709
53928
53710
53929
53711
53930
53712
53931
53713
53932
53714
53933
53715
53934
53716
53935
53717
53936
53718
53937
53719
53938
53720
53939
53721
53940
53722
53941
53723
53942
53724
53943
53725
53944
53726
53945
53727
53946
53728
53947
53729
53948
53730
53949
53731
53950
53732
53951
53733
53952
53734
53953
53735
53954
53736
53955
53737
53956
53738
53957
53739
53958
53740
53959
53741
53960
53742
53961
53743
53962
53744
53963
53745
53964
53746
53965
53747
53966
53748
53967
53749
53968
53750
53969
53751
53970
53752
53971
53753
53972
53754
53973
53755
53974
53756
53975
53757
53976
53758
53977
53759
53978
53760
53979
53761
53980
53762
53981
53763
53982
53764
53983
53765
53984
53766
53985
53767
53986
53768
53987
53769
53988
53770
53989
53771
53990
53772
53991
53773
53992
53774
53993
53775
53994
53776
53995
53777
53996
53778
53997
53779
53998
53780
53999
53781
54000
53782
54001
53783
54002
53784
54003
53785
54004
53786
54005
53787
54006
53788
54007
53789
54008
53790
54009
53791
54010
53792
54011
53793
54012
53794
54013
53795
54014
53796
54015
53797
54016
53798
54017
53799
54018
53800
54019
53801
54020
53802
54021
53803
54022
53804
54023
53805
54024
53806
54025
53807
54026
53808
54027
53809
54028
53810
54029
53811
54030
53812
54031
53813
54032
53814
54033
53815
54034
53816
54035
53817
54036
53818
54037
53819
54038
53820
54039
53821
54040
53822
54041
53823
54042
53824
54043
53825
54044
53826
54045
53827
54046
53828
54047
53829
54048
53830
54049
53831
54050
53832
54051
53833
54052
53834
54053
53835
54054
53836
54055
53837
54056
53838
54057
53839
54058
53840
54059
53841
54060
53842
54061
53843
54062
53844
54063
53845
54064
53846
54065
53847
54066
53848
54067
53849
54068
53850
54069
53851
54070
53852
54071
53853
54072
53854
54073
53855
54074
53856
54075
53857
54076
53858
54077
53859
54078
53860
54079
53861
54080
53862
54081
53863
54082
53864
54083
53865
54084
53866
54085
53867
54086
53868
54087
53869
54088
53870
54089
53871
54090
53872
54091
53873
54092
53874
54093
53875
54094
53876
54095
53877
54096
53878
54097
53879
54098
54099
53881
54100
53882
54101
53883
54102
53884
54103
53885
54104
53886
54105
53887
54106
53888
54107
53889
54108
53890
54109
53891
54110
53892
54111
53893
54112
53894
54113
53895
54114
53896
54115
53897
54116
53898
54117
53899
54118
53900
54119
53901
54120
53902
54121
53903
54122
53904
54123
53905
54124
53906
54125
53907
54126
53908
54127
53909
54128
53910
54129
53911
54130
53912
54131
53913
54132
53914
54133
53915
54134
53916
54135
53917
54136
53918
54137
53919
54138
53920
54139
53921
54140
53922
54141
53923
54142
53924
54143
53925
54144
53926
54145
53927
54146
53928
54147
53929
54148
53930
54149
53931
54150
53932
54151
53933
54152
53934
54153
53935
54154
53936
54155
53937
54156
53938
54157
53939
54158
53940
54159
53941
54160
53942
54161
53943
54162
53944
54163
53945
54164
53946
54165
53947
54166
53948
54167
53949
54168
53950
54169
53951
54170
53952
54171
53953
54172
53954
54173
53955
54174
53956
54175
53957
54176
53958
54177
53959
54178
53960
54179
53961
54180
53962
54181
53963
54182
53964
54183
53965
54184
53966
54185
53967
54186
53968
54187
53969
54188
53970
54189
53971
54190
53972
54191
53973
54192
53974
54193
53975
54194
53976
54195
53977
54196
53978
54197
53979
54198
53980
54199
53981
54200
53982
54201
53983
54202
53984
54203
53985
54204
53986
54205
53987
54206
53988
54207
53989
54208
53990
54209
53991
54210
53992
54211
53993
54212
53994
54213
53995
54214
53996
54215
53997
54216
53998
54217
53999
54218
54000
54219
54001
54220
54002
54221
54003
54222
54004
54223
54005
54224
54006
54225
54007
54226
54008
54227
54009
54228
54010
54229
54011
54230
54012
54231
54013
54232
54014
54233
54015
54234
54016
54235
54017
54236
54018
54237
54019
54238
54020
54239
54021
54240
54022
54241
54023
54242
54024
54243
54025
54244
54026
54245
54027
54246
54028
54247
54029
54248
54030
54249
54031
54250
54032
54251
54033
54252
54034
54253
54035
54254
54036
54255
54037
54256
54038
54257
54039
54258
54040
54259
54041
54260
54042
54261
54043
54262
54044
54263
54045
54264
54046
54265
54047
54266
54048
54267
54049
54268
54050
54269
54051
54270
54052
54271
54053
54272
54054
54273
54055
54274
54056
54275
54057
54276
54058
54277
54059
54278
54060
54279
54061
54280
54062
54281
54063
54282
54064
54283
54065
54284
54066
54285
54067
54286
54068
54287
54069
54288
54070
54289
54071
54290
54072
54291
54073
54292
54074
54293
54075
54294
54076
54295
54077
54296
54078
54297
54079
54298
54080
54299
54081
54300
54082
54301
54083
54302
54084
54303
54085
54304
54086
54305
54087
54306
54088
54307
54089
54308
54090
54309
54091
54310
54092
54311
54093
54312
54094
54313
54095
54314
54096
54315
54097
54316
54098
54317
54099
54318
54319
54101
54320
54102
54321
54103
54322
54104
54323
54105
54324
54106
54325
54107
54326
54108
54327
54109
54328
54110
54329
54111
54330
54112
54331
54113
54332
54114
54333
54115
54334
54116
54335
54117
54336
54118
54337
54119
54338
54120
54339
54121
54340
54122
54341
54123
54342
54124
54343
54125
54344
54126
54345
54127
54346
54128
54347
54129
54348
54130
54349
54131
54350
54132
54351
54133
54352
54134
54353
54135
54354
54136
54355
54137
54356
54138
54357
54139
54358
54140
54359
54141
54360
54142
54361
54143
54362
54144
54363
54145
54364
54146
54365
54147
54366
54148
54367
54149
54368
54150
54369
54151
54370
54152
54371
54153
54372
54154
54373
54155
54374
54156
54375
54157
54376
54158
54377
54159
54378
54160
54379
54161
54380
54162
54381
54163
54382
54164
54383
54165
54384
54166
54385
54167
54386
54168
54387
54169
54388
54170
54389
54171
54390
54172
54391
54173
54392
54174
54393
54175
54394
54176
54395
54177
54396
54178
54397
54179
54398
54180
54399
54181
54400
54182
54401
54183
54402
54184
54403
54185
54404
54186
54405
54187
54406
54188
54407
54189
54408
54190
54409
54191
54410
54192
54411
54193
54412
54194
54413
54195
54414
54196
54415
54197
54416
54198
54417
54199
54418
54200
54419
54201
54420
54202
54421
54203
54422
54204
54423
54205
54424
54206
54425
54207
54426
54208
54427
54209
54428
54210
54429
54211
54430
54212
54431
54213
54432
54214
54433
54215
54434
54216
54435
54217
54436
54218
54437
54219
54438
54220
54439
54221
54440
54222
54441
54223
54442
54224
54443
54225
54444
54226
54445
54227
54446
54228
54447
54229
54448
54230
54449
54231
54450
54232
54451
54233
54452
54234
54453
54235
54454
54236
54455
54237
54456
54238
54457
54239
54458
54240
54459
54241
54460
54242
54461
54243
54462
54244
54463
54245
54464
54246
54465
54247
54466
54248
54467
54249
54468
54250
54469
54251
54470
54252
54471
54253
54472
54254
54473
54255
54474
54256
54475
54257
54476
54258
54477
54259
54478
54260
54479
54261
54480
54262
54481
54263
54482
54264
54483
54265
54484
54266
54485
54267
54486
54268
54487
54269
54488
54270
54489
54271
54490
54272
54491
54273
54492
54274
54493
54275
54494
54276
54495
54277
54496
54278
54497
54279
54498
54280
54499
54281
54500
54282
54501
54283
54502
54284
54503
54285
54504
54286
54505
54287
54506
54288
54507
54289
54508
54290
54509
54291
54510
54292
54511
54293
54512
54294
54513
54295
54514
54296
54515
54297
54516
54298
54517
54299
54518
54300
54519
54301
54520
54302
54521
54303
54522
54304
54523
54305
54524
54306
54525
54307
54526
54308
54527
54309
54528
54310
54529
54311
54530
54312
54531
54313
54532
54314
54533
54315
54534
54316
54535
54317
54536
54318
54537
54319
54538
54539
54321
54540
54322
54541
54323
54542
54324
54543
54325
54544
54326
54545
54327
54546
54328
54547
54329
54548
54330
54549
54331
54550
54332
54551
54333
54552
54334
54553
54335
54554
54336
54555
54337
54556
54338
54557
54339
54558
54340
54559
54341
54560
54342
54561
54343
54562
54344
54563
54345
54564
54346
54565
54347
54566
54348
54567
54349
54568
54350
54569
54351
54570
54352
54571
54353
54572
54354
54573
54355
54574
54356
54575
54357
54576
54358
54577
54359
54578
54360
54579
54361
54580
54362
54581
54363
54582
54364
54583
54365
54584
54366
54585
54367
54586
54368
54587
54369
54588
54370
54589
54371
54590
54372
54591
54373
54592
54374
54593
54375
54594
54376
54595
54377
54596
54378
54597
54379
54598
54380
54599
54381
54600
54382
54601
54383
54602
54384
54603
54385
54604
54386
54605
54387
54606
54388
54607
54389
54608
54390
54609
54391
54610
54392
54611
54393
54612
54394
54613
54395
54614
54396
54615
54397
54616
54398
54617
54399
54618
54400
54619
54401
54620
54402
54621
54403
54622
54404
54623
54405
54624
54406
54625
54407
54626
54408
54627
54409
54628
54410
54629
54411
54630
54412
54631
54413
54632
54414
54633
54415
54634
54416
54635
54417
54636
54418
54637
54419
54638
54420
54639
54421
54640
54422
54641
54423
54642
54424
54643
54425
54644
54426
54645
54427
54646
54428
54647
54429
54648
54430
54649
54431
54650
54432
54651
54433
54652
54434
54653
54435
54654
54436
54655
54437
54656
54438
54657
54439
54658
54440
54659
54441
54660
54442
54661
54443
54662
54444
54663
54445
54664
54446
54665
54447
54666
54448
54667
54449
54668
54450
54669
54451
54670
54452
54671
54453
54672
54454
54673
54455
54674
54456
54675
54457
54676
54458
54677
54459
54678
54460
54679
54461
54680
54462
54681
54463
54682
54464
54683
54465
54684
54466
54685
54467
54686
54468
54687
54469
54688
54470
54689
54471
54690
54472
54691
54473
54692
54474
54693
54475
54694
54476
54695
54477
54696
54478
54697
54479
54698
54480
54699
54481
54700
54482
54701
54483
54702
54484
54703
54485
54704
54486
54705
54487
54706
54488
54707
54489
54708
54490
54709
54491
54710
54492
54711
54493
54712
54494
54713
54495
54714
54496
54715
54497
54716
54498
54717
54499
54718
54500
54719
54501
54720
54502
54721
54503
54722
54504
54723
54505
54724
54506
54725
54507
54726
54508
54727
54509
54728
54510
54729
54511
54730
54512
54731
54513
54732
54514
54733
54515
54734
54516
54735
54517
54736
54518
54737
54519
54738
54520
54739
54521
54740
54522
54741
54523
54742
54524
54743
54525
54744
54526
54745
54527
54746
54528
54747
54529
54748
54530
54749
54531
54750
54532
54751
54533
54752
54534
54753
54535
54754
54536
54755
54537
54756
54538
54757
54539
54758
54759
54541
54760
54542
54761
54543
54762
54544
54763
54545
54764
54546
54765
54547
54766
54548
54767
54549
54768
54550
54769
54551
54770
54552
54771
54553
54772
54554
54773
54555
54774
54556
54775
54557
54776
54558
54777
54559
54778
54560
54779
54561
54780
54562
54781
54563
54782
54564
54783
54565
54784
54566
54785
54567
54786
54568
54787
54569
54788
54570
54789
54571
54790
54572
54791
54573
54792
54574
54793
54575
54794
54576
54795
54577
54796
54578
54797
54579
54798
54580
54799
54581
54800
54582
54801
54583
54802
54584
54803
54585
54804
54586
54805
54587
54806
54588
54807
54589
54808
54590
54809
54591
54810
54592
54811
54593
54812
54594
54813
54595
54814
54596
54815
54597
54816
54598
54817
54599
54818
54600
54819
54601
54820
54602
54821
54603
54822
54604
54823
54605
54824
54606
54825
54607
54826
54608
54827
54609
54828
54610
54829
54611
54830
54612
54831
54613
54832
54614
54833
54615
54834
54616
54835
54617
54836
54618
54837
54619
54838
54620
54839
54621
54840
54622
54841
54623
54842
54624
54843
54625
54844
54626
54845
54627
54846
54628
54847
54629
54848
54630
54849
54631
54850
54632
54851
54633
54852
54634
54853
54635
54854
54636
54855
54637
54856
54638
54857
54639
54858
54640
54859
54641
54860
54642
54861
54643
54862
54644
54863
54645
54864
54646
54865
54647
54866
54648
54867
54649
54868
54650
54869
54651
54870
54652
54871
54653
54872
54654
54873
54655
54874
54656
54875
54657
54876
54658
54877
54659
54878
54660
54879
54661
54880
54662
54881
54663
54882
54664
54883
54665
54884
54666
54885
54667
54886
54668
54887
54669
54888
54670
54889
54671
54890
54672
54891
54673
54892
54674
54893
54675
54894
54676
54895
54677
54896
54678
54897
54679
54898
54680
54899
54681
54900
54682
54901
54683
54902
54684
54903
54685
54904
54686
54905
54687
54906
54688
54907
54689
54908
54690
54909
54691
54910
54692
54911
54693
54912
54694
54913
54695
54914
54696
54915
54697
54916
54698
54917
54699
54918
54700
54919
54701
54920
54702
54921
54703
54922
54704
54923
54705
54924
54706
54925
54707
54926
54708
54927
54709
54928
54710
54929
54711
54930
54712
54931
54713
54932
54714
54933
54715
54934
54716
54935
54717
54936
54718
54937
54719
54938
54720
54939
54721
54940
54722
54941
54723
54942
54724
54943
54725
54944
54726
54945
54727
54946
54728
54947
54729
54948
54730
54949
54731
54950
54732
54951
54733
54952
54734
54953
54735
54954
54736
54955
54737
54956
54738
54957
54739
54958
54740
54959
54741
54960
54742
54961
54743
54962
54744
54963
54745
54964
54746
54965
54747
54966
54748
54967
54749
54968
54750
54969
54751
54970
54752
54971
54753
54972
54754
54973
54755
54974
54756
54975
54757
54976
54758
54977
54759
54978
54979
54761
54980
54762
54981
54763
54982
54764
54983
54765
54984
54766
54985
54767
54986
54768
54987
54769
54988
54770
54989
54771
54990
54772
54991
54773
54992
54774
54993
54775
54994
54776
54995
54777
54996
54778
54997
54779
54998
54780
54999
54781
55000
54782
55001
54783
55002
54784
55003
54785
55004
54786
55005
54787
55006
54788
55007
54789
55008
54790
55009
54791
55010
54792
55011
54793
55012
54794
55013
54795
55014
54796
55015
54797
55016
54798
55017
54799
55018
54800
55019
54801
55020
54802
55021
54803
55022
54804
55023
54805
55024
54806
55025
54807
55026
54808
55027
54809
55028
54810
55029
54811
55030
54812
55031
54813
55032
54814
55033
54815
55034
54816
55035
54817
55036
54818
55037
54819
55038
54820
55039
54821
55040
54822
55041
54823
55042
54824
55043
54825
55044
54826
55045
54827
55046
54828
55047
54829
55048
54830
55049
54831
55050
54832
55051
54833
55052
54834
55053
54835
55054
54836
55055
54837
55056
54838
55057
54839
55058
54840
55059
54841
55060
54842
55061
54843
55062
54844
55063
54845
55064
54846
55065
54847
55066
54848
55067
54849
55068
54850
55069
54851
55070
54852
55071
54853
55072
54854
55073
54855
55074
54856
55075
54857
55076
54858
55077
54859
55078
54860
55079
54861
55080
54862
55081
54863
55082
54864
55083
54865
55084
54866
55085
54867
55086
54868
55087
54869
55088
54870
55089
54871
55090
54872
55091
54873
55092
54874
55093
54875
55094
54876
55095
54877
55096
54878
55097
54879
55098
54880
55099
54881
55100
54882
55101
54883
55102
54884
55103
54885
55104
54886
55105
54887
55106
54888
55107
54889
55108
54890
55109
54891
55110
54892
55111
54893
55112
54894
55113
54895
55114
54896
55115
54897
55116
54898
55117
54899
55118
54900
55119
54901
55120
54902
55121
54903
55122
54904
55123
54905
55124
54906
55125
54907
55126
54908
55127
54909
55128
54910
55129
54911
55130
54912
55131
54913
55132
54914
55133
54915
55134
54916
55135
54917
55136
54918
55137
54919
55138
54920
55139
54921
55140
54922
55141
54923
55142
54924
55143
54925
55144
54926
55145
54927
55146
54928
55147
54929
55148
54930
55149
54931
55150
54932
55151
54933
55152
54934
55153
54935
55154
54936
55155
54937
55156
54938
55157
54939
55158
54940
55159
54941
55160
54942
55161
54943
55162
54944
55163
54945
55164
54946
55165
54947
55166
54948
55167
54949
55168
54950
55169
54951
55170
54952
55171
54953
55172
54954
55173
54955
55174
54956
55175
54957
55176
54958
55177
54959
55178
54960
55179
54961
55180
54962
55181
54963
55182
54964
55183
54965
55184
54966
55185
54967
55186
54968
55187
54969
55188
54970
55189
54971
55190
54972
55191
54973
55192
54974
55193
54975
55194
54976
55195
54977
55196
54978
55197
54979
55198
55199
54981
55200
54982
55201
54983
55202
54984
55203
54985
55204
54986
55205
54987
55206
54988
55207
54989
55208
54990
55209
54991
55210
54992
55211
54993
55212
54994
55213
54995
55214
54996
55215
54997
55216
54998
55217
54999
55218
55000
55219
55001
55220
55002
55221
55003
55222
55004
55223
55005
55224
55006
55225
55007
55226
55008
55227
55009
55228
55010
55229
55011
55230
55012
55231
55013
55232
55014
55233
55015
55234
55016
55235
55017
55236
55018
55237
55019
55238
55020
55239
55021
55240
55022
55241
55023
55242
55024
55243
55025
55244
55026
55245
55027
55246
55028
55247
55029
55248
55030
55249
55031
55250
55032
55251
55033
55252
55034
55253
55035
55254
55036
55255
55037
55256
55038
55257
55039
55258
55040
55259
55041
55260
55042
55261
55043
55262
55044
55263
55045
55264
55046
55265
55047
55266
55048
55267
55049
55268
55050
55269
55051
55270
55052
55271
55053
55272
55054
55273
55055
55274
55056
55275
55057
55276
55058
55277
55059
55278
55060
55279
55061
55280
55062
55281
55063
55282
55064
55283
55065
55284
55066
55285
55067
55286
55068
55287
55069
55288
55070
55289
55071
55290
55072
55291
55073
55292
55074
55293
55075
55294
55076
55295
55077
55296
55078
55297
55079
55298
55080
55299
55081
55300
55082
55301
55083
55302
55084
55303
55085
55304
55086
55305
55087
55306
55088
55307
55089
55308
55090
55309
55091
55310
55092
55311
55093
55312
55094
55313
55095
55314
55096
55315
55097
55316
55098
55317
55099
55318
55100
55319
55101
55320
55102
55321
55103
55322
55104
55323
55105
55324
55106
55325
55107
55326
55108
55327
55109
55328
55110
55329
55111
55330
55112
55331
55113
55332
55114
55333
55115
55334
55116
55335
55117
55336
55118
55337
55119
55338
55120
55339
55121
55340
55122
55341
55123
55342
55124
55343
55125
55344
55126
55345
55127
55346
55128
55347
55129
55348
55130
55349
55131
55350
55132
55351
55133
55352
55134
55353
55135
55354
55136
55355
55137
55356
55138
55357
55139
55358
55140
55359
55141
55360
55142
55361
55143
55362
55144
55363
55145
55364
55146
55365
55147
55366
55148
55367
55149
55368
55150
55369
55151
55370
55152
55371
55153
55372
55154
55373
55155
55374
55156
55375
55157
55376
55158
55377
55159
55378
55160
55379
55161
55380
55162
55381
55163
55382
55164
55383
55165
55384
55166
55385
55167
55386
55168
55387
55169
55388
55170
55389
55171
55390
55172
55391
55173
55392
55174
55393
55175
55394
55176
55395
55177
55396
55178
55397
55179
55398
55180
55399
55181
55400
55182
55401
55183
55402
55184
55403
55185
55404
55186
55405
55187
55406
55188
55407
55189
55408
55190
55409
55191
55410
55192
55411
55193
55412
55194
55413
55195
55414
55196
55415
55197
55416
55198
55417
55199
55418
55419
55201
55420
55202
55421
55203
55422
55204
55423
55205
55424
55206
55425
55207
55426
55208
55427
55209
55428
55210
55429
55211
55430
55212
55431
55213
55432
55214
55433
55215
55434
55216
55435
55217
55436
55218
55437
55219
55438
55220
55439
55221
55440
55222
55441
55223
55442
55224
55443
55225
55444
55226
55445
55227
55446
55228
55447
55229
55448
55230
55449
55231
55450
55232
55451
55233
55452
55234
55453
55235
55454
55236
55455
55237
55456
55238
55457
55239
55458
55240
55459
55241
55460
55242
55461
55243
55462
55244
55463
55245
55464
55246
55465
55247
55466
55248
55467
55249
55468
55250
55469
55251
55470
55252
55471
55253
55472
55254
55473
55255
55474
55256
55475
55257
55476
55258
55477
55259
55478
55260
55479
55261
55480
55262
55481
55263
55482
55264
55483
55265
55484
55266
55485
55267
55486
55268
55487
55269
55488
55270
55489
55271
55490
55272
55491
55273
55492
55274
55493
55275
55494
55276
55495
55277
55496
55278
55497
55279
55498
55280
55499
55281
55500
55282
55501
55283
55502
55284
55503
55285
55504
55286
55505
55287
55506
55288
55507
55289
55508
55290
55509
55291
55510
55292
55511
55293
55512
55294
55513
55295
55514
55296
55515
55297
55516
55298
55517
55299
55518
55300
55519
55301
55520
55302
55521
55303
55522
55304
55523
55305
55524
55306
55525
55307
55526
55308
55527
55309
55528
55310
55529
55311
55530
55312
55531
55313
55532
55314
55533
55315
55534
55316
55535
55317
55536
55318
55537
55319
55538
55320
55539
55321
55540
55322
55541
55323
55542
55324
55543
55325
55544
55326
55545
55327
55546
55328
55547
55329
55548
55330
55549
55331
55550
55332
55551
55333
55552
55334
55553
55335
55554
55336
55555
55337
55556
55338
55557
55339
55558
55340
55559
55341
55560
55342
55561
55343
55562
55344
55563
55345
55564
55346
55565
55347
55566
55348
55567
55349
55568
55350
55569
55351
55570
55352
55571
55353
55572
55354
55573
55355
55574
55356
55575
55357
55576
55358
55577
55359
55578
55360
55579
55361
55580
55362
55581
55363
55582
55364
55583
55365
55584
55366
55585
55367
55586
55368
55587
55369
55588
55370
55589
55371
55590
55372
55591
55373
55592
55374
55593
55375
55594
55376
55595
55377
55596
55378
55597
55379
55598
55380
55599
55381
55600
55382
55601
55383
55602
55384
55603
55385
55604
55386
55605
55387
55606
55388
55607
55389
55608
55390
55609
55391
55610
55392
55611
55393
55612
55394
55613
55395
55614
55396
55615
55397
55616
55398
55617
55399
55618
55400
55619
55401
55620
55402
55621
55403
55622
55404
55623
55405
55624
55406
55625
55407
55626
55408
55627
55409
55628
55410
55629
55411
55630
55412
55631
55413
55632
55414
55633
55415
55634
55416
55635
55417
55636
55418
55637
55419
55638
55639
55421
55640
55422
55641
55423
55642
55424
55643
55425
55644
55426
55645
55427
55646
55428
55647
55429
55648
55430
55649
55431
55650
55432
55651
55433
55652
55434
55653
55435
55654
55436
55655
55437
55656
55438
55657
55439
55658
55440
55659
55441
55660
55442
55661
55443
55662
55444
55663
55445
55664
55446
55665
55447
55666
55448
55667
55449
55668
55450
55669
55451
55670
55452
55671
55453
55672
55454
55673
55455
55674
55456
55675
55457
55676
55458
55677
55459
55678
55460
55679
55461
55680
55462
55681
55463
55682
55464
55683
55465
55684
55466
55685
55467
55686
55468
55687
55469
55688
55470
55689
55471
55690
55472
55691
55473
55692
55474
55693
55475
55694
55476
55695
55477
55696
55478
55697
55479
55698
55480
55699
55481
55700
55482
55701
55483
55702
55484
55703
55485
55704
55486
55705
55487
55706
55488
55707
55489
55708
55490
55709
55491
55710
55492
55711
55493
55712
55494
55713
55495
55714
55496
55715
55497
55716
55498
55717
55499
55718
55500
55719
55501
55720
55502
55721
55503
55722
55504
55723
55505
55724
55506
55725
55507
55726
55508
55727
55509
55728
55510
55729
55511
55730
55512
55731
55513
55732
55514
55733
55515
55734
55516
55735
55517
55736
55518
55737
55519
55738
55520
55739
55521
55740
55522
55741
55523
55742
55524
55743
55525
55744
55526
55745
55527
55746
55528
55747
55529
55748
55530
55749
55531
55750
55532
55751
55533
55752
55534
55753
55535
55754
55536
55755
55537
55756
55538
55757
55539
55758
55540
55759
55541
55760
55542
55761
55543
55762
55544
55763
55545
55764
55546
55765
55547
55766
55548
55767
55549
55768
55550
55769
55551
55770
55552
55771
55553
55772
55554
55773
55555
55774
55556
55775
55557
55776
55558
55777
55559
55778
55560
55779
55561
55780
55562
55781
55563
55782
55564
55783
55565
55784
55566
55785
55567
55786
55568
55787
55569
55788
55570
55789
55571
55790
55572
55791
55573
55792
55574
55793
55575
55794
55576
55795
55577
55796
55578
55797
55579
55798
55580
55799
55581
55800
55582
55801
55583
55802
55584
55803
55585
55804
55586
55805
55587
55806
55588
55807
55589
55808
55590
55809
55591
55810
55592
55811
55593
55812
55594
55813
55595
55814
55596
55815
55597
55816
55598
55817
55599
55818
55600
55819
55601
55820
55602
55821
55603
55822
55604
55823
55605
55824
55606
55825
55607
55826
55608
55827
55609
55828
55610
55829
55611
55830
55612
55831
55613
55832
55614
55833
55615
55834
55616
55835
55617
55836
55618
55837
55619
55838
55620
55839
55621
55840
55622
55841
55623
55842
55624
55843
55625
55844
55626
55845
55627
55846
55628
55847
55629
55848
55630
55849
55631
55850
55632
55851
55633
55852
55634
55853
55635
55854
55636
55855
55637
55856
55638
55857
55639
55858
55859
55641
55860
55642
55861
55643
55862
55644
55863
55645
55864
55646
55865
55647
55866
55648
55867
55649
55868
55650
55869
55651
55870
55652
55871
55653
55872
55654
55873
55655
55874
55656
55875
55657
55876
55658
55877
55659
55878
55660
55879
55661
55880
55662
55881
55663
55882
55664
55883
55665
55884
55666
55885
55667
55886
55668
55887
55669
55888
55670
55889
55671
55890
55672
55891
55673
55892
55674
55893
55675
55894
55676
55895
55677
55896
55678
55897
55679
55898
55680
55899
55681
55900
55682
55901
55683
55902
55684
55903
55685
55904
55686
55905
55687
55906
55688
55907
55689
55908
55690
55909
55691
55910
55692
55911
55693
55912
55694
55913
55695
55914
55696
55915
55697
55916
55698
55917
55699
55918
55700
55919
55701
55920
55702
55921
55703
55922
55704
55923
55705
55924
55706
55925
55707
55926
55708
55927
55709
55928
55710
55929
55711
55930
55712
55931
55713
55932
55714
55933
55715
55934
55716
55935
55717
55936
55718
55937
55719
55938
55720
55939
55721
55940
55722
55941
55723
55942
55724
55943
55725
55944
55726
55945
55727
55946
55728
55947
55729
55948
55730
55949
55731
55950
55732
55951
55733
55952
55734
55953
55735
55954
55736
55955
55737
55956
55738
55957
55739
55958
55740
55959
55741
55960
55742
55961
55743
55962
55744
55963
55745
55964
55746
55965
55747
55966
55748
55967
55749
55968
55750
55969
55751
55970
55752
55971
55753
55972
55754
55973
55755
55974
55756
55975
55757
55976
55758
55977
55759
55978
55760
55979
55761
55980
55762
55981
55763
55982
55764
55983
55765
55984
55766
55985
55767
55986
55768
55987
55769
55988
55770
55989
55771
55990
55772
55991
55773
55992
55774
55993
55775
55994
55776
55995
55777
55996
55778
55997
55779
55998
55780
55999
55781
56000
55782
56001
55783
56002
55784
56003
55785
56004
55786
56005
55787
56006
55788
56007
55789
56008
55790
56009
55791
56010
55792
56011
55793
56012
55794
56013
55795
56014
55796
56015
55797
56016
55798
56017
55799
56018
55800
56019
55801
56020
55802
56021
55803
56022
55804
56023
55805
56024
55806
56025
55807
56026
55808
56027
55809
56028
55810
56029
55811
56030
55812
56031
55813
56032
55814
56033
55815
56034
55816
56035
55817
56036
55818
56037
55819
56038
55820
56039
55821
56040
55822
56041
55823
56042
55824
56043
55825
56044
55826
56045
55827
56046
55828
56047
55829
56048
55830
56049
55831
56050
55832
56051
55833
56052
55834
56053
55835
56054
55836
56055
55837
56056
55838
56057
55839
56058
55840
56059
55841
56060
55842
56061
55843
56062
55844
56063
55845
56064
55846
56065
55847
56066
55848
56067
55849
56068
55850
56069
55851
56070
55852
56071
55853
56072
55854
56073
55855
56074
55856
56075
55857
56076
55858
56077
55859
56078
56079
55861
56080
55862
56081
55863
56082
55864
56083
55865
56084
55866
56085
55867
56086
55868
56087
55869
56088
55870
56089
55871
56090
55872
56091
55873
56092
55874
56093
55875
56094
55876
56095
55877
56096
55878
56097
55879
56098
55880
56099
55881
56100
55882
56101
55883
56102
55884
56103
55885
56104
55886
56105
55887
56106
55888
56107
55889
56108
55890
56109
55891
56110
55892
56111
55893
56112
55894
56113
55895
56114
55896
56115
55897
56116
55898
56117
55899
56118
55900
56119
55901
56120
55902
56121
55903
56122
55904
56123
55905
56124
55906
56125
55907
56126
55908
56127
55909
56128
55910
56129
55911
56130
55912
56131
55913
56132
55914
56133
55915
56134
55916
56135
55917
56136
55918
56137
55919
56138
55920
56139
55921
56140
55922
56141
55923
56142
55924
56143
55925
56144
55926
56145
55927
56146
55928
56147
55929
56148
55930
56149
55931
56150
55932
56151
55933
56152
55934
56153
55935
56154
55936
56155
55937
56156
55938
56157
55939
56158
55940
56159
55941
56160
55942
56161
55943
56162
55944
56163
55945
56164
55946
56165
55947
56166
55948
56167
55949
56168
55950
56169
55951
56170
55952
56171
55953
56172
55954
56173
55955
56174
55956
56175
55957
56176
55958
56177
55959
56178
55960
56179
55961
56180
55962
56181
55963
56182
55964
56183
55965
56184
55966
56185
55967
56186
55968
56187
55969
56188
55970
56189
55971
56190
55972
56191
55973
56192
55974
56193
55975
56194
55976
56195
55977
56196
55978
56197
55979
56198
55980
56199
55981
56200
55982
56201
55983
56202
55984
56203
55985
56204
55986
56205
55987
56206
55988
56207
55989
56208
55990
56209
55991
56210
55992
56211
55993
56212
55994
56213
55995
56214
55996
56215
55997
56216
55998
56217
55999
56218
56000
56219
56001
56220
56002
56221
56003
56222
56004
56223
56005
56224
56006
56225
56007
56226
56008
56227
56009
56228
56010
56229
56011
56230
56012
56231
56013
56232
56014
56233
56015
56234
56016
56235
56017
56236
56018
56237
56019
56238
56020
56239
56021
56240
56022
56241
56023
56242
56024
56243
56025
56244
56026
56245
56027
56246
56028
56247
56029
56248
56030
56249
56031
56250
56032
56251
56033
56252
56034
56253
56035
56254
56036
56255
56037
56256
56038
56257
56039
56258
56040
56259
56041
56260
56042
56261
56043
56262
56044
56263
56045
56264
56046
56265
56047
56266
56048
56267
56049
56268
56050
56269
56051
56270
56052
56271
56053
56272
56054
56273
56055
56274
56056
56275
56057
56276
56058
56277
56059
56278
56060
56279
56061
56280
56062
56281
56063
56282
56064
56283
56065
56284
56066
56285
56067
56286
56068
56287
56069
56288
56070
56289
56071
56290
56072
56291
56073
56292
56074
56293
56075
56294
56076
56295
56077
56296
56078
56297
56079
56298
56299
56081
56300
56082
56301
56083
56302
56084
56303
56085
56304
56086
56305
56087
56306
56088
56307
56089
56308
56090
56309
56091
56310
56092
56311
56093
56312
56094
56313
56095
56314
56096
56315
56097
56316
56098
56317
56099
56318
56100
56319
56101
56320
56102
56321
56103
56322
56104
56323
56105
56324
56106
56325
56107
56326
56108
56327
56109
56328
56110
56329
56111
56330
56112
56331
56113
56332
56114
56333
56115
56334
56116
56335
56117
56336
56118
56337
56119
56338
56120
56339
56121
56340
56122
56341
56123
56342
56124
56343
56125
56344
56126
56345
56127
56346
56128
56347
56129
56348
56130
56349
56131
56350
56132
56351
56133
56352
56134
56353
56135
56354
56136
56355
56137
56356
56138
56357
56139
56358
56140
56359
56141
56360
56142
56361
56143
56362
56144
56363
56145
56364
56146
56365
56147
56366
56148
56367
56149
56368
56150
56369
56151
56370
56152
56371
56153
56372
56154
56373
56155
56374
56156
56375
56157
56376
56158
56377
56159
56378
56160
56379
56161
56380
56162
56381
56163
56382
56164
56383
56165
56384
56166
56385
56167
56386
56168
56387
56169
56388
56170
56389
56171
56390
56172
56391
56173
56392
56174
56393
56175
56394
56176
56395
56177
56396
56178
56397
56179
56398
56180
56399
56181
56400
56182
56401
56183
56402
56184
56403
56185
56404
56186
56405
56187
56406
56188
56407
56189
56408
56190
56409
56191
56410
56192
56411
56193
56412
56194
56413
56195
56414
56196
56415
56197
56416
56198
56417
56199
56418
56200
56419
56201
56420
56202
56421
56203
56422
56204
56423
56205
56424
56206
56425
56207
56426
56208
56427
56209
56428
56210
56429
56211
56430
56212
56431
56213
56432
56214
56433
56215
56434
56216
56435
56217
56436
56218
56437
56219
56438
56220
56439
56221
56440
56222
56441
56223
56442
56224
56443
56225
56444
56226
56445
56227
56446
56228
56447
56229
56448
56230
56449
56231
56450
56232
56451
56233
56452
56234
56453
56235
56454
56236
56455
56237
56456
56238
56457
56239
56458
56240
56459
56241
56460
56242
56461
56243
56462
56244
56463
56245
56464
56246
56465
56247
56466
56248
56467
56249
56468
56250
56469
56251
56470
56252
56471
56253
56472
56254
56473
56255
56474
56256
56475
56257
56476
56258
56477
56259
56478
56260
56479
56261
56480
56262
56481
56263
56482
56264
56483
56265
56484
56266
56485
56267
56486
56268
56487
56269
56488
56270
56489
56271
56490
56272
56491
56273
56492
56274
56493
56275
56494
56276
56495
56277
56496
56278
56497
56279
56498
56280
56499
56281
56500
56282
56501
56283
56502
56284
56503
56285
56504
56286
56505
56287
56506
56288
56507
56289
56508
56290
56509
56291
56510
56292
56511
56293
56512
56294
56513
56295
56514
56296
56515
56297
56516
56298
56517
56299
56518
56519
56301
56520
56302
56521
56303
56522
56304
56523
56305
56524
56306
56525
56307
56526
56308
56527
56309
56528
56310
56529
56311
56530
56312
56531
56313
56532
56314
56533
56315
56534
56316
56535
56317
56536
56318
56537
56319
56538
56320
56539
56321
56540
56322
56541
56323
56542
56324
56543
56325
56544
56326
56545
56327
56546
56328
56547
56329
56548
56330
56549
56331
56550
56332
56551
56333
56552
56334
56553
56335
56554
56336
56555
56337
56556
56338
56557
56339
56558
56340
56559
56341
56560
56342
56561
56343
56562
56344
56563
56345
56564
56346
56565
56347
56566
56348
56567
56349
56568
56350
56569
56351
56570
56352
56571
56353
56572
56354
56573
56355
56574
56356
56575
56357
56576
56358
56577
56359
56578
56360
56579
56361
56580
56362
56581
56363
56582
56364
56583
56365
56584
56366
56585
56367
56586
56368
56587
56369
56588
56370
56589
56371
56590
56372
56591
56373
56592
56374
56593
56375
56594
56376
56595
56377
56596
56378
56597
56379
56598
56380
56599
56381
56600
56382
56601
56383
56602
56384
56603
56385
56604
56386
56605
56387
56606
56388
56607
56389
56608
56390
56609
56391
56610
56392
56611
56393
56612
56394
56613
56395
56614
56396
56615
56397
56616
56398
56617
56399
56618
56400
56619
56401
56620
56402
56621
56403
56622
56404
56623
56405
56624
56406
56625
56407
56626
56408
56627
56409
56628
56410
56629
56411
56630
56412
56631
56413
56632
56414
56633
56415
56634
56416
56635
56417
56636
56418
56637
56419
56638
56420
56639
56421
56640
56422
56641
56423
56642
56424
56643
56425
56644
56426
56645
56427
56646
56428
56647
56429
56648
56430
56649
56431
56650
56432
56651
56433
56652
56434
56653
56435
56654
56436
56655
56437
56656
56438
56657
56439
56658
56440
56659
56441
56660
56442
56661
56443
56662
56444
56663
56445
56664
56446
56665
56447
56666
56448
56667
56449
56668
56450
56669
56451
56670
56452
56671
56453
56672
56454
56673
56455
56674
56456
56675
56457
56676
56458
56677
56459
56678
56460
56679
56461
56680
56462
56681
56463
56682
56464
56683
56465
56684
56466
56685
56467
56686
56468
56687
56469
56688
56470
56689
56471
56690
56472
56691
56473
56692
56474
56693
56475
56694
56476
56695
56477
56696
56478
56697
56479
56698
56480
56699
56481
56700
56482
56701
56483
56702
56484
56703
56485
56704
56486
56705
56487
56706
56488
56707
56489
56708
56490
56709
56491
56710
56492
56711
56493
56712
56494
56713
56495
56714
56496
56715
56497
56716
56498
56717
56499
56718
56500
56719
56501
56720
56502
56721
56503
56722
56504
56723
56505
56724
56506
56725
56507
56726
56508
56727
56509
56728
56510
56729
56511
56730
56512
56731
56513
56732
56514
56733
56515
56734
56516
56735
56517
56736
56518
56737
56519
56738
56739
56521
56740
56522
56741
56523
56742
56524
56743
56525
56744
56526
56745
56527
56746
56528
56747
56529
56748
56530
56749
56531
56750
56532
56751
56533
56752
56534
56753
56535
56754
56536
56755
56537
56756
56538
56757
56539
56758
56540
56759
56541
56760
56542
56761
56543
56762
56544
56763
56545
56764
56546
56765
56547
56766
56548
56767
56549
56768
56550
56769
56551
56770
56552
56771
56553
56772
56554
56773
56555
56774
56556
56775
56557
56776
56558
56777
56559
56778
56560
56779
56561
56780
56562
56781
56563
56782
56564
56783
56565
56784
56566
56785
56567
56786
56568
56787
56569
56788
56570
56789
56571
56790
56572
56791
56573
56792
56574
56793
56575
56794
56576
56795
56577
56796
56578
56797
56579
56798
56580
56799
56581
56800
56582
56801
56583
56802
56584
56803
56585
56804
56586
56805
56587
56806
56588
56807
56589
56808
56590
56809
56591
56810
56592
56811
56593
56812
56594
56813
56595
56814
56596
56815
56597
56816
56598
56817
56599
56818
56600
56819
56601
56820
56602
56821
56603
56822
56604
56823
56605
56824
56606
56825
56607
56826
56608
56827
56609
56828
56610
56829
56611
56830
56612
56831
56613
56832
56614
56833
56615
56834
56616
56835
56617
56836
56618
56837
56619
56838
56620
56839
56621
56840
56622
56841
56623
56842
56624
56843
56625
56844
56626
56845
56627
56846
56628
56847
56629
56848
56630
56849
56631
56850
56632
56851
56633
56852
56634
56853
56635
56854
56636
56855
56637
56856
56638
56857
56639
56858
56640
56859
56641
56860
56642
56861
56643
56862
56644
56863
56645
56864
56646
56865
56647
56866
56648
56867
56649
56868
56650
56869
56651
56870
56652
56871
56653
56872
56654
56873
56655
56874
56656
56875
56657
56876
56658
56877
56659
56878
56660
56879
56661
56880
56662
56881
56663
56882
56664
56883
56665
56884
56666
56885
56667
56886
56668
56887
56669
56888
56670
56889
56671
56890
56672
56891
56673
56892
56674
56893
56675
56894
56676
56895
56677
56896
56678
56897
56679
56898
56680
56899
56681
56900
56682
56901
56683
56902
56684
56903
56685
56904
56686
56905
56687
56906
56688
56907
56689
56908
56690
56909
56691
56910
56692
56911
56693
56912
56694
56913
56695
56914
56696
56915
56697
56916
56698
56917
56699
56918
56700
56919
56701
56920
56702
56921
56703
56922
56704
56923
56705
56924
56706
56925
56707
56926
56708
56927
56709
56928
56710
56929
56711
56930
56712
56931
56713
56932
56714
56933
56715
56934
56716
56935
56717
56936
56718
56937
56719
56938
56720
56939
56721
56940
56722
56941
56723
56942
56724
56943
56725
56944
56726
56945
56727
56946
56728
56947
56729
56948
56730
56949
56731
56950
56732
56951
56733
56952
56734
56953
56735
56954
56736
56955
56737
56956
56738
56957
56739
56958
56959
56741
56960
56742
56961
56743
56962
56744
56963
56745
56964
56746
56965
56747
56966
56748
56967
56749
56968
56750
56969
56751
56970
56752
56971
56753
56972
56754
56973
56755
56974
56756
56975
56757
56976
56758
56977
56759
56978
56760
56979
56761
56980
56762
56981
56763
56982
56764
56983
56765
56984
56766
56985
56767
56986
56768
56987
56769
56988
56770
56989
56771
56990
56772
56991
56773
56992
56774
56993
56775
56994
56776
56995
56777
56996
56778
56997
56779
56998
56780
56999
56781
57000
56782
57001
56783
57002
56784
57003
56785
57004
56786
57005
56787
57006
56788
57007
56789
57008
56790
57009
56791
57010
56792
57011
56793
57012
56794
57013
56795
57014
56796
57015
56797
57016
56798
57017
56799
57018
56800
57019
56801
57020
56802
57021
56803
57022
56804
57023
56805
57024
56806
57025
56807
57026
56808
57027
56809
57028
56810
57029
56811
57030
56812
57031
56813
57032
56814
57033
56815
57034
56816
57035
56817
57036
56818
57037
56819
57038
56820
57039
56821
57040
56822
57041
56823
57042
56824
57043
56825
57044
56826
57045
56827
57046
56828
57047
56829
57048
56830
57049
56831
57050
56832
57051
56833
57052
56834
57053
56835
57054
56836
57055
56837
57056
56838
57057
56839
57058
56840
57059
56841
57060
56842
57061
56843
57062
56844
57063
56845
57064
56846
57065
56847
57066
56848
57067
56849
57068
56850
57069
56851
57070
56852
57071
56853
57072
56854
57073
56855
57074
56856
57075
56857
57076
56858
57077
56859
57078
56860
57079
56861
57080
56862
57081
56863
57082
56864
57083
56865
57084
56866
57085
56867
57086
56868
57087
56869
57088
56870
57089
56871
57090
56872
57091
56873
57092
56874
57093
56875
57094
56876
57095
56877
57096
56878
57097
56879
57098
56880
57099
56881
57100
56882
57101
56883
57102
56884
57103
56885
57104
56886
57105
56887
57106
56888
57107
56889
57108
56890
57109
56891
57110
56892
57111
56893
57112
56894
57113
56895
57114
56896
57115
56897
57116
56898
57117
56899
57118
56900
57119
56901
57120
56902
57121
56903
57122
56904
57123
56905
57124
56906
57125
56907
57126
56908
57127
56909
57128
56910
57129
56911
57130
56912
57131
56913
57132
56914
57133
56915
57134
56916
57135
56917
57136
56918
57137
56919
57138
56920
57139
56921
57140
56922
57141
56923
57142
56924
57143
56925
57144
56926
57145
56927
57146
56928
57147
56929
57148
56930
57149
56931
57150
56932
57151
56933
57152
56934
57153
56935
57154
56936
57155
56937
57156
56938
57157
56939
57158
56940
57159
56941
57160
56942
57161
56943
57162
56944
57163
56945
57164
56946
57165
56947
57166
56948
57167
56949
57168
56950
57169
56951
57170
56952
57171
56953
57172
56954
57173
56955
57174
56956
57175
56957
57176
56958
57177
56959
57178
57179
56961
57180
56962
57181
56963
57182
56964
57183
56965
57184
56966
57185
56967
57186
56968
57187
56969
57188
56970
57189
56971
57190
56972
57191
56973
57192
56974
57193
56975
57194
56976
57195
56977
57196
56978
57197
56979
57198
56980
57199
56981
57200
56982
57201
56983
57202
56984
57203
56985
57204
56986
57205
56987
57206
56988
57207
56989
57208
56990
57209
56991
57210
56992
57211
56993
57212
56994
57213
56995
57214
56996
57215
56997
57216
56998
57217
56999
57218
57000
57219
57001
57220
57002
57221
57003
57222
57004
57223
57005
57224
57006
57225
57007
57226
57008
57227
57009
57228
57010
57229
57011
57230
57012
57231
57013
57232
57014
57233
57015
57234
57016
57235
57017
57236
57018
57237
57019
57238
57020
57239
57021
57240
57022
57241
57023
57242
57024
57243
57025
57244
57026
57245
57027
57246
57028
57247
57029
57248
57030
57249
57031
57250
57032
57251
57033
57252
57034
57253
57035
57254
57036
57255
57037
57256
57038
57257
57039
57258
57040
57259
57041
57260
57042
57261
57043
57262
57044
57263
57045
57264
57046
57265
57047
57266
57048
57267
57049
57268
57050
57269
57051
57270
57052
57271
57053
57272
57054
57273
57055
57274
57056
57275
57057
57276
57058
57277
57059
57278
57060
57279
57061
57280
57062
57281
57063
57282
57064
57283
57065
57284
57066
57285
57067
57286
57068
57287
57069
57288
57070
57289
57071
57290
57072
57291
57073
57292
57074
57293
57075
57294
57076
57295
57077
57296
57078
57297
57079
57298
57080
57299
57081
57300
57082
57301
57083
57302
57084
57303
57085
57304
57086
57305
57087
57306
57088
57307
57089
57308
57090
57309
57091
57310
57092
57311
57093
57312
57094
57313
57095
57314
57096
57315
57097
57316
57098
57317
57099
57318
57100
57319
57101
57320
57102
57321
57103
57322
57104
57323
57105
57324
57106
57325
57107
57326
57108
57327
57109
57328
57110
57329
57111
57330
57112
57331
57113
57332
57114
57333
57115
57334
57116
57335
57117
57336
57118
57337
57119
57338
57120
57339
57121
57340
57122
57341
57123
57342
57124
57343
57125
57344
57126
57345
57127
57346
57128
57347
57129
57348
57130
57349
57131
57350
57132
57351
57133
57352
57134
57353
57135
57354
57136
57355
57137
57356
57138
57357
57139
57358
57140
57359
57141
57360
57142
57361
57143
57362
57144
57363
57145
57364
57146
57365
57147
57366
57148
57367
57149
57368
57150
57369
57151
57370
57152
57371
57153
57372
57154
57373
57155
57374
57156
57375
57157
57376
57158
57377
57159
57378
57160
57379
57161
57380
57162
57381
57163
57382
57164
57383
57165
57384
57166
57385
57167
57386
57168
57387
57169
57388
57170
57389
57171
57390
57172
57391
57173
57392
57174
57393
57175
57394
57176
57395
57177
57396
57178
57397
57179
57398
57399
57181
57400
57182
57401
57183
57402
57184
57403
57185
57404
57186
57405
57187
57406
57188
57407
57189
57408
57190
57409
57191
57410
57192
57411
57193
57412
57194
57413
57195
57414
57196
57415
57197
57416
57198
57417
57199
57418
57200
57419
57201
57420
57202
57421
57203
57422
57204
57423
57205
57424
57206
57425
57207
57426
57208
57427
57209
57428
57210
57429
57211
57430
57212
57431
57213
57432
57214
57433
57215
57434
57216
57435
57217
57436
57218
57437
57219
57438
57220
57439
57221
57440
57222
57441
57223
57442
57224
57443
57225
57444
57226
57445
57227
57446
57228
57447
57229
57448
57230
57449
57231
57450
57232
57451
57233
57452
57234
57453
57235
57454
57236
57455
57237
57456
57238
57457
57239
57458
57240
57459
57241
57460
57242
57461
57243
57462
57244
57463
57245
57464
57246
57465
57247
57466
57248
57467
57249
57468
57250
57469
57251
57470
57252
57471
57253
57472
57254
57473
57255
57474
57256
57475
57257
57476
57258
57477
57259
57478
57260
57479
57261
57480
57262
57481
57263
57482
57264
57483
57265
57484
57266
57485
57267
57486
57268
57487
57269
57488
57270
57489
57271
57490
57272
57491
57273
57492
57274
57493
57275
57494
57276
57495
57277
57496
57278
57497
57279
57498
57280
57499
57281
57500
57282
57501
57283
57502
57284
57503
57285
57504
57286
57505
57287
57506
57288
57507
57289
57508
57290
57509
57291
57510
57292
57511
57293
57512
57294
57513
57295
57514
57296
57515
57297
57516
57298
57517
57299
57518
57300
57519
57301
57520
57302
57521
57303
57522
57304
57523
57305
57524
57306
57525
57307
57526
57308
57527
57309
57528
57310
57529
57311
57530
57312
57531
57313
57532
57314
57533
57315
57534
57316
57535
57317
57536
57318
57537
57319
57538
57320
57539
57321
57540
57322
57541
57323
57542
57324
57543
57325
57544
57326
57545
57327
57546
57328
57547
57329
57548
57330
57549
57331
57550
57332
57551
57333
57552
57334
57553
57335
57554
57336
57555
57337
57556
57338
57557
57339
57558
57340
57559
57341
57560
57342
57561
57343
57562
57344
57563
57345
57564
57346
57565
57347
57566
57348
57567
57349
57568
57350
57569
57351
57570
57352
57571
57353
57572
57354
57573
57355
57574
57356
57575
57357
57576
57358
57577
57359
57578
57360
57579
57361
57580
57362
57581
57363
57582
57364
57583
57365
57584
57366
57585
57367
57586
57368
57587
57369
57588
57370
57589
57371
57590
57372
57591
57373
57592
57374
57593
57375
57594
57376
57595
57377
57596
57378
57597
57379
57598
57380
57599
57381
57600
57382
57601
57383
57602
57384
57603
57385
57604
57386
57605
57387
57606
57388
57607
57389
57608
57390
57609
57391
57610
57392
57611
57393
57612
57394
57613
57395
57614
57396
57615
57397
57616
57398
57617
57399
57618
57619
57401
57620
57402
57621
57403
57622
57404
57623
57405
57624
57406
57625
57407
57626
57408
57627
57409
57628
57410
57629
57411
57630
57412
57631
57413
57632
57414
57633
57415
57634
57416
57635
57417
57636
57418
57637
57419
57638
57420
57639
57421
57640
57422
57641
57423
57642
57424
57643
57425
57644
57426
57645
57427
57646
57428
57647
57429
57648
57430
57649
57431
57650
57432
57651
57433
57652
57434
57653
57435
57654
57436
57655
57437
57656
57438
57657
57439
57658
57440
57659
57441
57660
57442
57661
57443
57662
57444
57663
57445
57664
57446
57665
57447
57666
57448
57667
57449
57668
57450
57669
57451
57670
57452
57671
57453
57672
57454
57673
57455
57674
57456
57675
57457
57676
57458
57677
57459
57678
57460
57679
57461
57680
57462
57681
57463
57682
57464
57683
57465
57684
57466
57685
57467
57686
57468
57687
57469
57688
57470
57689
57471
57690
57472
57691
57473
57692
57474
57693
57475
57694
57476
57695
57477
57696
57478
57697
57479
57698
57480
57699
57481
57700
57482
57701
57483
57702
57484
57703
57485
57704
57486
57705
57487
57706
57488
57707
57489
57708
57490
57709
57491
57710
57492
57711
57493
57712
57494
57713
57495
57714
57496
57715
57497
57716
57498
57717
57499
57718
57500
57719
57501
57720
57502
57721
57503
57722
57504
57723
57505
57724
57506
57725
57507
57726
57508
57727
57509
57728
57510
57729
57511
57730
57512
57731
57513
57732
57514
57733
57515
57734
57516
57735
57517
57736
57518
57737
57519
57738
57520
57739
57521
57740
57522
57741
57523
57742
57524
57743
57525
57744
57526
57745
57527
57746
57528
57747
57529
57748
57530
57749
57531
57750
57532
57751
57533
57752
57534
57753
57535
57754
57536
57755
57537
57756
57538
57757
57539
57758
57540
57759
57541
57760
57542
57761
57543
57762
57544
57763
57545
57764
57546
57765
57547
57766
57548
57767
57549
57768
57550
57769
57551
57770
57552
57771
57553
57772
57554
57773
57555
57774
57556
57775
57557
57776
57558
57777
57559
57778
57560
57779
57561
57780
57562
57781
57563
57782
57564
57783
57565
57784
57566
57785
57567
57786
57568
57787
57569
57788
57570
57789
57571
57790
57572
57791
57573
57792
57574
57793
57575
57794
57576
57795
57577
57796
57578
57797
57579
57798
57580
57799
57581
57800
57582
57801
57583
57802
57584
57803
57585
57804
57586
57805
57587
57806
57588
57807
57589
57808
57590
57809
57591
57810
57592
57811
57593
57812
57594
57813
57595
57814
57596
57815
57597
57816
57598
57817
57599
57818
57600
57819
57601
57820
57602
57821
57603
57822
57604
57823
57605
57824
57606
57825
57607
57826
57608
57827
57609
57828
57610
57829
57611
57830
57612
57831
57613
57832
57614
57833
57615
57834
57616
57835
57617
57836
57618
57837
57619
57838
57839
57621
57840
57622
57841
57623
57842
57624
57843
57625
57844
57626
57845
57627
57846
57628
57847
57629
57848
57630
57849
57631
57850
57632
57851
57633
57852
57634
57853
57635
57854
57636
57855
57637
57856
57638
57857
57639
57858
57640
57859
57641
57860
57642
57861
57643
57862
57644
57863
57645
57864
57646
57865
57647
57866
57648
57867
57649
57868
57650
57869
57651
57870
57652
57871
57653
57872
57654
57873
57655
57874
57656
57875
57657
57876
57658
57877
57659
57878
57660
57879
57661
57880
57662
57881
57663
57882
57664
57883
57665
57884
57666
57885
57667
57886
57668
57887
57669
57888
57670
57889
57671
57890
57672
57891
57673
57892
57674
57893
57675
57894
57676
57895
57677
57896
57678
57897
57679
57898
57680
57899
57681
57900
57682
57901
57683
57902
57684
57903
57685
57904
57686
57905
57687
57906
57688
57907
57689
57908
57690
57909
57691
57910
57692
57911
57693
57912
57694
57913
57695
57914
57696
57915
57697
57916
57698
57917
57699
57918
57700
57919
57701
57920
57702
57921
57703
57922
57704
57923
57705
57924
57706
57925
57707
57926
57708
57927
57709
57928
57710
57929
57711
57930
57712
57931
57713
57932
57714
57933
57715
57934
57716
57935
57717
57936
57718
57937
57719
57938
57720
57939
57721
57940
57722
57941
57723
57942
57724
57943
57725
57944
57726
57945
57727
57946
57728
57947
57729
57948
57730
57949
57731
57950
57732
57951
57733
57952
57734
57953
57735
57954
57736
57955
57737
57956
57738
57957
57739
57958
57740
57959
57741
57960
57742
57961
57743
57962
57744
57963
57745
57964
57746
57965
57747
57966
57748
57967
57749
57968
57750
57969
57751
57970
57752
57971
57753
57972
57754
57973
57755
57974
57756
57975
57757
57976
57758
57977
57759
57978
57760
57979
57761
57980
57762
57981
57763
57982
57764
57983
57765
57984
57766
57985
57767
57986
57768
57987
57769
57988
57770
57989
57771
57990
57772
57991
57773
57992
57774
57993
57775
57994
57776
57995
57777
57996
57778
57997
57779
57998
57780
57999
57781
58000
57782
58001
57783
58002
57784
58003
57785
58004
57786
58005
57787
58006
57788
58007
57789
58008
57790
58009
57791
58010
57792
58011
57793
58012
57794
58013
57795
58014
57796
58015
57797
58016
57798
58017
57799
58018
57800
58019
57801
58020
57802
58021
57803
58022
57804
58023
57805
58024
57806
58025
57807
58026
57808
58027
57809
58028
57810
58029
57811
58030
57812
58031
57813
58032
57814
58033
57815
58034
57816
58035
57817
58036
57818
58037
57819
58038
57820
58039
57821
58040
57822
58041
57823
58042
57824
58043
57825
58044
57826
58045
57827
58046
57828
58047
57829
58048
57830
58049
57831
58050
57832
58051
57833
58052
57834
58053
57835
58054
57836
58055
57837
58056
57838
58057
57839
58058
58059
57841
58060
57842
58061
57843
58062
57844
58063
57845
58064
57846
58065
57847
58066
57848
58067
57849
58068
57850
58069
57851
58070
57852
58071
57853
58072
57854
58073
57855
58074
57856
58075
57857
58076
57858
58077
57859
58078
57860
58079
57861
58080
57862
58081
57863
58082
57864
58083
57865
58084
57866
58085
57867
58086
57868
58087
57869
58088
57870
58089
57871
58090
57872
58091
57873
58092
57874
58093
57875
58094
57876
58095
57877
58096
57878
58097
57879
58098
57880
58099
57881
58100
57882
58101
57883
58102
57884
58103
57885
58104
57886
58105
57887
58106
57888
58107
57889
58108
57890
58109
57891
58110
57892
58111
57893
58112
57894
58113
57895
58114
57896
58115
57897
58116
57898
58117
57899
58118
57900
58119
57901
58120
57902
58121
57903
58122
57904
58123
57905
58124
57906
58125
57907
58126
57908
58127
57909
58128
57910
58129
57911
58130
57912
58131
57913
58132
57914
58133
57915
58134
57916
58135
57917
58136
57918
58137
57919
58138
57920
58139
57921
58140
57922
58141
57923
58142
57924
58143
57925
58144
57926
58145
57927
58146
57928
58147
57929
58148
57930
58149
57931
58150
57932
58151
57933
58152
57934
58153
57935
58154
57936
58155
57937
58156
57938
58157
57939
58158
57940
58159
57941
58160
57942
58161
57943
58162
57944
58163
57945
58164
57946
58165
57947
58166
57948
58167
57949
58168
57950
58169
57951
58170
57952
58171
57953
58172
57954
58173
57955
58174
57956
58175
57957
58176
57958
58177
57959
58178
57960
58179
57961
58180
57962
58181
57963
58182
57964
58183
57965
58184
57966
58185
57967
58186
57968
58187
57969
58188
57970
58189
57971
58190
57972
58191
57973
58192
57974
58193
57975
58194
57976
58195
57977
58196
57978
58197
57979
58198
57980
58199
57981
58200
57982
58201
57983
58202
57984
58203
57985
58204
57986
58205
57987
58206
57988
58207
57989
58208
57990
58209
57991
58210
57992
58211
57993
58212
57994
58213
57995
58214
57996
58215
57997
58216
57998
58217
57999
58218
58000
58219
58001
58220
58002
58221
58003
58222
58004
58223
58005
58224
58006
58225
58007
58226
58008
58227
58009
58228
58010
58229
58011
58230
58012
58231
58013
58232
58014
58233
58015
58234
58016
58235
58017
58236
58018
58237
58019
58238
58020
58239
58021
58240
58022
58241
58023
58242
58024
58243
58025
58244
58026
58245
58027
58246
58028
58247
58029
58248
58030
58249
58031
58250
58032
58251
58033
58252
58034
58253
58035
58254
58036
58255
58037
58256
58038
58257
58039
58258
58040
58259
58041
58260
58042
58261
58043
58262
58044
58263
58045
58264
58046
58265
58047
58266
58048
58267
58049
58268
58050
58269
58051
58270
58052
58271
58053
58272
58054
58273
58055
58274
58056
58275
58057
58276
58058
58277
58059
58278
58279
58061
58280
58062
58281
58063
58282
58064
58283
58065
58284
58066
58285
58067
58286
58068
58287
58069
58288
58070
58289
58071
58290
58072
58291
58073
58292
58074
58293
58075
58294
58076
58295
58077
58296
58078
58297
58079
58298
58080
58299
58081
58300
58082
58301
58083
58302
58084
58303
58085
58304
58086
58305
58087
58306
58088
58307
58089
58308
58090
58309
58091
58310
58092
58311
58093
58312
58094
58313
58095
58314
58096
58315
58097
58316
58098
58317
58099
58318
58100
58319
58101
58320
58102
58321
58103
58322
58104
58323
58105
58324
58106
58325
58107
58326
58108
58327
58109
58328
58110
58329
58111
58330
58112
58331
58113
58332
58114
58333
58115
58334
58116
58335
58117
58336
58118
58337
58119
58338
58120
58339
58121
58340
58122
58341
58123
58342
58124
58343
58125
58344
58126
58345
58127
58346
58128
58347
58129
58348
58130
58349
58131
58350
58132
58351
58133
58352
58134
58353
58135
58354
58136
58355
58137
58356
58138
58357
58139
58358
58140
58359
58141
58360
58142
58361
58143
58362
58144
58363
58145
58364
58146
58365
58147
58366
58148
58367
58149
58368
58150
58369
58151
58370
58152
58371
58153
58372
58154
58373
58155
58374
58156
58375
58157
58376
58158
58377
58159
58378
58160
58379
58161
58380
58162
58381
58163
58382
58164
58383
58165
58384
58166
58385
58167
58386
58168
58387
58169
58388
58170
58389
58171
58390
58172
58391
58173
58392
58174
58393
58175
58394
58176
58395
58177
58396
58178
58397
58179
58398
58180
58399
58181
58400
58182
58401
58183
58402
58184
58403
58185
58404
58186
58405
58187
58406
58188
58407
58189
58408
58190
58409
58191
58410
58192
58411
58193
58412
58194
58413
58195
58414
58196
58415
58197
58416
58198
58417
58199
58418
58200
58419
58201
58420
58202
58421
58203
58422
58204
58423
58205
58424
58206
58425
58207
58426
58208
58427
58209
58428
58210
58429
58211
58430
58212
58431
58213
58432
58214
58433
58215
58434
58216
58435
58217
58436
58218
58437
58219
58438
58220
58439
58221
58440
58222
58441
58223
58442
58224
58443
58225
58444
58226
58445
58227
58446
58228
58447
58229
58448
58230
58449
58231
58450
58232
58451
58233
58452
58234
58453
58235
58454
58236
58455
58237
58456
58238
58457
58239
58458
58240
58459
58241
58460
58242
58461
58243
58462
58244
58463
58245
58464
58246
58465
58247
58466
58248
58467
58249
58468
58250
58469
58251
58470
58252
58471
58253
58472
58254
58473
58255
58474
58256
58475
58257
58476
58258
58477
58259
58478
58260
58479
58261
58480
58262
58481
58263
58482
58264
58483
58265
58484
58266
58485
58267
58486
58268
58487
58269
58488
58270
58489
58271
58490
58272
58491
58273
58492
58274
58493
58275
58494
58276
58495
58277
58496
58278
58497
58279
58498
58499
58281
58500
58282
58501
58283
58502
58284
58503
58285
58504
58286
58505
58287
58506
58288
58507
58289
58508
58290
58509
58291
58510
58292
58511
58293
58512
58294
58513
58295
58514
58296
58515
58297
58516
58298
58517
58299
58518
58300
58519
58301
58520
58302
58521
58303
58522
58304
58523
58305
58524
58306
58525
58307
58526
58308
58527
58309
58528
58310
58529
58311
58530
58312
58531
58313
58532
58314
58533
58315
58534
58316
58535
58317
58536
58318
58537
58319
58538
58320
58539
58321
58540
58322
58541
58323
58542
58324
58543
58325
58544
58326
58545
58327
58546
58328
58547
58329
58548
58330
58549
58331
58550
58332
58551
58333
58552
58334
58553
58335
58554
58336
58555
58337
58556
58338
58557
58339
58558
58340
58559
58341
58560
58342
58561
58343
58562
58344
58563
58345
58564
58346
58565
58347
58566
58348
58567
58349
58568
58350
58569
58351
58570
58352
58571
58353
58572
58354
58573
58355
58574
58356
58575
58357
58576
58358
58577
58359
58578
58360
58579
58361
58580
58362
58581
58363
58582
58364
58583
58365
58584
58366
58585
58367
58586
58368
58587
58369
58588
58370
58589
58371
58590
58372
58591
58373
58592
58374
58593
58375
58594
58376
58595
58377
58596
58378
58597
58379
58598
58380
58599
58381
58600
58382
58601
58383
58602
58384
58603
58385
58604
58386
58605
58387
58606
58388
58607
58389
58608
58390
58609
58391
58610
58392
58611
58393
58612
58394
58613
58395
58614
58396
58615
58397
58616
58398
58617
58399
58618
58400
58619
58401
58620
58402
58621
58403
58622
58404
58623
58405
58624
58406
58625
58407
58626
58408
58627
58409
58628
58410
58629
58411
58630
58412
58631
58413
58632
58414
58633
58415
58634
58416
58635
58417
58636
58418
58637
58419
58638
58420
58639
58421
58640
58422
58641
58423
58642
58424
58643
58425
58644
58426
58645
58427
58646
58428
58647
58429
58648
58430
58649
58431
58650
58432
58651
58433
58652
58434
58653
58435
58654
58436
58655
58437
58656
58438
58657
58439
58658
58440
58659
58441
58660
58442
58661
58443
58662
58444
58663
58445
58664
58446
58665
58447
58666
58448
58667
58449
58668
58450
58669
58451
58670
58452
58671
58453
58672
58454
58673
58455
58674
58456
58675
58457
58676
58458
58677
58459
58678
58460
58679
58461
58680
58462
58681
58463
58682
58464
58683
58465
58684
58466
58685
58467
58686
58468
58687
58469
58688
58470
58689
58471
58690
58472
58691
58473
58692
58474
58693
58475
58694
58476
58695
58477
58696
58478
58697
58479
58698
58480
58699
58481
58700
58482
58701
58483
58702
58484
58703
58485
58704
58486
58705
58487
58706
58488
58707
58489
58708
58490
58709
58491
58710
58492
58711
58493
58712
58494
58713
58495
58714
58496
58715
58497
58716
58498
58717
58499
58718
58719
58501
58720
58502
58721
58503
58722
58504
58723
58505
58724
58506
58725
58507
58726
58508
58727
58509
58728
58510
58729
58511
58730
58512
58731
58513
58732
58514
58733
58515
58734
58516
58735
58517
58736
58518
58737
58519
58738
58520
58739
58521
58740
58522
58741
58523
58742
58524
58743
58525
58744
58526
58745
58527
58746
58528
58747
58529
58748
58530
58749
58531
58750
58532
58751
58533
58752
58534
58753
58535
58754
58536
58755
58537
58756
58538
58757
58539
58758
58540
58759
58541
58760
58542
58761
58543
58762
58544
58763
58545
58764
58546
58765
58547
58766
58548
58767
58549
58768
58550
58769
58551
58770
58552
58771
58553
58772
58554
58773
58555
58774
58556
58775
58557
58776
58558
58777
58559
58778
58560
58779
58561
58780
58562
58781
58563
58782
58564
58783
58565
58784
58566
58785
58567
58786
58568
58787
58569
58788
58570
58789
58571
58790
58572
58791
58573
58792
58574
58793
58575
58794
58576
58795
58577
58796
58578
58797
58579
58798
58580
58799
58581
58800
58582
58801
58583
58802
58584
58803
58585
58804
58586
58805
58587
58806
58588
58807
58589
58808
58590
58809
58591
58810
58592
58811
58593
58812
58594
58813
58595
58814
58596
58815
58597
58816
58598
58817
58599
58818
58600
58819
58601
58820
58602
58821
58603
58822
58604
58823
58605
58824
58606
58825
58607
58826
58608
58827
58609
58828
58610
58829
58611
58830
58612
58831
58613
58832
58614
58833
58615
58834
58616
58835
58617
58836
58618
58837
58619
58838
58620
58839
58621
58840
58622
58841
58623
58842
58624
58843
58625
58844
58626
58845
58627
58846
58628
58847
58629
58848
58630
58849
58631
58850
58632
58851
58633
58852
58634
58853
58635
58854
58636
58855
58637
58856
58638
58857
58639
58858
58640
58859
58641
58860
58642
58861
58643
58862
58644
58863
58645
58864
58646
58865
58647
58866
58648
58867
58649
58868
58650
58869
58651
58870
58652
58871
58653
58872
58654
58873
58655
58874
58656
58875
58657
58876
58658
58877
58659
58878
58660
58879
58661
58880
58662
58881
58663
58882
58664
58883
58665
58884
58666
58885
58667
58886
58668
58887
58669
58888
58670
58889
58671
58890
58672
58891
58673
58892
58674
58893
58675
58894
58676
58895
58677
58896
58678
58897
58679
58898
58680
58899
58681
58900
58682
58901
58683
58902
58684
58903
58685
58904
58686
58905
58687
58906
58688
58907
58689
58908
58690
58909
58691
58910
58692
58911
58693
58912
58694
58913
58695
58914
58696
58915
58697
58916
58698
58917
58699
58918
58700
58919
58701
58920
58702
58921
58703
58922
58704
58923
58705
58924
58706
58925
58707
58926
58708
58927
58709
58928
58710
58929
58711
58930
58712
58931
58713
58932
58714
58933
58715
58934
58716
58935
58717
58936
58718
58937
58719
58938
58939
58721
58940
58722
58941
58723
58942
58724
58943
58725
58944
58726
58945
58727
58946
58728
58947
58729
58948
58730
58949
58731
58950
58732
58951
58733
58952
58734
58953
58735
58954
58736
58955
58737
58956
58738
58957
58739
58958
58740
58959
58741
58960
58742
58961
58743
58962
58744
58963
58745
58964
58746
58965
58747
58966
58748
58967
58749
58968
58750
58969
58751
58970
58752
58971
58753
58972
58754
58973
58755
58974
58756
58975
58757
58976
58758
58977
58759
58978
58760
58979
58761
58980
58762
58981
58763
58982
58764
58983
58765
58984
58766
58985
58767
58986
58768
58987
58769
58988
58770
58989
58771
58990
58772
58991
58773
58992
58774
58993
58775
58994
58776
58995
58777
58996
58778
58997
58779
58998
58780
58999
58781
59000
58782
59001
58783
59002
58784
59003
58785
59004
58786
59005
58787
59006
58788
59007
58789
59008
58790
59009
58791
59010
58792
59011
58793
59012
58794
59013
58795
59014
58796
59015
58797
59016
58798
59017
58799
59018
58800
59019
58801
59020
58802
59021
58803
59022
58804
59023
58805
59024
58806
59025
58807
59026
58808
59027
58809
59028
58810
59029
58811
59030
58812
59031
58813
59032
58814
59033
58815
59034
58816
59035
58817
59036
58818
59037
58819
59038
58820
59039
58821
59040
58822
59041
58823
59042
58824
59043
58825
59044
58826
59045
58827
59046
58828
59047
58829
59048
58830
59049
58831
59050
58832
59051
58833
59052
58834
59053
58835
59054
58836
59055
58837
59056
58838
59057
58839
59058
58840
59059
58841
59060
58842
59061
58843
59062
58844
59063
58845
59064
58846
59065
58847
59066
58848
59067
58849
59068
58850
59069
58851
59070
58852
59071
58853
59072
58854
59073
58855
59074
58856
59075
58857
59076
58858
59077
58859
59078
58860
59079
58861
59080
58862
59081
58863
59082
58864
59083
58865
59084
58866
59085
58867
59086
58868
59087
58869
59088
58870
59089
58871
59090
58872
59091
58873
59092
58874
59093
58875
59094
58876
59095
58877
59096
58878
59097
58879
59098
58880
59099
58881
59100
58882
59101
58883
59102
58884
59103
58885
59104
58886
59105
58887
59106
58888
59107
58889
59108
58890
59109
58891
59110
58892
59111
58893
59112
58894
59113
58895
59114
58896
59115
58897
59116
58898
59117
58899
59118
58900
59119
58901
59120
58902
59121
58903
59122
58904
59123
58905
59124
58906
59125
58907
59126
58908
59127
58909
59128
58910
59129
58911
59130
58912
59131
58913
59132
58914
59133
58915
59134
58916
59135
58917
59136
58918
59137
58919
59138
58920
59139
58921
59140
58922
59141
58923
59142
58924
59143
58925
59144
58926
59145
58927
59146
58928
59147
58929
59148
58930
59149
58931
59150
58932
59151
58933
59152
58934
59153
58935
59154
58936
59155
58937
59156
58938
59157
58939
59158
59159
58941
59160
58942
59161
58943
59162
58944
59163
58945
59164
58946
59165
58947
59166
58948
59167
58949
59168
58950
59169
58951
59170
58952
59171
58953
59172
58954
59173
58955
59174
58956
59175
58957
59176
58958
59177
58959
59178
58960
59179
58961
59180
58962
59181
58963
59182
58964
59183
58965
59184
58966
59185
58967
59186
58968
59187
58969
59188
58970
59189
58971
59190
58972
59191
58973
59192
58974
59193
58975
59194
58976
59195
58977
59196
58978
59197
58979
59198
58980
59199
58981
59200
58982
59201
58983
59202
58984
59203
58985
59204
58986
59205
58987
59206
58988
59207
58989
59208
58990
59209
58991
59210
58992
59211
58993
59212
58994
59213
58995
59214
58996
59215
58997
59216
58998
59217
58999
59218
59000
59219
59001
59220
59002
59221
59003
59222
59004
59223
59005
59224
59006
59225
59007
59226
59008
59227
59009
59228
59010
59229
59011
59230
59012
59231
59013
59232
59014
59233
59015
59234
59016
59235
59017
59236
59018
59237
59019
59238
59020
59239
59021
59240
59022
59241
59023
59242
59024
59243
59025
59244
59026
59245
59027
59246
59028
59247
59029
59248
59030
59249
59031
59250
59032
59251
59033
59252
59034
59253
59035
59254
59036
59255
59037
59256
59038
59257
59039
59258
59040
59259
59041
59260
59042
59261
59043
59262
59044
59263
59045
59264
59046
59265
59047
59266
59048
59267
59049
59268
59050
59269
59051
59270
59052
59271
59053
59272
59054
59273
59055
59274
59056
59275
59057
59276
59058
59277
59059
59278
59060
59279
59061
59280
59062
59281
59063
59282
59064
59283
59065
59284
59066
59285
59067
59286
59068
59287
59069
59288
59070
59289
59071
59290
59072
59291
59073
59292
59074
59293
59075
59294
59076
59295
59077
59296
59078
59297
59079
59298
59080
59299
59081
59300
59082
59301
59083
59302
59084
59303
59085
59304
59086
59305
59087
59306
59088
59307
59089
59308
59090
59309
59091
59310
59092
59311
59093
59312
59094
59313
59095
59314
59096
59315
59097
59316
59098
59317
59099
59318
59100
59319
59101
59320
59102
59321
59103
59322
59104
59323
59105
59324
59106
59325
59107
59326
59108
59327
59109
59328
59110
59329
59111
59330
59112
59331
59113
59332
59114
59333
59115
59334
59116
59335
59117
59336
59118
59337
59119
59338
59120
59339
59121
59340
59122
59341
59123
59342
59124
59343
59125
59344
59126
59345
59127
59346
59128
59347
59129
59348
59130
59349
59131
59350
59132
59351
59133
59352
59134
59353
59135
59354
59136
59355
59137
59356
59138
59357
59139
59358
59140
59359
59141
59360
59142
59361
59143
59362
59144
59363
59145
59364
59146
59365
59147
59366
59148
59367
59149
59368
59150
59369
59151
59370
59152
59371
59153
59372
59154
59373
59155
59374
59156
59375
59157
59376
59158
59377
59159
59378
59379
59161
59380
59162
59381
59163
59382
59164
59383
59165
59384
59166
59385
59167
59386
59168
59387
59169
59388
59170
59389
59171
59390
59172
59391
59173
59392
59174
59393
59175
59394
59176
59395
59177
59396
59178
59397
59179
59398
59180
59399
59181
59400
59182
59401
59183
59402
59184
59403
59185
59404
59186
59405
59187
59406
59188
59407
59189
59408
59190
59409
59191
59410
59192
59411
59193
59412
59194
59413
59195
59414
59196
59415
59197
59416
59198
59417
59199
59418
59200
59419
59201
59420
59202
59421
59203
59422
59204
59423
59205
59424
59206
59425
59207
59426
59208
59427
59209
59428
59210
59429
59211
59430
59212
59431
59213
59432
59214
59433
59215
59434
59216
59435
59217
59436
59218
59437
59219
59438
59220
59439
59221
59440
59222
59441
59223
59442
59224
59443
59225
59444
59226
59445
59227
59446
59228
59447
59229
59448
59230
59449
59231
59450
59232
59451
59233
59452
59234
59453
59235
59454
59236
59455
59237
59456
59238
59457
59239
59458
59240
59459
59241
59460
59242
59461
59243
59462
59244
59463
59245
59464
59246
59465
59247
59466
59248
59467
59249
59468
59250
59469
59251
59470
59252
59471
59253
59472
59254
59473
59255
59474
59256
59475
59257
59476
59258
59477
59259
59478
59260
59479
59261
59480
59262
59481
59263
59482
59264
59483
59265
59484
59266
59485
59267
59486
59268
59487
59269
59488
59270
59489
59271
59490
59272
59491
59273
59492
59274
59493
59275
59494
59276
59495
59277
59496
59278
59497
59279
59498
59280
59499
59281
59500
59282
59501
59283
59502
59284
59503
59285
59504
59286
59505
59287
59506
59288
59507
59289
59508
59290
59509
59291
59510
59292
59511
59293
59512
59294
59513
59295
59514
59296
59515
59297
59516
59298
59517
59299
59518
59300
59519
59301
59520
59302
59521
59303
59522
59304
59523
59305
59524
59306
59525
59307
59526
59308
59527
59309
59528
59310
59529
59311
59530
59312
59531
59313
59532
59314
59533
59315
59534
59316
59535
59317
59536
59318
59537
59319
59538
59320
59539
59321
59540
59322
59541
59323
59542
59324
59543
59325
59544
59326
59545
59327
59546
59328
59547
59329
59548
59330
59549
59331
59550
59332
59551
59333
59552
59334
59553
59335
59554
59336
59555
59337
59556
59338
59557
59339
59558
59340
59559
59341
59560
59342
59561
59343
59562
59344
59563
59345
59564
59346
59565
59347
59566
59348
59567
59349
59568
59350
59569
59351
59570
59352
59571
59353
59572
59354
59573
59355
59574
59356
59575
59357
59576
59358
59577
59359
59578
59360
59579
59361
59580
59362
59581
59363
59582
59364
59583
59365
59584
59366
59585
59367
59586
59368
59587
59369
59588
59370
59589
59371
59590
59372
59591
59373
59592
59374
59593
59375
59594
59376
59595
59377
59596
59378
59597
59379
59598
59599
59381
59600
59382
59601
59383
59602
59384
59603
59385
59604
59386
59605
59387
59606
59388
59607
59389
59608
59390
59609
59391
59610
59392
59611
59393
59612
59394
59613
59395
59614
59396
59615
59397
59616
59398
59617
59399
59618
59400
59619
59401
59620
59402
59621
59403
59622
59404
59623
59405
59624
59406
59625
59407
59626
59408
59627
59409
59628
59410
59629
59411
59630
59412
59631
59413
59632
59414
59633
59415
59634
59416
59635
59417
59636
59418
59637
59419
59638
59420
59639
59421
59640
59422
59641
59423
59642
59424
59643
59425
59644
59426
59645
59427
59646
59428
59647
59429
59648
59430
59649
59431
59650
59432
59651
59433
59652
59434
59653
59435
59654
59436
59655
59437
59656
59438
59657
59439
59658
59440
59659
59441
59660
59442
59661
59443
59662
59444
59663
59445
59664
59446
59665
59447
59666
59448
59667
59449
59668
59450
59669
59451
59670
59452
59671
59453
59672
59454
59673
59455
59674
59456
59675
59457
59676
59458
59677
59459
59678
59460
59679
59461
59680
59462
59681
59463
59682
59464
59683
59465
59684
59466
59685
59467
59686
59468
59687
59469
59688
59470
59689
59471
59690
59472
59691
59473
59692
59474
59693
59475
59694
59476
59695
59477
59696
59478
59697
59479
59698
59480
59699
59481
59700
59482
59701
59483
59702
59484
59703
59485
59704
59486
59705
59487
59706
59488
59707
59489
59708
59490
59709
59491
59710
59492
59711
59493
59712
59494
59713
59495
59714
59496
59715
59497
59716
59498
59717
59499
59718
59500
59719
59501
59720
59502
59721
59503
59722
59504
59723
59505
59724
59506
59725
59507
59726
59508
59727
59509
59728
59510
59729
59511
59730
59512
59731
59513
59732
59514
59733
59515
59734
59516
59735
59517
59736
59518
59737
59519
59738
59520
59739
59521
59740
59522
59741
59523
59742
59524
59743
59525
59744
59526
59745
59527
59746
59528
59747
59529
59748
59530
59749
59531
59750
59532
59751
59533
59752
59534
59753
59535
59754
59536
59755
59537
59756
59538
59757
59539
59758
59540
59759
59541
59760
59542
59761
59543
59762
59544
59763
59545
59764
59546
59765
59547
59766
59548
59767
59549
59768
59550
59769
59551
59770
59552
59771
59553
59772
59554
59773
59555
59774
59556
59775
59557
59776
59558
59777
59559
59778
59560
59779
59561
59780
59562
59781
59563
59782
59564
59783
59565
59784
59566
59785
59567
59786
59568
59787
59569
59788
59570
59789
59571
59790
59572
59791
59573
59792
59574
59793
59575
59794
59576
59795
59577
59796
59578
59797
59579
59798
59580
59799
59581
59800
59582
59801
59583
59802
59584
59803
59585
59804
59586
59805
59587
59806
59588
59807
59589
59808
59590
59809
59591
59810
59592
59811
59593
59812
59594
59813
59595
59814
59596
59815
59597
59816
59598
59817
59599
59818
59819
59601
59820
59602
59821
59603
59822
59604
59823
59605
59824
59606
59825
59607
59826
59608
59827
59609
59828
59610
59829
59611
59830
59612
59831
59613
59832
59614
59833
59615
59834
59616
59835
59617
59836
59618
59837
59619
59838
59620
59839
59621
59840
59622
59841
59623
59842
59624
59843
59625
59844
59626
59845
59627
59846
59628
59847
59629
59848
59630
59849
59631
59850
59632
59851
59633
59852
59634
59853
59635
59854
59636
59855
59637
59856
59638
59857
59639
59858
59640
59859
59641
59860
59642
59861
59643
59862
59644
59863
59645
59864
59646
59865
59647
59866
59648
59867
59649
59868
59650
59869
59651
59870
59652
59871
59653
59872
59654
59873
59655
59874
59656
59875
59657
59876
59658
59877
59659
59878
59660
59879
59661
59880
59662
59881
59663
59882
59664
59883
59665
59884
59666
59885
59667
59886
59668
59887
59669
59888
59670
59889
59671
59890
59672
59891
59673
59892
59674
59893
59675
59894
59676
59895
59677
59896
59678
59897
59679
59898
59680
59899
59681
59900
59682
59901
59683
59902
59684
59903
59685
59904
59686
59905
59687
59906
59688
59907
59689
59908
59690
59909
59691
59910
59692
59911
59693
59912
59694
59913
59695
59914
59696
59915
59697
59916
59698
59917
59699
59918
59700
59919
59701
59920
59702
59921
59703
59922
59704
59923
59705
59924
59706
59925
59707
59926
59708
59927
59709
59928
59710
59929
59711
59930
59712
59931
59713
59932
59714
59933
59715
59934
59716
59935
59717
59936
59718
59937
59719
59938
59720
59939
59721
59940
59722
59941
59723
59942
59724
59943
59725
59944
59726
59945
59727
59946
59728
59947
59729
59948
59730
59949
59731
59950
59732
59951
59733
59952
59734
59953
59735
59954
59736
59955
59737
59956
59738
59957
59739
59958
59740
59959
59741
59960
59742
59961
59743
59962
59744
59963
59745
59964
59746
59965
59747
59966
59748
59967
59749
59968
59750
59969
59751
59970
59752
59971
59753
59972
59754
59973
59755
59974
59756
59975
59757
59976
59758
59977
59759
59978
59760
59979
59761
59980
59762
59981
59763
59982
59764
59983
59765
59984
59766
59985
59767
59986
59768
59987
59769
59988
59770
59989
59771
59990
59772
59991
59773
59992
59774
59993
59775
59994
59776
59995
59777
59996
59778
59997
59779
59998
59780
59999
59781
60000
59782
60001
59783
60002
59784
60003
59785
60004
59786
60005
59787
60006
59788
60007
59789
60008
59790
60009
59791
60010
59792
60011
59793
60012
59794
60013
59795
60014
59796
60015
59797
60016
59798
60017
59799
60018
59800
60019
59801
60020
59802
60021
59803
60022
59804
60023
59805
60024
59806
60025
59807
60026
59808
60027
59809
60028
59810
60029
59811
60030
59812
60031
59813
60032
59814
60033
59815
60034
59816
60035
59817
60036
59818
60037
59819
60038
60039
59821
60040
59822
60041
59823
60042
59824
60043
59825
60044
59826
60045
59827
60046
59828
60047
59829
60048
59830
60049
59831
60050
59832
60051
59833
60052
59834
60053
59835
60054
59836
60055
59837
60056
59838
60057
59839
60058
59840
60059
59841
60060
59842
60061
59843
60062
59844
60063
59845
60064
59846
60065
59847
60066
59848
60067
59849
60068
59850
60069
59851
60070
59852
60071
59853
60072
59854
60073
59855
60074
59856
60075
59857
60076
59858
60077
59859
60078
59860
60079
59861
60080
59862
60081
59863
60082
59864
60083
59865
60084
59866
60085
59867
60086
59868
60087
59869
60088
59870
60089
59871
60090
59872
60091
59873
60092
59874
60093
59875
60094
59876
60095
59877
60096
59878
60097
59879
60098
59880
60099
59881
60100
59882
60101
59883
60102
59884
60103
59885
60104
59886
60105
59887
60106
59888
60107
59889
60108
59890
60109
59891
60110
59892
60111
59893
60112
59894
60113
59895
60114
59896
60115
59897
60116
59898
60117
59899
60118
59900
60119
59901
60120
59902
60121
59903
60122
59904
60123
59905
60124
59906
60125
59907
60126
59908
60127
59909
60128
59910
60129
59911
60130
59912
60131
59913
60132
59914
60133
59915
60134
59916
60135
59917
60136
59918
60137
59919
60138
59920
60139
59921
60140
59922
60141
59923
60142
59924
60143
59925
60144
59926
60145
59927
60146
59928
60147
59929
60148
59930
60149
59931
60150
59932
60151
59933
60152
59934
60153
59935
60154
59936
60155
59937
60156
59938
60157
59939
60158
59940
60159
59941
60160
59942
60161
59943
60162
59944
60163
59945
60164
59946
60165
59947
60166
59948
60167
59949
60168
59950
60169
59951
60170
59952
60171
59953
60172
59954
60173
59955
60174
59956
60175
59957
60176
59958
60177
59959
60178
59960
60179
59961
60180
59962
60181
59963
60182
59964
60183
59965
60184
59966
60185
59967
60186
59968
60187
59969
60188
59970
60189
59971
60190
59972
60191
59973
60192
59974
60193
59975
60194
59976
60195
59977
60196
59978
60197
59979
60198
59980
60199
59981
60200
59982
60201
59983
60202
59984
60203
59985
60204
59986
60205
59987
60206
59988
60207
59989
60208
59990
60209
59991
60210
59992
60211
59993
60212
59994
60213
59995
60214
59996
60215
59997
60216
59998
60217
59999
60218
60000
60219
60001
60220
60002
60221
60003
60222
60004
60223
60005
60224
60006
60225
60007
60226
60008
60227
60009
60228
60010
60229
60011
60230
60012
60231
60013
60232
60014
60233
60015
60234
60016
60235
60017
60236
60018
60237
60019
60238
60020
60239
60021
60240
60022
60241
60023
60242
60024
60243
60025
60244
60026
60245
60027
60246
60028
60247
60029
60248
60030
60249
60031
60250
60032
60251
60033
60252
60034
60253
60035
60254
60036
60255
60037
60256
60038
60257
60039
60258
60259
60041
60260
60042
60261
60043
60262
60044
60263
60045
60264
60046
60265
60047
60266
60048
60267
60049
60268
60050
60269
60051
60270
60052
60271
60053
60272
60054
60273
60055
60274
60056
60275
60057
60276
60058
60277
60059
60278
60060
60279
60061
60280
60062
60281
60063
60282
60064
60283
60065
60284
60066
60285
60067
60286
60068
60287
60069
60288
60070
60289
60071
60290
60072
60291
60073
60292
60074
60293
60075
60294
60076
60295
60077
60296
60078
60297
60079
60298
60080
60299
60081
60300
60082
60301
60083
60302
60084
60303
60085
60304
60086
60305
60087
60306
60088
60307
60089
60308
60090
60309
60091
60310
60092
60311
60093
60312
60094
60313
60095
60314
60096
60315
60097
60316
60098
60317
60099
60318
60100
60319
60101
60320
60102
60321
60103
60322
60104
60323
60105
60324
60106
60325
60107
60326
60108
60327
60109
60328
60110
60329
60111
60330
60112
60331
60113
60332
60114
60333
60115
60334
60116
60335
60117
60336
60118
60337
60119
60338
60120
60339
60121
60340
60122
60341
60123
60342
60124
60343
60125
60344
60126
60345
60127
60346
60128
60347
60129
60348
60130
60349
60131
60350
60132
60351
60133
60352
60134
60353
60135
60354
60136
60355
60137
60356
60138
60357
60139
60358
60140
60359
60141
60360
60142
60361
60143
60362
60144
60363
60145
60364
60146
60365
60147
60366
60148
60367
60149
60368
60150
60369
60151
60370
60152
60371
60153
60372
60154
60373
60155
60374
60156
60375
60157
60376
60158
60377
60159
60378
60160
60379
60161
60380
60162
60381
60163
60382
60164
60383
60165
60384
60166
60385
60167
60386
60168
60387
60169
60388
60170
60389
60171
60390
60172
60391
60173
60392
60174
60393
60175
60394
60176
60395
60177
60396
60178
60397
60179
60398
60180
60399
60181
60400
60182
60401
60183
60402
60184
60403
60185
60404
60186
60405
60187
60406
60188
60407
60189
60408
60190
60409
60191
60410
60192
60411
60193
60412
60194
60413
60195
60414
60196
60415
60197
60416
60198
60417
60199
60418
60200
60419
60201
60420
60202
60421
60203
60422
60204
60423
60205
60424
60206
60425
60207
60426
60208
60427
60209
60428
60210
60429
60211
60430
60212
60431
60213
60432
60214
60433
60215
60434
60216
60435
60217
60436
60218
60437
60219
60438
60220
60439
60221
60440
60222
60441
60223
60442
60224
60443
60225
60444
60226
60445
60227
60446
60228
60447
60229
60448
60230
60449
60231
60450
60232
60451
60233
60452
60234
60453
60235
60454
60236
60455
60237
60456
60238
60457
60239
60458
60240
60459
60241
60460
60242
60461
60243
60462
60244
60463
60245
60464
60246
60465
60247
60466
60248
60467
60249
60468
60250
60469
60251
60470
60252
60471
60253
60472
60254
60473
60255
60474
60256
60475
60257
60476
60258
60477
60259
60478
60479
60261
60480
60262
60481
60263
60482
60264
60483
60265
60484
60266
60485
60267
60486
60268
60487
60269
60488
60270
60489
60271
60490
60272
60491
60273
60492
60274
60493
60275
60494
60276
60495
60277
60496
60278
60497
60279
60498
60280
60499
60281
60500
60282
60501
60283
60502
60284
60503
60285
60504
60286
60505
60287
60506
60288
60507
60289
60508
60290
60509
60291
60510
60292
60511
60293
60512
60294
60513
60295
60514
60296
60515
60297
60516
60298
60517
60299
60518
60300
60519
60301
60520
60302
60521
60303
60522
60304
60523
60305
60524
60306
60525
60307
60526
60308
60527
60309
60528
60310
60529
60311
60530
60312
60531
60313
60532
60314
60533
60315
60534
60316
60535
60317
60536
60318
60537
60319
60538
60320
60539
60321
60540
60322
60541
60323
60542
60324
60543
60325
60544
60326
60545
60327
60546
60328
60547
60329
60548
60330
60549
60331
60550
60332
60551
60333
60552
60334
60553
60335
60554
60336
60555
60337
60556
60338
60557
60339
60558
60340
60559
60341
60560
60342
60561
60343
60562
60344
60563
60345
60564
60346
60565
60347
60566
60348
60567
60349
60568
60350
60569
60351
60570
60352
60571
60353
60572
60354
60573
60355
60574
60356
60575
60357
60576
60358
60577
60359
60578
60360
60579
60361
60580
60362
60581
60363
60582
60364
60583
60365
60584
60366
60585
60367
60586
60368
60587
60369
60588
60370
60589
60371
60590
60372
60591
60373
60592
60374
60593
60375
60594
60376
60595
60377
60596
60378
60597
60379
60598
60380
60599
60381
60600
60382
60601
60383
60602
60384
60603
60385
60604
60386
60605
60387
60606
60388
60607
60389
60608
60390
60609
60391
60610
60392
60611
60393
60612
60394
60613
60395
60614
60396
60615
60397
60616
60398
60617
60399
60618
60400
60619
60401
60620
60402
60621
60403
60622
60404
60623
60405
60624
60406
60625
60407
60626
60408
60627
60409
60628
60410
60629
60411
60630
60412
60631
60413
60632
60414
60633
60415
60634
60416
60635
60417
60636
60418
60637
60419
60638
60420
60639
60421
60640
60422
60641
60423
60642
60424
60643
60425
60644
60426
60645
60427
60646
60428
60647
60429
60648
60430
60649
60431
60650
60432
60651
60433
60652
60434
60653
60435
60654
60436
60655
60437
60656
60438
60657
60439
60658
60440
60659
60441
60660
60442
60661
60443
60662
60444
60663
60445
60664
60446
60665
60447
60666
60448
60667
60449
60668
60450
60669
60451
60670
60452
60671
60453
60672
60454
60673
60455
60674
60456
60675
60457
60676
60458
60677
60459
60678
60460
60679
60461
60680
60462
60681
60463
60682
60464
60683
60465
60684
60466
60685
60467
60686
60468
60687
60469
60688
60470
60689
60471
60690
60472
60691
60473
60692
60474
60693
60475
60694
60476
60695
60477
60696
60478
60697
60479
60698
60699
60481
60700
60482
60701
60483
60702
60484
60703
60485
60704
60486
60705
60487
60706
60488
60707
60489
60708
60490
60709
60491
60710
60492
60711
60493
60712
60494
60713
60495
60714
60496
60715
60497
60716
60498
60717
60499
60718
60500
60719
60501
60720
60502
60721
60503
60722
60504
60723
60505
60724
60506
60725
60507
60726
60508
60727
60509
60728
60510
60729
60511
60730
60512
60731
60513
60732
60514
60733
60515
60734
60516
60735
60517
60736
60518
60737
60519
60738
60520
60739
60521
60740
60522
60741
60523
60742
60524
60743
60525
60744
60526
60745
60527
60746
60528
60747
60529
60748
60530
60749
60531
60750
60532
60751
60533
60752
60534
60753
60535
60754
60536
60755
60537
60756
60538
60757
60539
60758
60540
60759
60541
60760
60542
60761
60543
60762
60544
60763
60545
60764
60546
60765
60547
60766
60548
60767
60549
60768
60550
60769
60551
60770
60552
60771
60553
60772
60554
60773
60555
60774
60556
60775
60557
60776
60558
60777
60559
60778
60560
60779
60561
60780
60562
60781
60563
60782
60564
60783
60565
60784
60566
60785
60567
60786
60568
60787
60569
60788
60570
60789
60571
60790
60572
60791
60573
60792
60574
60793
60575
60794
60576
60795
60577
60796
60578
60797
60579
60798
60580
60799
60581
60800
60582
60801
60583
60802
60584
60803
60585
60804
60586
60805
60587
60806
60588
60807
60589
60808
60590
60809
60591
60810
60592
60811
60593
60812
60594
60813
60595
60814
60596
60815
60597
60816
60598
60817
60599
60818
60600
60819
60601
60820
60602
60821
60603
60822
60604
60823
60605
60824
60606
60825
60607
60826
60608
60827
60609
60828
60610
60829
60611
60830
60612
60831
60613
60832
60614
60833
60615
60834
60616
60835
60617
60836
60618
60837
60619
60838
60620
60839
60621
60840
60622
60841
60623
60842
60624
60843
60625
60844
60626
60845
60627
60846
60628
60847
60629
60848
60630
60849
60631
60850
60632
60851
60633
60852
60634
60853
60635
60854
60636
60855
60637
60856
60638
60857
60639
60858
60640
60859
60641
60860
60642
60861
60643
60862
60644
60863
60645
60864
60646
60865
60647
60866
60648
60867
60649
60868
60650
60869
60651
60870
60652
60871
60653
60872
60654
60873
60655
60874
60656
60875
60657
60876
60658
60877
60659
60878
60660
60879
60661
60880
60662
60881
60663
60882
60664
60883
60665
60884
60666
60885
60667
60886
60668
60887
60669
60888
60670
60889
60671
60890
60672
60891
60673
60892
60674
60893
60675
60894
60676
60895
60677
60896
60678
60897
60679
60898
60680
60899
60681
60900
60682
60901
60683
60902
60684
60903
60685
60904
60686
60905
60687
60906
60688
60907
60689
60908
60690
60909
60691
60910
60692
60911
60693
60912
60694
60913
60695
60914
60696
60915
60697
60916
60698
60917
60699
60918
60919
60701
60920
60702
60921
60703
60922
60704
60923
60705
60924
60706
60925
60707
60926
60708
60927
60709
60928
60710
60929
60711
60930
60712
60931
60713
60932
60714
60933
60715
60934
60716
60935
60717
60936
60718
60937
60719
60938
60720
60939
60721
60940
60722
60941
60723
60942
60724
60943
60725
60944
60726
60945
60727
60946
60728
60947
60729
60948
60730
60949
60731
60950
60732
60951
60733
60952
60734
60953
60735
60954
60736
60955
60737
60956
60738
60957
60739
60958
60740
60959
60741
60960
60742
60961
60743
60962
60744
60963
60745
60964
60746
60965
60747
60966
60748
60967
60749
60968
60750
60969
60751
60970
60752
60971
60753
60972
60754
60973
60755
60974
60756
60975
60757
60976
60758
60977
60759
60978
60760
60979
60761
60980
60762
60981
60763
60982
60764
60983
60765
60984
60766
60985
60767
60986
60768
60987
60769
60988
60770
60989
60771
60990
60772
60991
60773
60992
60774
60993
60775
60994
60776
60995
60777
60996
60778
60997
60779
60998
60780
60999
60781
61000
60782
61001
60783
61002
60784
61003
60785
61004
60786
61005
60787
61006
60788
61007
60789
61008
60790
61009
60791
61010
60792
61011
60793
61012
60794
61013
60795
61014
60796
61015
60797
61016
60798
61017
60799
61018
60800
61019
60801
61020
60802
61021
60803
61022
60804
61023
60805
61024
60806
61025
60807
61026
60808
61027
60809
61028
60810
61029
60811
61030
60812
61031
60813
61032
60814
61033
60815
61034
60816
61035
60817
61036
60818
61037
60819
61038
60820
61039
60821
61040
60822
61041
60823
61042
60824
61043
60825
61044
60826
61045
60827
61046
60828
61047
60829
61048
60830
61049
60831
61050
60832
61051
60833
61052
60834
61053
60835
61054
60836
61055
60837
61056
60838
61057
60839
61058
60840
61059
60841
61060
60842
61061
60843
61062
60844
61063
60845
61064
60846
61065
60847
61066
60848
61067
60849
61068
60850
61069
60851
61070
60852
61071
60853
61072
60854
61073
60855
61074
60856
61075
60857
61076
60858
61077
60859
61078
60860
61079
60861
61080
60862
61081
60863
61082
60864
61083
60865
61084
60866
61085
60867
61086
60868
61087
60869
61088
60870
61089
60871
61090
60872
61091
60873
61092
60874
61093
60875
61094
60876
61095
60877
61096
60878
61097
60879
61098
60880
61099
60881
61100
60882
61101
60883
61102
60884
61103
60885
61104
60886
61105
60887
61106
60888
61107
60889
61108
60890
61109
60891
61110
60892
61111
60893
61112
60894
61113
60895
61114
60896
61115
60897
61116
60898
61117
60899
61118
60900
61119
60901
61120
60902
61121
60903
61122
60904
61123
60905
61124
60906
61125
60907
61126
60908
61127
60909
61128
60910
61129
60911
61130
60912
61131
60913
61132
60914
61133
60915
61134
60916
61135
60917
61136
60918
61137
60919
61138
61139
60921
61140
60922
61141
60923
61142
60924
61143
60925
61144
60926
61145
60927
61146
60928
61147
60929
61148
60930
61149
60931
61150
60932
61151
60933
61152
60934
61153
60935
61154
60936
61155
60937
61156
60938
61157
60939
61158
60940
61159
60941
61160
60942
61161
60943
61162
60944
61163
60945
61164
60946
61165
60947
61166
60948
61167
60949
61168
60950
61169
60951
61170
60952
61171
60953
61172
60954
61173
60955
61174
60956
61175
60957
61176
60958
61177
60959
61178
60960
61179
60961
61180
60962
61181
60963
61182
60964
61183
60965
61184
60966
61185
60967
61186
60968
61187
60969
61188
60970
61189
60971
61190
60972
61191
60973
61192
60974
61193
60975
61194
60976
61195
60977
61196
60978
61197
60979
61198
60980
61199
60981
61200
60982
61201
60983
61202
60984
61203
60985
61204
60986
61205
60987
61206
60988
61207
60989
61208
60990
61209
60991
61210
60992
61211
60993
61212
60994
61213
60995
61214
60996
61215
60997
61216
60998
61217
60999
61218
61000
61219
61001
61220
61002
61221
61003
61222
61004
61223
61005
61224
61006
61225
61007
61226
61008
61227
61009
61228
61010
61229
61011
61230
61012
61231
61013
61232
61014
61233
61015
61234
61016
61235
61017
61236
61018
61237
61019
61238
61020
61239
61021
61240
61022
61241
61023
61242
61024
61243
61025
61244
61026
61245
61027
61246
61028
61247
61029
61248
61030
61249
61031
61250
61032
61251
61033
61252
61034
61253
61035
61254
61036
61255
61037
61256
61038
61257
61039
61258
61040
61259
61041
61260
61042
61261
61043
61262
61044
61263
61045
61264
61046
61265
61047
61266
61048
61267
61049
61268
61050
61269
61051
61270
61052
61271
61053
61272
61054
61273
61055
61274
61056
61275
61057
61276
61058
61277
61059
61278
61060
61279
61061
61280
61062
61281
61063
61282
61064
61283
61065
61284
61066
61285
61067
61286
61068
61287
61069
61288
61070
61289
61071
61290
61072
61291
61073
61292
61074
61293
61075
61294
61076
61295
61077
61296
61078
61297
61079
61298
61080
61299
61081
61300
61082
61301
61083
61302
61084
61303
61085
61304
61086
61305
61087
61306
61088
61307
61089
61308
61090
61309
61091
61310
61092
61311
61093
61312
61094
61313
61095
61314
61096
61315
61097
61316
61098
61317
61099
61318
61100
61319
61101
61320
61102
61321
61103
61322
61104
61323
61105
61324
61106
61325
61107
61326
61108
61327
61109
61328
61110
61329
61111
61330
61112
61331
61113
61332
61114
61333
61115
61334
61116
61335
61117
61336
61118
61337
61119
61338
61120
61339
61121
61340
61122
61341
61123
61342
61124
61343
61125
61344
61126
61345
61127
61346
61128
61347
61129
61348
61130
61349
61131
61350
61132
61351
61133
61352
61134
61353
61135
61354
61136
61355
61137
61356
61138
61357
61139
61358
61359
61141
61360
61142
61361
61143
61362
61144
61363
61145
61364
61146
61365
61147
61366
61148
61367
61149
61368
61150
61369
61151
61370
61152
61371
61153
61372
61154
61373
61155
61374
61156
61375
61157
61376
61158
61377
61159
61378
61160
61379
61161
61380
61162
61381
61163
61382
61164
61383
61165
61384
61166
61385
61167
61386
61168
61387
61169
61388
61170
61389
61171
61390
61172
61391
61173
61392
61174
61393
61175
61394
61176
61395
61177
61396
61178
61397
61179
61398
61180
61399
61181
61400
61182
61401
61183
61402
61184
61403
61185
61404
61186
61405
61187
61406
61188
61407
61189
61408
61190
61409
61191
61410
61192
61411
61193
61412
61194
61413
61195
61414
61196
61415
61197
61416
61198
61417
61199
61418
61200
61419
61201
61420
61202
61421
61203
61422
61204
61423
61205
61424
61206
61425
61207
61426
61208
61427
61209
61428
61210
61429
61211
61430
61212
61431
61213
61432
61214
61433
61215
61434
61216
61435
61217
61436
61218
61437
61219
61438
61220
61439
61221
61440
61222
61441
61223
61442
61224
61443
61225
61444
61226
61445
61227
61446
61228
61447
61229
61448
61230
61449
61231
61450
61232
61451
61233
61452
61234
61453
61235
61454
61236
61455
61237
61456
61238
61457
61239
61458
61240
61459
61241
61460
61242
61461
61243
61462
61244
61463
61245
61464
61246
61465
61247
61466
61248
61467
61249
61468
61250
61469
61251
61470
61252
61471
61253
61472
61254
61473
61255
61474
61256
61475
61257
61476
61258
61477
61259
61478
61260
61479
61261
61480
61262
61481
61263
61482
61264
61483
61265
61484
61266
61485
61267
61486
61268
61487
61269
61488
61270
61489
61271
61490
61272
61491
61273
61492
61274
61493
61275
61494
61276
61495
61277
61496
61278
61497
61279
61498
61280
61499
61281
61500
61282
61501
61283
61502
61284
61503
61285
61504
61286
61505
61287
61506
61288
61507
61289
61508
61290
61509
61291
61510
61292
61511
61293
61512
61294
61513
61295
61514
61296
61515
61297
61516
61298
61517
61299
61518
61300
61519
61301
61520
61302
61521
61303
61522
61304
61523
61305
61524
61306
61525
61307
61526
61308
61527
61309
61528
61310
61529
61311
61530
61312
61531
61313
61532
61314
61533
61315
61534
61316
61535
61317
61536
61318
61537
61319
61538
61320
61539
61321
61540
61322
61541
61323
61542
61324
61543
61325
61544
61326
61545
61327
61546
61328
61547
61329
61548
61330
61549
61331
61550
61332
61551
61333
61552
61334
61553
61335
61554
61336
61555
61337
61556
61338
61557
61339
61558
61340
61559
61341
61560
61342
61561
61343
61562
61344
61563
61345
61564
61346
61565
61347
61566
61348
61567
61349
61568
61350
61569
61351
61570
61352
61571
61353
61572
61354
61573
61355
61574
61356
61575
61357
61576
61358
61577
61359
61578
61579
61361
61580
61362
61581
61363
61582
61364
61583
61365
61584
61366
61585
61367
61586
61368
61587
61369
61588
61370
61589
61371
61590
61372
61591
61373
61592
61374
61593
61375
61594
61376
61595
61377
61596
61378
61597
61379
61598
61380
61599
61381
61600
61382
61601
61383
61602
61384
61603
61385
61604
61386
61605
61387
61606
61388
61607
61389
61608
61390
61609
61391
61610
61392
61611
61393
61612
61394
61613
61395
61614
61396
61615
61397
61616
61398
61617
61399
61618
61400
61619
61401
61620
61402
61621
61403
61622
61404
61623
61405
61624
61406
61625
61407
61626
61408
61627
61409
61628
61410
61629
61411
61630
61412
61631
61413
61632
61414
61633
61415
61634
61416
61635
61417
61636
61418
61637
61419
61638
61420
61639
61421
61640
61422
61641
61423
61642
61424
61643
61425
61644
61426
61645
61427
61646
61428
61647
61429
61648
61430
61649
61431
61650
61432
61651
61433
61652
61434
61653
61435
61654
61436
61655
61437
61656
61438
61657
61439
61658
61440
61659
61441
61660
61442
61661
61443
61662
61444
61663
61445
61664
61446
61665
61447
61666
61448
61667
61449
61668
61450
61669
61451
61670
61452
61671
61453
61672
61454
61673
61455
61674
61456
61675
61457
61676
61458
61677
61459
61678
61460
61679
61461
61680
61462
61681
61463
61682
61464
61683
61465
61684
61466
61685
61467
61686
61468
61687
61469
61688
61470
61689
61471
61690
61472
61691
61473
61692
61474
61693
61475
61694
61476
61695
61477
61696
61478
61697
61479
61698
61480
61699
61481
61700
61482
61701
61483
61702
61484
61703
61485
61704
61486
61705
61487
61706
61488
61707
61489
61708
61490
61709
61491
61710
61492
61711
61493
61712
61494
61713
61495
61714
61496
61715
61497
61716
61498
61717
61499
61718
61500
61719
61501
61720
61502
61721
61503
61722
61504
61723
61505
61724
61506
61725
61507
61726
61508
61727
61509
61728
61510
61729
61511
61730
61512
61731
61513
61732
61514
61733
61515
61734
61516
61735
61517
61736
61518
61737
61519
61738
61520
61739
61521
61740
61522
61741
61523
61742
61524
61743
61525
61744
61526
61745
61527
61746
61528
61747
61529
61748
61530
61749
61531
61750
61532
61751
61533
61752
61534
61753
61535
61754
61536
61755
61537
61756
61538
61757
61539
61758
61540
61759
61541
61760
61542
61761
61543
61762
61544
61763
61545
61764
61546
61765
61547
61766
61548
61767
61549
61768
61550
61769
61551
61770
61552
61771
61553
61772
61554
61773
61555
61774
61556
61775
61557
61776
61558
61777
61559
61778
61560
61779
61561
61780
61562
61781
61563
61782
61564
61783
61565
61784
61566
61785
61567
61786
61568
61787
61569
61788
61570
61789
61571
61790
61572
61791
61573
61792
61574
61793
61575
61794
61576
61795
61577
61796
61578
61797
61579
61798
61799
61581
61800
61582
61801
61583
61802
61584
61803
61585
61804
61586
61805
61587
61806
61588
61807
61589
61808
61590
61809
61591
61810
61592
61811
61593
61812
61594
61813
61595
61814
61596
61815
61597
61816
61598
61817
61599
61818
61600
61819
61601
61820
61602
61821
61603
61822
61604
61823
61605
61824
61606
61825
61607
61826
61608
61827
61609
61828
61610
61829
61611
61830
61612
61831
61613
61832
61614
61833
61615
61834
61616
61835
61617
61836
61618
61837
61619
61838
61620
61839
61621
61840
61622
61841
61623
61842
61624
61843
61625
61844
61626
61845
61627
61846
61628
61847
61629
61848
61630
61849
61631
61850
61632
61851
61633
61852
61634
61853
61635
61854
61636
61855
61637
61856
61638
61857
61639
61858
61640
61859
61641
61860
61642
61861
61643
61862
61644
61863
61645
61864
61646
61865
61647
61866
61648
61867
61649
61868
61650
61869
61651
61870
61652
61871
61653
61872
61654
61873
61655
61874
61656
61875
61657
61876
61658
61877
61659
61878
61660
61879
61661
61880
61662
61881
61663
61882
61664
61883
61665
61884
61666
61885
61667
61886
61668
61887
61669
61888
61670
61889
61671
61890
61672
61891
61673
61892
61674
61893
61675
61894
61676
61895
61677
61896
61678
61897
61679
61898
61680
61899
61681
61900
61682
61901
61683
61902
61684
61903
61685
61904
61686
61905
61687
61906
61688
61907
61689
61908
61690
61909
61691
61910
61692
61911
61693
61912
61694
61913
61695
61914
61696
61915
61697
61916
61698
61917
61699
61918
61700
61919
61701
61920
61702
61921
61703
61922
61704
61923
61705
61924
61706
61925
61707
61926
61708
61927
61709
61928
61710
61929
61711
61930
61712
61931
61713
61932
61714
61933
61715
61934
61716
61935
61717
61936
61718
61937
61719
61938
61720
61939
61721
61940
61722
61941
61723
61942
61724
61943
61725
61944
61726
61945
61727
61946
61728
61947
61729
61948
61730
61949
61731
61950
61732
61951
61733
61952
61734
61953
61735
61954
61736
61955
61737
61956
61738
61957
61739
61958
61740
61959
61741
61960
61742
61961
61743
61962
61744
61963
61745
61964
61746
61965
61747
61966
61748
61967
61749
61968
61750
61969
61751
61970
61752
61971
61753
61972
61754
61973
61755
61974
61756
61975
61757
61976
61758
61977
61759
61978
61760
61979
61761
61980
61762
61981
61763
61982
61764
61983
61765
61984
61766
61985
61767
61986
61768
61987
61769
61988
61770
61989
61771
61990
61772
61991
61773
61992
61774
61993
61775
61994
61776
61995
61777
61996
61778
61997
61779
61998
61780
61999
61781
62000
61782
62001
61783
62002
61784
62003
61785
62004
61786
62005
61787
62006
61788
62007
61789
62008
61790
62009
61791
62010
61792
62011
61793
62012
61794
62013
61795
62014
61796
62015
61797
62016
61798
62017
61799
62018
62019
61801
62020
61802
62021
61803
62022
61804
62023
61805
62024
61806
62025
61807
62026
61808
62027
61809
62028
61810
62029
61811
62030
61812
62031
61813
62032
61814
62033
61815
62034
61816
62035
61817
62036
61818
62037
61819
62038
61820
62039
61821
62040
61822
62041
61823
62042
61824
62043
61825
62044
61826
62045
61827
62046
61828
62047
61829
62048
61830
62049
61831
62050
61832
62051
61833
62052
61834
62053
61835
62054
61836
62055
61837
62056
61838
62057
61839
62058
61840
62059
61841
62060
61842
62061
61843
62062
61844
62063
61845
62064
61846
62065
61847
62066
61848
62067
61849
62068
61850
62069
61851
62070
61852
62071
61853
62072
61854
62073
61855
62074
61856
62075
61857
62076
61858
62077
61859
62078
61860
62079
61861
62080
61862
62081
61863
62082
61864
62083
61865
62084
61866
62085
61867
62086
61868
62087
61869
62088
61870
62089
61871
62090
61872
62091
61873
62092
61874
62093
61875
62094
61876
62095
61877
62096
61878
62097
61879
62098
61880
62099
61881
62100
61882
62101
61883
62102
61884
62103
61885
62104
61886
62105
61887
62106
61888
62107
61889
62108
61890
62109
61891
62110
61892
62111
61893
62112
61894
62113
61895
62114
61896
62115
61897
62116
61898
62117
61899
62118
61900
62119
61901
62120
61902
62121
61903
62122
61904
62123
61905
62124
61906
62125
61907
62126
61908
62127
61909
62128
61910
62129
61911
62130
61912
62131
61913
62132
61914
62133
61915
62134
61916
62135
61917
62136
61918
62137
61919
62138
61920
62139
61921
62140
61922
62141
61923
62142
61924
62143
61925
62144
61926
62145
61927
62146
61928
62147
61929
62148
61930
62149
61931
62150
61932
62151
61933
62152
61934
62153
61935
62154
61936
62155
61937
62156
61938
62157
61939
62158
61940
62159
61941
62160
61942
62161
61943
62162
61944
62163
61945
62164
61946
62165
61947
62166
61948
62167
61949
62168
61950
62169
61951
62170
61952
62171
61953
62172
61954
62173
61955
62174
61956
62175
61957
62176
61958
62177
61959
62178
61960
62179
61961
62180
61962
62181
61963
62182
61964
62183
61965
62184
61966
62185
61967
62186
61968
62187
61969
62188
61970
62189
61971
62190
61972
62191
61973
62192
61974
62193
61975
62194
61976
62195
61977
62196
61978
62197
61979
62198
61980
62199
61981
62200
61982
62201
61983
62202
61984
62203
61985
62204
61986
62205
61987
62206
61988
62207
61989
62208
61990
62209
61991
62210
61992
62211
61993
62212
61994
62213
61995
62214
61996
62215
61997
62216
61998
62217
61999
62218
62000
62219
62001
62220
62002
62221
62003
62222
62004
62223
62005
62224
62006
62225
62007
62226
62008
62227
62009
62228
62010
62229
62011
62230
62012
62231
62013
62232
62014
62233
62015
62234
62016
62235
62017
62236
62018
62237
62019
62238
62239
62021
62240
62022
62241
62023
62242
62024
62243
62025
62244
62026
62245
62027
62246
62028
62247
62029
62248
62030
62249
62031
62250
62032
62251
62033
62252
62034
62253
62035
62254
62036
62255
62037
62256
62038
62257
62039
62258
62040
62259
62041
62260
62042
62261
62043
62262
62044
62263
62045
62264
62046
62265
62047
62266
62048
62267
62049
62268
62050
62269
62051
62270
62052
62271
62053
62272
62054
62273
62055
62274
62056
62275
62057
62276
62058
62277
62059
62278
62060
62279
62061
62280
62062
62281
62063
62282
62064
62283
62065
62284
62066
62285
62067
62286
62068
62287
62069
62288
62070
62289
62071
62290
62072
62291
62073
62292
62074
62293
62075
62294
62076
62295
62077
62296
62078
62297
62079
62298
62080
62299
62081
62300
62082
62301
62083
62302
62084
62303
62085
62304
62086
62305
62087
62306
62088
62307
62089
62308
62090
62309
62091
62310
62092
62311
62093
62312
62094
62313
62095
62314
62096
62315
62097
62316
62098
62317
62099
62318
62100
62319
62101
62320
62102
62321
62103
62322
62104
62323
62105
62324
62106
62325
62107
62326
62108
62327
62109
62328
62110
62329
62111
62330
62112
62331
62113
62332
62114
62333
62115
62334
62116
62335
62117
62336
62118
62337
62119
62338
62120
62339
62121
62340
62122
62341
62123
62342
62124
62343
62125
62344
62126
62345
62127
62346
62128
62347
62129
62348
62130
62349
62131
62350
62132
62351
62133
62352
62134
62353
62135
62354
62136
62355
62137
62356
62138
62357
62139
62358
62140
62359
62141
62360
62142
62361
62143
62362
62144
62363
62145
62364
62146
62365
62147
62366
62148
62367
62149
62368
62150
62369
62151
62370
62152
62371
62153
62372
62154
62373
62155
62374
62156
62375
62157
62376
62158
62377
62159
62378
62160
62379
62161
62380
62162
62381
62163
62382
62164
62383
62165
62384
62166
62385
62167
62386
62168
62387
62169
62388
62170
62389
62171
62390
62172
62391
62173
62392
62174
62393
62175
62394
62176
62395
62177
62396
62178
62397
62179
62398
62180
62399
62181
62400
62182
62401
62183
62402
62184
62403
62185
62404
62186
62405
62187
62406
62188
62407
62189
62408
62190
62409
62191
62410
62192
62411
62193
62412
62194
62413
62195
62414
62196
62415
62197
62416
62198
62417
62199
62418
62200
62419
62201
62420
62202
62421
62203
62422
62204
62423
62205
62424
62206
62425
62207
62426
62208
62427
62209
62428
62210
62429
62211
62430
62212
62431
62213
62432
62214
62433
62215
62434
62216
62435
62217
62436
62218
62437
62219
62438
62220
62439
62221
62440
62222
62441
62223
62442
62224
62443
62225
62444
62226
62445
62227
62446
62228
62447
62229
62448
62230
62449
62231
62450
62232
62451
62233
62452
62234
62453
62235
62454
62236
62455
62237
62456
62238
62457
62239
62458
62459
62241
62460
62242
62461
62243
62462
62244
62463
62245
62464
62246
62465
62247
62466
62248
62467
62249
62468
62250
62469
62251
62470
62252
62471
62253
62472
62254
62473
62255
62474
62256
62475
62257
62476
62258
62477
62259
62478
62260
62479
62261
62480
62262
62481
62263
62482
62264
62483
62265
62484
62266
62485
62267
62486
62268
62487
62269
62488
62270
62489
62271
62490
62272
62491
62273
62492
62274
62493
62275
62494
62276
62495
62277
62496
62278
62497
62279
62498
62280
62499
62281
62500
62282
62501
62283
62502
62284
62503
62285
62504
62286
62505
62287
62506
62288
62507
62289
62508
62290
62509
62291
62510
62292
62511
62293
62512
62294
62513
62295
62514
62296
62515
62297
62516
62298
62517
62299
62518
62300
62519
62301
62520
62302
62521
62303
62522
62304
62523
62305
62524
62306
62525
62307
62526
62308
62527
62309
62528
62310
62529
62311
62530
62312
62531
62313
62532
62314
62533
62315
62534
62316
62535
62317
62536
62318
62537
62319
62538
62320
62539
62321
62540
62322
62541
62323
62542
62324
62543
62325
62544
62326
62545
62327
62546
62328
62547
62329
62548
62330
62549
62331
62550
62332
62551
62333
62552
62334
62553
62335
62554
62336
62555
62337
62556
62338
62557
62339
62558
62340
62559
62341
62560
62342
62561
62343
62562
62344
62563
62345
62564
62346
62565
62347
62566
62348
62567
62349
62568
62350
62569
62351
62570
62352
62571
62353
62572
62354
62573
62355
62574
62356
62575
62357
62576
62358
62577
62359
62578
62360
62579
62361
62580
62362
62581
62363
62582
62364
62583
62365
62584
62366
62585
62367
62586
62368
62587
62369
62588
62370
62589
62371
62590
62372
62591
62373
62592
62374
62593
62375
62594
62376
62595
62377
62596
62378
62597
62379
62598
62380
62599
62381
62600
62382
62601
62383
62602
62384
62603
62385
62604
62386
62605
62387
62606
62388
62607
62389
62608
62390
62609
62391
62610
62392
62611
62393
62612
62394
62613
62395
62614
62396
62615
62397
62616
62398
62617
62399
62618
62400
62619
62401
62620
62402
62621
62403
62622
62404
62623
62405
62624
62406
62625
62407
62626
62408
62627
62409
62628
62410
62629
62411
62630
62412
62631
62413
62632
62414
62633
62415
62634
62416
62635
62417
62636
62418
62637
62419
62638
62420
62639
62421
62640
62422
62641
62423
62642
62424
62643
62425
62644
62426
62645
62427
62646
62428
62647
62429
62648
62430
62649
62431
62650
62432
62651
62433
62652
62434
62653
62435
62654
62436
62655
62437
62656
62438
62657
62439
62658
62440
62659
62441
62660
62442
62661
62443
62662
62444
62663
62445
62664
62446
62665
62447
62666
62448
62667
62449
62668
62450
62669
62451
62670
62452
62671
62453
62672
62454
62673
62455
62674
62456
62675
62457
62676
62458
62677
62459
62678
62679
62461
62680
62462
62681
62463
62682
62464
62683
62465
62684
62466
62685
62467
62686
62468
62687
62469
62688
62470
62689
62471
62690
62472
62691
62473
62692
62474
62693
62475
62694
62476
62695
62477
62696
62478
62697
62479
62698
62480
62699
62481
62700
62482
62701
62483
62702
62484
62703
62485
62704
62486
62705
62487
62706
62488
62707
62489
62708
62490
62709
62491
62710
62492
62711
62493
62712
62494
62713
62495
62714
62496
62715
62497
62716
62498
62717
62499
62718
62500
62719
62501
62720
62502
62721
62503
62722
62504
62723
62505
62724
62506
62725
62507
62726
62508
62727
62509
62728
62510
62729
62511
62730
62512
62731
62513
62732
62514
62733
62515
62734
62516
62735
62517
62736
62518
62737
62519
62738
62520
62739
62521
62740
62522
62741
62523
62742
62524
62743
62525
62744
62526
62745
62527
62746
62528
62747
62529
62748
62530
62749
62531
62750
62532
62751
62533
62752
62534
62753
62535
62754
62536
62755
62537
62756
62538
62757
62539
62758
62540
62759
62541
62760
62542
62761
62543
62762
62544
62763
62545
62764
62546
62765
62547
62766
62548
62767
62549
62768
62550
62769
62551
62770
62552
62771
62553
62772
62554
62773
62555
62774
62556
62775
62557
62776
62558
62777
62559
62778
62560
62779
62561
62780
62562
62781
62563
62782
62564
62783
62565
62784
62566
62785
62567
62786
62568
62787
62569
62788
62570
62789
62571
62790
62572
62791
62573
62792
62574
62793
62575
62794
62576
62795
62577
62796
62578
62797
62579
62798
62580
62799
62581
62800
62582
62801
62583
62802
62584
62803
62585
62804
62586
62805
62587
62806
62588
62807
62589
62808
62590
62809
62591
62810
62592
62811
62593
62812
62594
62813
62595
62814
62596
62815
62597
62816
62598
62817
62599
62818
62600
62819
62601
62820
62602
62821
62603
62822
62604
62823
62605
62824
62606
62825
62607
62826
62608
62827
62609
62828
62610
62829
62611
62830
62612
62831
62613
62832
62614
62833
62615
62834
62616
62835
62617
62836
62618
62837
62619
62838
62620
62839
62621
62840
62622
62841
62623
62842
62624
62843
62625
62844
62626
62845
62627
62846
62628
62847
62629
62848
62630
62849
62631
62850
62632
62851
62633
62852
62634
62853
62635
62854
62636
62855
62637
62856
62638
62857
62639
62858
62640
62859
62641
62860
62642
62861
62643
62862
62644
62863
62645
62864
62646
62865
62647
62866
62648
62867
62649
62868
62650
62869
62651
62870
62652
62871
62653
62872
62654
62873
62655
62874
62656
62875
62657
62876
62658
62877
62659
62878
62660
62879
62661
62880
62662
62881
62663
62882
62664
62883
62665
62884
62666
62885
62667
62886
62668
62887
62669
62888
62670
62889
62671
62890
62672
62891
62673
62892
62674
62893
62675
62894
62676
62895
62677
62896
62678
62897
62679
62898
62899
62681
62900
62682
62901
62683
62902
62684
62903
62685
62904
62686
62905
62687
62906
62688
62907
62689
62908
62690
62909
62691
62910
62692
62911
62693
62912
62694
62913
62695
62914
62696
62915
62697
62916
62698
62917
62699
62918
62700
62919
62701
62920
62702
62921
62703
62922
62704
62923
62705
62924
62706
62925
62707
62926
62708
62927
62709
62928
62710
62929
62711
62930
62712
62931
62713
62932
62714
62933
62715
62934
62716
62935
62717
62936
62718
62937
62719
62938
62720
62939
62721
62940
62722
62941
62723
62942
62724
62943
62725
62944
62726
62945
62727
62946
62728
62947
62729
62948
62730
62949
62731
62950
62732
62951
62733
62952
62734
62953
62735
62954
62736
62955
62737
62956
62738
62957
62739
62958
62740
62959
62741
62960
62742
62961
62743
62962
62744
62963
62745
62964
62746
62965
62747
62966
62748
62967
62749
62968
62750
62969
62751
62970
62752
62971
62753
62972
62754
62973
62755
62974
62756
62975
62757
62976
62758
62977
62759
62978
62760
62979
62761
62980
62762
62981
62763
62982
62764
62983
62765
62984
62766
62985
62767
62986
62768
62987
62769
62988
62770
62989
62771
62990
62772
62991
62773
62992
62774
62993
62775
62994
62776
62995
62777
62996
62778
62997
62779
62998
62780
62999
62781
63000
62782
63001
62783
63002
62784
63003
62785
63004
62786
63005
62787
63006
62788
63007
62789
63008
62790
63009
62791
63010
62792
63011
62793
63012
62794
63013
62795
63014
62796
63015
62797
63016
62798
63017
62799
63018
62800
63019
62801
63020
62802
63021
62803
63022
62804
63023
62805
63024
62806
63025
62807
63026
62808
63027
62809
63028
62810
63029
62811
63030
62812
63031
62813
63032
62814
63033
62815
63034
62816
63035
62817
63036
62818
63037
62819
63038
62820
63039
62821
63040
62822
63041
62823
63042
62824
63043
62825
63044
62826
63045
62827
63046
62828
63047
62829
63048
62830
63049
62831
63050
62832
63051
62833
63052
62834
63053
62835
63054
62836
63055
62837
63056
62838
63057
62839
63058
62840
63059
62841
63060
62842
63061
62843
63062
62844
63063
62845
63064
62846
63065
62847
63066
62848
63067
62849
63068
62850
63069
62851
63070
62852
63071
62853
63072
62854
63073
62855
63074
62856
63075
62857
63076
62858
63077
62859
63078
62860
63079
62861
63080
62862
63081
62863
63082
62864
63083
62865
63084
62866
63085
62867
63086
62868
63087
62869
63088
62870
63089
62871
63090
62872
63091
62873
63092
62874
63093
62875
63094
62876
63095
62877
63096
62878
63097
62879
63098
62880
63099
62881
63100
62882
63101
62883
63102
62884
63103
62885
63104
62886
63105
62887
63106
62888
63107
62889
63108
62890
63109
62891
63110
62892
63111
62893
63112
62894
63113
62895
63114
62896
63115
62897
63116
62898
63117
62899
63118
63119
62901
63120
62902
63121
62903
63122
62904
63123
62905
63124
62906
63125
62907
63126
62908
63127
62909
63128
62910
63129
62911
63130
62912
63131
62913
63132
62914
63133
62915
63134
62916
63135
62917
63136
62918
63137
62919
63138
62920
63139
62921
63140
62922
63141
62923
63142
62924
63143
62925
63144
62926
63145
62927
63146
62928
63147
62929
63148
62930
63149
62931
63150
62932
63151
62933
63152
62934
63153
62935
63154
62936
63155
62937
63156
62938
63157
62939
63158
62940
63159
62941
63160
62942
63161
62943
63162
62944
63163
62945
63164
62946
63165
62947
63166
62948
63167
62949
63168
62950
63169
62951
63170
62952
63171
62953
63172
62954
63173
62955
63174
62956
63175
62957
63176
62958
63177
62959
63178
62960
63179
62961
63180
62962
63181
62963
63182
62964
63183
62965
63184
62966
63185
62967
63186
62968
63187
62969
63188
62970
63189
62971
63190
62972
63191
62973
63192
62974
63193
62975
63194
62976
63195
62977
63196
62978
63197
62979
63198
62980
63199
62981
63200
62982
63201
62983
63202
62984
63203
62985
63204
62986
63205
62987
63206
62988
63207
62989
63208
62990
63209
62991
63210
62992
63211
62993
63212
62994
63213
62995
63214
62996
63215
62997
63216
62998
63217
62999
63218
63000
63219
63001
63220
63002
63221
63003
63222
63004
63223
63005
63224
63006
63225
63007
63226
63008
63227
63009
63228
63010
63229
63011
63230
63012
63231
63013
63232
63014
63233
63015
63234
63016
63235
63017
63236
63018
63237
63019
63238
63020
63239
63021
63240
63022
63241
63023
63242
63024
63243
63025
63244
63026
63245
63027
63246
63028
63247
63029
63248
63030
63249
63031
63250
63032
63251
63033
63252
63034
63253
63035
63254
63036
63255
63037
63256
63038
63257
63039
63258
63040
63259
63041
63260
63042
63261
63043
63262
63044
63263
63045
63264
63046
63265
63047
63266
63048
63267
63049
63268
63050
63269
63051
63270
63052
63271
63053
63272
63054
63273
63055
63274
63056
63275
63057
63276
63058
63277
63059
63278
63060
63279
63061
63280
63062
63281
63063
63282
63064
63283
63065
63284
63066
63285
63067
63286
63068
63287
63069
63288
63070
63289
63071
63290
63072
63291
63073
63292
63074
63293
63075
63294
63076
63295
63077
63296
63078
63297
63079
63298
63080
63299
63081
63300
63082
63301
63083
63302
63084
63303
63085
63304
63086
63305
63087
63306
63088
63307
63089
63308
63090
63309
63091
63310
63092
63311
63093
63312
63094
63313
63095
63314
63096
63315
63097
63316
63098
63317
63099
63318
63100
63319
63101
63320
63102
63321
63103
63322
63104
63323
63105
63324
63106
63325
63107
63326
63108
63327
63109
63328
63110
63329
63111
63330
63112
63331
63113
63332
63114
63333
63115
63334
63116
63335
63117
63336
63118
63337
63119
63338
63339
63121
63340
63122
63341
63123
63342
63124
63343
63125
63344
63126
63345
63127
63346
63128
63347
63129
63348
63130
63349
63131
63350
63132
63351
63133
63352
63134
63353
63135
63354
63136
63355
63137
63356
63138
63357
63139
63358
63140
63359
63141
63360
63142
63361
63143
63362
63144
63363
63145
63364
63146
63365
63147
63366
63148
63367
63149
63368
63150
63369
63151
63370
63152
63371
63153
63372
63154
63373
63155
63374
63156
63375
63157
63376
63158
63377
63159
63378
63160
63379
63161
63380
63162
63381
63163
63382
63164
63383
63165
63384
63166
63385
63167
63386
63168
63387
63169
63388
63170
63389
63171
63390
63172
63391
63173
63392
63174
63393
63175
63394
63176
63395
63177
63396
63178
63397
63179
63398
63180
63399
63181
63400
63182
63401
63183
63402
63184
63403
63185
63404
63186
63405
63187
63406
63188
63407
63189
63408
63190
63409
63191
63410
63192
63411
63193
63412
63194
63413
63195
63414
63196
63415
63197
63416
63198
63417
63199
63418
63200
63419
63201
63420
63202
63421
63203
63422
63204
63423
63205
63424
63206
63425
63207
63426
63208
63427
63209
63428
63210
63429
63211
63430
63212
63431
63213
63432
63214
63433
63215
63434
63216
63435
63217
63436
63218
63437
63219
63438
63220
63439
63221
63440
63222
63441
63223
63442
63224
63443
63225
63444
63226
63445
63227
63446
63228
63447
63229
63448
63230
63449
63231
63450
63232
63451
63233
63452
63234
63453
63235
63454
63236
63455
63237
63456
63238
63457
63239
63458
63240
63459
63241
63460
63242
63461
63243
63462
63244
63463
63245
63464
63246
63465
63247
63466
63248
63467
63249
63468
63250
63469
63251
63470
63252
63471
63253
63472
63254
63473
63255
63474
63256
63475
63257
63476
63258
63477
63259
63478
63260
63479
63261
63480
63262
63481
63263
63482
63264
63483
63265
63484
63266
63485
63267
63486
63268
63487
63269
63488
63270
63489
63271
63490
63272
63491
63273
63492
63274
63493
63275
63494
63276
63495
63277
63496
63278
63497
63279
63498
63280
63499
63281
63500
63282
63501
63283
63502
63284
63503
63285
63504
63286
63505
63287
63506
63288
63507
63289
63508
63290
63509
63291
63510
63292
63511
63293
63512
63294
63513
63295
63514
63296
63515
63297
63516
63298
63517
63299
63518
63300
63519
63301
63520
63302
63521
63303
63522
63304
63523
63305
63524
63306
63525
63307
63526
63308
63527
63309
63528
63310
63529
63311
63530
63312
63531
63313
63532
63314
63533
63315
63534
63316
63535
63317
63536
63318
63537
63319
63538
63320
63539
63321
63540
63322
63541
63323
63542
63324
63543
63325
63544
63326
63545
63327
63546
63328
63547
63329
63548
63330
63549
63331
63550
63332
63551
63333
63552
63334
63553
63335
63554
63336
63555
63337
63556
63338
63557
63339
63558
63559
63341
63560
63342
63561
63343
63562
63344
63563
63345
63564
63346
63565
63347
63566
63348
63567
63349
63568
63350
63569
63351
63570
63352
63571
63353
63572
63354
63573
63355
63574
63356
63575
63357
63576
63358
63577
63359
63578
63360
63579
63361
63580
63362
63581
63363
63582
63364
63583
63365
63584
63366
63585
63367
63586
63368
63587
63369
63588
63370
63589
63371
63590
63372
63591
63373
63592
63374
63593
63375
63594
63376
63595
63377
63596
63378
63597
63379
63598
63380
63599
63381
63600
63382
63601
63383
63602
63384
63603
63385
63604
63386
63605
63387
63606
63388
63607
63389
63608
63390
63609
63391
63610
63392
63611
63393
63612
63394
63613
63395
63614
63396
63615
63397
63616
63398
63617
63399
63618
63400
63619
63401
63620
63402
63621
63403
63622
63404
63623
63405
63624
63406
63625
63407
63626
63408
63627
63409
63628
63410
63629
63411
63630
63412
63631
63413
63632
63414
63633
63415
63634
63416
63635
63417
63636
63418
63637
63419
63638
63420
63639
63421
63640
63422
63641
63423
63642
63424
63643
63425
63644
63426
63645
63427
63646
63428
63647
63429
63648
63430
63649
63431
63650
63432
63651
63433
63652
63434
63653
63435
63654
63436
63655
63437
63656
63438
63657
63439
63658
63440
63659
63441
63660
63442
63661
63443
63662
63444
63663
63445
63664
63446
63665
63447
63666
63448
63667
63449
63668
63450
63669
63451
63670
63452
63671
63453
63672
63454
63673
63455
63674
63456
63675
63457
63676
63458
63677
63459
63678
63460
63679
63461
63680
63462
63681
63463
63682
63464
63683
63465
63684
63466
63685
63467
63686
63468
63687
63469
63688
63470
63689
63471
63690
63472
63691
63473
63692
63474
63693
63475
63694
63476
63695
63477
63696
63478
63697
63479
63698
63480
63699
63481
63700
63482
63701
63483
63702
63484
63703
63485
63704
63486
63705
63487
63706
63488
63707
63489
63708
63490
63709
63491
63710
63492
63711
63493
63712
63494
63713
63495
63714
63496
63715
63497
63716
63498
63717
63499
63718
63500
63719
63501
63720
63502
63721
63503
63722
63504
63723
63505
63724
63506
63725
63507
63726
63508
63727
63509
63728
63510
63729
63511
63730
63512
63731
63513
63732
63514
63733
63515
63734
63516
63735
63517
63736
63518
63737
63519
63738
63520
63739
63521
63740
63522
63741
63523
63742
63524
63743
63525
63744
63526
63745
63527
63746
63528
63747
63529
63748
63530
63749
63531
63750
63532
63751
63533
63752
63534
63753
63535
63754
63536
63755
63537
63756
63538
63757
63539
63758
63540
63759
63541
63760
63542
63761
63543
63762
63544
63763
63545
63764
63546
63765
63547
63766
63548
63767
63549
63768
63550
63769
63551
63770
63552
63771
63553
63772
63554
63773
63555
63774
63556
63775
63557
63776
63558
63777
63559
63778
63779
63561
63780
63562
63781
63563
63782
63564
63783
63565
63784
63566
63785
63567
63786
63568
63787
63569
63788
63570
63789
63571
63790
63572
63791
63573
63792
63574
63793
63575
63794
63576
63795
63577
63796
63578
63797
63579
63798
63580
63799
63581
63800
63582
63801
63583
63802
63584
63803
63585
63804
63586
63805
63587
63806
63588
63807
63589
63808
63590
63809
63591
63810
63592
63811
63593
63812
63594
63813
63595
63814
63596
63815
63597
63816
63598
63817
63599
63818
63600
63819
63601
63820
63602
63821
63603
63822
63604
63823
63605
63824
63606
63825
63607
63826
63608
63827
63609
63828
63610
63829
63611
63830
63612
63831
63613
63832
63614
63833
63615
63834
63616
63835
63617
63836
63618
63837
63619
63838
63620
63839
63621
63840
63622
63841
63623
63842
63624
63843
63625
63844
63626
63845
63627
63846
63628
63847
63629
63848
63630
63849
63631
63850
63632
63851
63633
63852
63634
63853
63635
63854
63636
63855
63637
63856
63638
63857
63639
63858
63640
63859
63641
63860
63642
63861
63643
63862
63644
63863
63645
63864
63646
63865
63647
63866
63648
63867
63649
63868
63650
63869
63651
63870
63652
63871
63653
63872
63654
63873
63655
63874
63656
63875
63657
63876
63658
63877
63659
63878
63660
63879
63661
63880
63662
63881
63663
63882
63664
63883
63665
63884
63666
63885
63667
63886
63668
63887
63669
63888
63670
63889
63671
63890
63672
63891
63673
63892
63674
63893
63675
63894
63676
63895
63677
63896
63678
63897
63679
63898
63680
63899
63681
63900
63682
63901
63683
63902
63684
63903
63685
63904
63686
63905
63687
63906
63688
63907
63689
63908
63690
63909
63691
63910
63692
63911
63693
63912
63694
63913
63695
63914
63696
63915
63697
63916
63698
63917
63699
63918
63700
63919
63701
63920
63702
63921
63703
63922
63704
63923
63705
63924
63706
63925
63707
63926
63708
63927
63709
63928
63710
63929
63711
63930
63712
63931
63713
63932
63714
63933
63715
63934
63716
63935
63717
63936
63718
63937
63719
63938
63720
63939
63721
63940
63722
63941
63723
63942
63724
63943
63725
63944
63726
63945
63727
63946
63728
63947
63729
63948
63730
63949
63731
63950
63732
63951
63733
63952
63734
63953
63735
63954
63736
63955
63737
63956
63738
63957
63739
63958
63740
63959
63741
63960
63742
63961
63743
63962
63744
63963
63745
63964
63746
63965
63747
63966
63748
63967
63749
63968
63750
63969
63751
63970
63752
63971
63753
63972
63754
63973
63755
63974
63756
63975
63757
63976
63758
63977
63759
63978
63760
63979
63761
63980
63762
63981
63763
63982
63764
63983
63765
63984
63766
63985
63767
63986
63768
63987
63769
63988
63770
63989
63771
63990
63772
63991
63773
63992
63774
63993
63775
63994
63776
63995
63777
63996
63778
63997
63779
63998
63999
63781
63782
63783
63784
63785
63786
63787
63788
63789
63790
63791
63792
63793
63794
63795
63796
63797
63798
63799
63800
63801
63802
63803
63804
63805
63806
63807
63808
63809
63810
63811
63812
63813
63814
63815
63816
63817
63818
63819
63820
63821
63822
63823
63824
63825
63826
63827
63828
63829
63830
63831
63832
63833
63834
63835
63836
63837
63838
63839
63840
63841
63842
63843
63844
63845
63846
63847
63848
63849
63850
63851
63852
63853
63854
63855
63856
63857
63858
63859
63860
63861
63862
63863
63864
63865
63866
63867
63868
63869
63870
63871
63872
63873
63874
63875
63876
63877
63878
63879
63880
63881
63882
63883
63884
63885
63886
63887
63888
63889
63890
63891
63892
63893
63894
63895
63896
63897
63898
63899
63900
63901
63902
63903
63904
63905
63906
63907
63908
63909
63910
63911
63912
63913
63914
63915
63916
63917
63918
63919
63920
63921
63922
63923
63924
63925
63926
63927
63928
63929
63930
63931
63932
63933
63934
63935
63936
63937
63938
63939
63940
63941
63942
63943
63944
63945
63946
63947
63948
63949
63950
63951
63952
63953
63954
63955
63956
63957
63958
63959
63960
63961
63962
63963
63964
63965
63966
63967
63968
63969
63970
63971
63972
63973
63974
63975
63976
63977
63978
63979
63980
63981
63982
63983
63984
63985
63986
63987
63988
63989
63990
63991
63992
63993
63994
63995
63996
63997
63998
63999
)


// ************************************************************************* //
